assignment,c_over_a,seed,median_rho,method,ARI,NMI,aligned_accuracy,threshold
per_group,0.25,11,4.94881876926036,LR-DSR (form declared),0.09899749373433583,0.274017542121281,0.6666666666666666,
per_group,0.25,11,4.94881876926036,K-means in mechanism space,0.201822360047102,0.2689552147494539,0.7263888888888889,
per_group,0.25,11,4.94881876926036,K-means,-0.05225067763529186,0.14023886952980213,0.5013888888888889,
per_group,0.25,11,4.94881876926036,Fuzzy c-means,-0.028462161364877857,0.1753965978663522,0.5486111111111112,
per_group,0.25,11,4.94881876926036,GMM (full cov),0.3291763303169484,0.4099085189509837,0.7875,
per_group,0.25,11,4.94881876926036,Bayesian GMM (full cov),0.3068447872193913,0.396862275334737,0.7777777777777778,
per_group,0.25,11,4.94881876926036,Birch,-0.0527086383601757,0.1392196236683779,0.5,
per_group,0.25,11,4.94881876926036,Spectral (RBF kernel),-0.0527086383601757,0.1392196236683779,0.5,
per_group,0.25,11,4.94881876926036,Ward agglomerative,-0.0527086383601757,0.1392196236683779,0.5,
per_group,0.25,11,4.94881876926036,best threshold on s,1.0,1.0,1.0,2.0
per_group,0.25,42,5.003273003115234,LR-DSR (form declared),0.41516186757768014,0.4038581928935024,0.8333333333333334,
per_group,0.25,42,5.003273003115234,K-means in mechanism space,0.08213169745003099,0.11933030795816076,0.6444444444444445,
per_group,0.25,42,5.003273003115234,K-means,-0.053615606463510976,0.13860870679730397,0.5013888888888889,
per_group,0.25,42,5.003273003115234,Fuzzy c-means,-0.09249846592036319,0.1073367456101481,0.5777777777777777,
per_group,0.25,42,5.003273003115234,GMM (full cov),0.027323595498823853,0.18671014156982085,0.5958333333333333,
per_group,0.25,42,5.003273003115234,Bayesian GMM (full cov),0.021713503410505732,0.18361246129278633,0.5902777777777778,
per_group,0.25,42,5.003273003115234,Birch,-0.10828516377649326,0.07448308596203672,0.6666666666666666,
per_group,0.25,42,5.003273003115234,Spectral (RBF kernel),-0.10828516377649326,0.07448308596203672,0.6666666666666666,
per_group,0.25,42,5.003273003115234,Ward agglomerative,-0.0527086383601757,0.1392196236683779,0.5,
per_group,0.25,42,5.003273003115234,best threshold on s,0.41516186757768014,0.4038581928935024,0.8333333333333334,2.0
per_group,0.5,11,19.79527507704144,LR-DSR (form declared),0.09899749373433583,0.274017542121281,0.6666666666666666,
per_group,0.5,11,19.79527507704144,K-means in mechanism space,-0.052185723388568646,0.11634648896629138,0.5041666666666667,
per_group,0.5,11,19.79527507704144,K-means,0.09694119917296555,0.27271451269540503,0.6652777777777777,
per_group,0.5,11,19.79527507704144,Fuzzy c-means,-0.011823781378122754,0.1925013456927703,0.5708333333333333,
per_group,0.5,11,19.79527507704144,GMM (full cov),0.3324222887706129,0.41181162884635325,0.7888888888888889,
per_group,0.5,11,19.79527507704144,Bayesian GMM (full cov),0.3131556934009017,0.40054155901358474,0.7805555555555556,
per_group,0.5,11,19.79527507704144,Birch,-0.0527086383601757,0.1392196236683779,0.5,
per_group,0.5,11,19.79527507704144,Spectral (RBF kernel),-0.0527086383601757,0.1392196236683779,0.5,
per_group,0.5,11,19.79527507704144,Ward agglomerative,0.09899749373433583,0.274017542121281,0.6666666666666666,
per_group,0.5,11,19.79527507704144,best threshold on s,1.0,1.0,1.0,2.0
per_group,0.5,23,19.685928562399297,LR-DSR (form declared),0.40841134324778894,0.3996354923966973,0.8305555555555556,
per_group,0.5,23,19.685928562399297,K-means in mechanism space,-0.0527086383601757,0.1392196236683779,0.5,
per_group,0.5,23,19.685928562399297,K-means,-0.10834189176994048,0.07548917368601062,0.6638888888888889,
per_group,0.5,23,19.685928562399297,Fuzzy c-means,-0.10827839210632992,0.07850754212015396,0.6555555555555556,
per_group,0.5,23,19.685928562399297,GMM (full cov),-0.1083184654004542,0.07498615122412543,0.6652777777777777,
per_group,0.5,23,19.685928562399297,Bayesian GMM (full cov),0.06426528145597533,0.13740319370743204,0.6277777777777778,
per_group,0.5,23,19.685928562399297,Birch,-0.10834189176994048,0.07548917368601062,0.6638888888888889,
per_group,0.5,23,19.685928562399297,Spectral (RBF kernel),-0.10828516377649326,0.07448308596203672,0.6666666666666666,
per_group,0.5,23,19.685928562399297,Ward agglomerative,-0.10828516377649326,0.07448308596203672,0.6666666666666666,
per_group,0.5,23,19.685928562399297,best threshold on s,0.11042375502629137,0.23135989198307733,0.6666666666666666,4.0
per_group,0.5,42,20.013092012460937,LR-DSR (form declared),0.41516186757768014,0.4038581928935024,0.8333333333333334,
per_group,0.5,42,20.013092012460937,K-means in mechanism space,0.11042375502629137,0.23135989198307733,0.6666666666666666,
per_group,0.5,42,20.013092012460937,K-means,-0.053615606463510976,0.13860870679730397,0.5013888888888889,
per_group,0.5,42,20.013092012460937,Fuzzy c-means,-0.07683203988228024,0.12160591776208873,0.5416666666666666,
per_group,0.5,42,20.013092012460937,GMM (full cov),0.0175876550203285,0.18132190820476302,0.5861111111111111,
per_group,0.5,42,20.013092012460937,Bayesian GMM (full cov),0.016227832966146584,0.18056448583372572,0.5847222222222223,
per_group,0.5,42,20.013092012460937,Birch,-0.10828516377649326,0.07448308596203672,0.6666666666666666,
per_group,0.5,42,20.013092012460937,Spectral (RBF kernel),-0.10828516377649326,0.07448308596203672,0.6666666666666666,
per_group,0.5,42,20.013092012460937,Ward agglomerative,-0.0527086383601757,0.1392196236683779,0.5,
per_group,0.5,42,20.013092012460937,best threshold on s,0.41516186757768014,0.4038581928935024,0.8333333333333334,2.0
per_group,1.0,11,79.18110030816575,LR-DSR (form declared),0.44375676930218166,0.4787039713856814,0.8333333333333334,
per_group,1.0,11,79.18110030816575,K-means in mechanism space,0.10858279818016113,0.22958760063895964,0.6652777777777777,
per_group,1.0,11,79.18110030816575,K-means,0.44375676930218166,0.4787039713856814,0.8333333333333334,
per_group,1.0,11,79.18110030816575,Fuzzy c-means,0.3235005061678887,0.3961591100978577,0.7847222222222222,
per_group,1.0,11,79.18110030816575,GMM (full cov),0.10987310430207366,0.08170416594551018,0.6666666666666666,
per_group,1.0,11,79.18110030816575,Bayesian GMM (full cov),0.10987310430207366,0.08170416594551018,0.6666666666666666,
per_group,1.0,11,79.18110030816575,Birch,0.11042375502629137,0.23135989198307733,0.6666666666666666,
per_group,1.0,11,79.18110030816575,Spectral (RBF kernel),0.11042375502629137,0.23135989198307733,0.6666666666666666,
per_group,1.0,11,79.18110030816575,Ward agglomerative,0.44375676930218166,0.4787039713856814,0.8333333333333334,
per_group,1.0,11,79.18110030816575,best threshold on s,0.44375676930218166,0.4787039713856814,0.8333333333333334,2.0
per_group,1.0,23,78.74371424959719,LR-DSR (form declared),1.0,1.0,1.0,
per_group,1.0,23,78.74371424959719,K-means in mechanism space,0.44375676930218166,0.4787039713856814,0.8333333333333334,
per_group,1.0,23,78.74371424959719,K-means,-0.05177875229912696,0.14125857950165283,0.5027777777777778,
per_group,1.0,23,78.74371424959719,Fuzzy c-means,-0.04975170798376173,0.14534279011771725,0.5083333333333333,
per_group,1.0,23,78.74371424959719,GMM (full cov),-0.0527086383601757,0.1392196236683779,0.5,
per_group,1.0,23,78.74371424959719,Bayesian GMM (full cov),0.041901973057039105,0.08330461560526647,0.6097222222222223,
per_group,1.0,23,78.74371424959719,Birch,-0.0527086383601757,0.1392196236683779,0.5,
per_group,1.0,23,78.74371424959719,Spectral (RBF kernel),-0.0527086383601757,0.1392196236683779,0.5,
per_group,1.0,23,78.74371424959719,Ward agglomerative,-0.0527086383601757,0.1392196236683779,0.5,
per_group,1.0,23,78.74371424959719,best threshold on s,0.09899749373433583,0.274017542121281,0.6666666666666666,2.0
per_group,1.0,42,80.05236804984375,LR-DSR (form declared),0.4050626338624565,0.39755002213217416,0.8291666666666667,
per_group,1.0,42,80.05236804984375,K-means in mechanism space,0.41516186757768014,0.4038581928935024,0.8333333333333334,
per_group,1.0,42,80.05236804984375,K-means,-0.053615606463510976,0.13860870679730397,0.5013888888888889,
per_group,1.0,42,80.05236804984375,Fuzzy c-means,-0.05629402335383879,0.13678661061652791,0.5055555555555555,
per_group,1.0,42,80.05236804984375,GMM (full cov),0.0017739463643384348,0.17242598205718887,0.5694444444444444,
per_group,1.0,42,80.05236804984375,Bayesian GMM (full cov),0.0017739463643384348,0.17242598205718887,0.5694444444444444,
per_group,1.0,42,80.05236804984375,Birch,-0.10828516377649326,0.07448308596203672,0.6666666666666666,
per_group,1.0,42,80.05236804984375,Spectral (RBF kernel),-0.10828516377649326,0.07448308596203672,0.6666666666666666,
per_group,1.0,42,80.05236804984375,Ward agglomerative,-0.0527086383601757,0.1392196236683779,0.5,
per_group,1.0,42,80.05236804984375,best threshold on s,0.41516186757768014,0.4038581928935024,0.8333333333333334,2.0
per_group,2.0,11,316.724401232663,LR-DSR (form declared),1.0,1.0,1.0,
per_group,2.0,11,316.724401232663,K-means in mechanism space,0.41516186757768014,0.4038581928935024,0.8333333333333334,
per_group,2.0,11,316.724401232663,K-means,0.09899749373433583,0.0480350842425623,0.6666666666666666,
per_group,2.0,11,316.724401232663,Fuzzy c-means,0.10069615394905489,0.04896233390390999,0.6680555555555555,
per_group,2.0,11,316.724401232663,GMM (full cov),-0.001237815256073031,8.34966757198286e-16,0.5,
per_group,2.0,11,316.724401232663,Bayesian GMM (full cov),-0.001237815256073031,8.34966757198286e-16,0.5,
per_group,2.0,11,316.724401232663,Birch,0.41516186757768014,0.4038581928935024,0.8333333333333334,
per_group,2.0,11,316.724401232663,Spectral (RBF kernel),0.4068862275584515,0.39731108435223594,0.8305555555555556,
per_group,2.0,11,316.724401232663,Ward agglomerative,0.41516186757768014,0.4038581928935024,0.8333333333333334,
per_group,2.0,11,316.724401232663,best threshold on s,0.41516186757768014,0.4038581928935024,0.8333333333333334,16.0
per_group,2.0,23,314.97485699838876,LR-DSR (form declared),1.0,1.0,1.0,
per_group,2.0,23,314.97485699838876,K-means in mechanism space,1.0,1.0,1.0,
per_group,2.0,23,314.97485699838876,K-means,-0.05225067763529186,0.14023886952980213,0.5013888888888889,
per_group,2.0,23,314.97485699838876,Fuzzy c-means,-0.051292877639902104,0.14227879029121712,0.5041666666666667,
per_group,2.0,23,314.97485699838876,GMM (full cov),-0.0527086383601757,0.1392196236683779,0.5,
per_group,2.0,23,314.97485699838876,Bayesian GMM (full cov),0.09899749373433583,0.274017542121281,0.6666666666666666,
per_group,2.0,23,314.97485699838876,Birch,-0.0527086383601757,0.1392196236683779,0.5,
per_group,2.0,23,314.97485699838876,Spectral (RBF kernel),-0.0527086383601757,0.1392196236683779,0.5,
per_group,2.0,23,314.97485699838876,Ward agglomerative,-0.0527086383601757,0.1392196236683779,0.5,
per_group,2.0,23,314.97485699838876,best threshold on s,0.09899749373433583,0.274017542121281,0.6666666666666666,2.0
per_group,2.0,42,320.209472199375,LR-DSR (form declared),1.0,1.0,1.0,
per_group,2.0,42,320.209472199375,K-means in mechanism space,1.0,1.0,1.0,
per_group,2.0,42,320.209472199375,K-means,0.09899749373433583,0.0480350842425623,0.6666666666666666,
per_group,2.0,42,320.209472199375,Fuzzy c-means,0.09694119917296555,0.04656935706488103,0.6652777777777777,
per_group,2.0,42,320.209472199375,GMM (full cov),0.07561241334607566,0.03605108842806834,0.6458333333333334,
per_group,2.0,42,320.209472199375,Bayesian GMM (full cov),0.07561241334607566,0.03605108842806834,0.6458333333333334,
per_group,2.0,42,320.209472199375,Birch,-0.0527086383601757,0.1392196236683779,0.5,
per_group,2.0,42,320.209472199375,Spectral (RBF kernel),0.09899749373433583,0.0480350842425623,0.6666666666666666,
per_group,2.0,42,320.209472199375,Ward agglomerative,0.09899749373433583,0.0480350842425623,0.6666666666666666,
per_group,2.0,42,320.209472199375,best threshold on s,0.09899749373433583,0.0480350842425623,0.6666666666666666,2.0
per_group,4.0,11,1266.897604930652,LR-DSR (form declared),1.0,1.0,1.0,
per_group,4.0,11,1266.897604930652,K-means in mechanism space,0.41516186757768014,0.4038581928935024,0.8333333333333334,
per_group,4.0,11,1266.897604930652,K-means,0.09731362500702975,0.047120162526982534,0.6652777777777777,
per_group,4.0,11,1266.897604930652,Fuzzy c-means,0.09235059069492672,0.04444785956914429,0.6611111111111111,
per_group,4.0,11,1266.897604930652,GMM (full cov),0.01598799177772729,0.007420987155556966,0.5694444444444444,
per_group,4.0,11,1266.897604930652,Bayesian GMM (full cov),0.012709452897769792,0.005984779157378119,0.5625,
per_group,4.0,11,1266.897604930652,Birch,0.3575534182865873,0.28558601296128966,0.8111111111111111,
per_group,4.0,11,1266.897604930652,Spectral (RBF kernel),0.10069615394905489,0.04896233390390999,0.6680555555555555,
per_group,4.0,11,1266.897604930652,Ward agglomerative,-0.0012309395495322135,2.9015353844774904e-06,0.5013888888888889,
per_group,4.0,11,1266.897604930652,best threshold on s,0.41516186757768014,0.4038581928935024,0.8333333333333334,16.0
per_group,4.0,23,1259.899427993555,LR-DSR (form declared),1.0,1.0,1.0,
per_group,4.0,23,1259.899427993555,K-means in mechanism space,1.0,1.0,1.0,
per_group,4.0,23,1259.899427993555,K-means,-0.0527086383601757,0.1392196236683779,0.5,
per_group,4.0,23,1259.899427993555,Fuzzy c-means,0.02882389277077046,0.0554964854770467,0.5916666666666667,
per_group,4.0,23,1259.899427993555,GMM (full cov),0.09899749373433583,0.274017542121281,0.6666666666666666,
per_group,4.0,23,1259.899427993555,Bayesian GMM (full cov),0.09899749373433583,0.274017542121281,0.6666666666666666,
per_group,4.0,23,1259.899427993555,Birch,-0.0527086383601757,0.1392196236683779,0.5,
per_group,4.0,23,1259.899427993555,Spectral (RBF kernel),-0.0527086383601757,0.1392196236683779,0.5,
per_group,4.0,23,1259.899427993555,Ward agglomerative,-0.0527086383601757,0.1392196236683779,0.5,
per_group,4.0,23,1259.899427993555,best threshold on s,0.09899749373433583,0.274017542121281,0.6666666666666666,2.0
per_group,4.0,42,1280.8378887975,LR-DSR (form declared),1.0,1.0,1.0,
per_group,4.0,42,1280.8378887975,K-means in mechanism space,1.0,1.0,1.0,
per_group,4.0,42,1280.8378887975,K-means,0.09899749373433583,0.0480350842425623,0.6666666666666666,
per_group,4.0,42,1280.8378887975,Fuzzy c-means,0.09899749373433583,0.0480350842425623,0.6666666666666666,
per_group,4.0,42,1280.8378887975,GMM (full cov),0.10106703122153807,0.04952163622360408,0.6680555555555555,
per_group,4.0,42,1280.8378887975,Bayesian GMM (full cov),0.10106703122153807,0.04952163622360408,0.6680555555555555,
per_group,4.0,42,1280.8378887975,Birch,0.09899749373433583,0.0480350842425623,0.6666666666666666,
per_group,4.0,42,1280.8378887975,Spectral (RBF kernel),0.09899749373433583,0.0480350842425623,0.6666666666666666,
per_group,4.0,42,1280.8378887975,Ward agglomerative,0.09899749373433583,0.0480350842425623,0.6666666666666666,
per_group,4.0,42,1280.8378887975,best threshold on s,0.09899749373433583,0.0480350842425623,0.6666666666666666,2.0
per_window,0.25,11,4.975333674178016,LR-DSR (form declared),0.05635211029080353,0.20633556906161127,0.6236111111111111,
per_window,0.25,11,4.975333674178016,K-means in mechanism space,0.13965595555433527,0.250778112566932,0.6875,
per_window,0.25,11,4.975333674178016,K-means,-0.10838390620370375,0.07752091390996924,0.6583333333333333,
per_window,0.25,11,4.975333674178016,Fuzzy c-means,-0.10554406823709231,0.09168692090285288,0.6208333333333333,
per_window,0.25,11,4.975333674178016,GMM (full cov),0.0973792344104227,0.2282983921863191,0.6569444444444444,
per_window,0.25,11,4.975333674178016,Bayesian GMM (full cov),0.08313404692172957,0.2207056752363537,0.6458333333333334,
per_window,0.25,11,4.975333674178016,Birch,-0.10835351991641679,0.07699818825858529,0.6597222222222222,
per_window,0.25,11,4.975333674178016,Spectral (RBF kernel),-0.10835351991641679,0.07699818825858529,0.6597222222222222,
per_window,0.25,11,4.975333674178016,Ward agglomerative,-0.10835351991641679,0.07699818825858529,0.6597222222222222,
per_window,0.25,11,4.975333674178016,best threshold on s,0.43605490932385843,0.4203818462686815,0.8402777777777778,2.0
per_window,0.25,23,4.933138253459285,LR-DSR (form declared),0.11413824326204319,0.23253956295518247,0.6694444444444444,
per_window,0.25,23,4.933138253459285,K-means in mechanism space,0.11413824326204319,0.23253956295518247,0.6694444444444444,
per_window,0.25,23,4.933138253459285,K-means,-0.10824192534766941,0.07397995712873966,0.6680555555555555,
per_window,0.25,23,4.933138253459285,Fuzzy c-means,-0.10774304317224699,0.08147132105278472,0.6472222222222223,
per_window,0.25,23,4.933138253459285,GMM (full cov),0.04969644024883314,0.19812165221036157,0.6166666666666667,
per_window,0.25,23,4.933138253459285,Bayesian GMM (full cov),0.04513230874510257,0.19565147136561917,0.6125,
per_window,0.25,23,4.933138253459285,Birch,-0.10824192534766941,0.07397995712873966,0.6680555555555555,
per_window,0.25,23,4.933138253459285,Spectral (RBF kernel),-0.10824192534766941,0.07397995712873966,0.6680555555555555,
per_window,0.25,23,4.933138253459285,Ward agglomerative,-0.10824192534766941,0.07397995712873966,0.6680555555555555,
per_window,0.25,23,4.933138253459285,best threshold on s,0.4110182279707882,0.40058039371519893,0.8319444444444445,2.0
per_window,0.25,42,4.963037380476294,LR-DSR (form declared),0.12334719057332745,0.23419702757659483,0.6763888888888889,
per_window,0.25,42,4.963037380476294,K-means in mechanism space,0.12334719057332745,0.23419702757659483,0.6763888888888889,
per_window,0.25,42,4.963037380476294,K-means,-0.1080031765680178,0.07244983203414987,0.6722222222222223,
per_window,0.25,42,4.963037380476294,Fuzzy c-means,-0.1050674435442341,0.0865224985012103,0.6319444444444444,
per_window,0.25,42,4.963037380476294,GMM (full cov),0.03574978248622242,0.1873456790018261,0.6027777777777777,
per_window,0.25,42,4.963037380476294,Bayesian GMM (full cov),0.030076608833162693,0.18424811884986084,0.5972222222222222,
per_window,0.25,42,4.963037380476294,Birch,-0.10796833662498222,0.07196638143074915,0.6736111111111112,
per_window,0.25,42,4.963037380476294,Spectral (RBF kernel),-0.10796833662498222,0.07196638143074915,0.6736111111111112,
per_window,0.25,42,4.963037380476294,Ward agglomerative,-0.10796833662498222,0.07196638143074915,0.6736111111111112,
per_window,0.25,42,4.963037380476294,best threshold on s,0.39455999121428786,0.3875520395327698,0.8263888888888888,2.0
per_window,0.5,11,19.901334696712063,LR-DSR (form declared),0.31087227409584367,0.38322926139788577,0.7791666666666667,
per_window,0.5,11,19.901334696712063,K-means in mechanism space,0.31087227409584367,0.38322926139788577,0.7791666666666667,
per_window,0.5,11,19.901334696712063,K-means,-0.08862159999027414,0.11189628469684525,0.5666666666666667,
per_window,0.5,11,19.901334696712063,Fuzzy c-means,-0.08037519411928996,0.1326646807675966,0.5305555555555556,
per_window,0.5,11,19.901334696712063,GMM (full cov),0.17664182889499605,0.24853734452099988,0.7111111111111111,
per_window,0.5,11,19.901334696712063,Bayesian GMM (full cov),0.1670817731017031,0.2432522846889752,0.7055555555555556,
per_window,0.5,11,19.901334696712063,Birch,-0.08877011455350042,0.11110312174824993,0.5680555555555555,
per_window,0.5,11,19.901334696712063,Spectral (RBF kernel),-0.08877011455350042,0.11110312174824993,0.5680555555555555,
per_window,0.5,11,19.901334696712063,Ward agglomerative,-0.08877011455350042,0.11110312174824993,0.5680555555555555,
per_window,0.5,11,19.901334696712063,best threshold on s,0.28070926036416677,0.36624137828996567,0.7652777777777777,4.0
per_window,0.5,23,19.73255301383714,LR-DSR (form declared),0.26044763675438554,0.3503970780653447,0.7555555555555555,
per_window,0.5,23,19.73255301383714,K-means in mechanism space,0.26044763675438554,0.3503970780653447,0.7555555555555555,
per_window,0.5,23,19.73255301383714,K-means,-0.09387961681472086,0.10648779817760365,0.5805555555555556,
per_window,0.5,23,19.73255301383714,Fuzzy c-means,-0.09084618702910856,0.1177740163939117,0.5597222222222222,
per_window,0.5,23,19.73255301383714,GMM (full cov),0.11818476926336346,0.22916036748963903,0.675,
per_window,0.5,23,19.73255301383714,Bayesian GMM (full cov),0.11608497183509311,0.22799465696498927,0.6736111111111112,
per_window,0.5,23,19.73255301383714,Birch,-0.09398363873676803,0.10573752577345652,0.5819444444444445,
per_window,0.5,23,19.73255301383714,Spectral (RBF kernel),-0.09398363873676803,0.10573752577345652,0.5819444444444445,
per_window,0.5,23,19.73255301383714,Ward agglomerative,-0.09398363873676803,0.10573752577345652,0.5819444444444445,
per_window,0.5,23,19.73255301383714,best threshold on s,0.2520023641658259,0.3457270612377598,0.7513888888888889,4.0
per_window,0.5,42,19.852149521905176,LR-DSR (form declared),0.26311335875403946,0.34789106339159803,0.7569444444444444,
per_window,0.5,42,19.852149521905176,K-means in mechanism space,0.26311335875403946,0.34789106339159803,0.7569444444444444,
per_window,0.5,42,19.852149521905176,K-means,-0.09753537730138244,0.1022296018272062,0.5916666666666667,
per_window,0.5,42,19.852149521905176,Fuzzy c-means,-0.08896736582468917,0.1253552143281269,0.5472222222222223,
per_window,0.5,42,19.852149521905176,GMM (full cov),0.11789926690539962,0.2563776205335623,0.675,
per_window,0.5,42,19.852149521905176,Bayesian GMM (full cov),0.11158835491236008,0.25291356030794265,0.6708333333333333,
per_window,0.5,42,19.852149521905176,Birch,-0.09760834349568336,0.10151302758138772,0.5930555555555556,
per_window,0.5,42,19.852149521905176,Spectral (RBF kernel),-0.09760834349568336,0.10151302758138772,0.5930555555555556,
per_window,0.5,42,19.852149521905176,Ward agglomerative,-0.09760834349568336,0.10151302758138772,0.5930555555555556,
per_window,0.5,42,19.852149521905176,best threshold on s,0.23015182585372737,0.32976574240726103,0.7402777777777778,4.0
per_window,1.0,11,79.60533878684825,LR-DSR (form declared),0.5050217993645214,0.5189514360740443,0.8555555555555555,
per_window,1.0,11,79.60533878684825,K-means in mechanism space,0.5050217993645214,0.5189514360740443,0.8555555555555555,
per_window,1.0,11,79.60533878684825,K-means,-0.04444583386661415,0.148174870272475,0.5152777777777777,
per_window,1.0,11,79.60533878684825,Fuzzy c-means,-0.03026318943572621,0.1693885620367709,0.5430555555555555,
per_window,1.0,11,79.60533878684825,GMM (full cov),0.07749937010875205,0.09583555727830911,0.6416666666666667,
per_window,1.0,11,79.60533878684825,Bayesian GMM (full cov),0.07585957880840337,0.09482442463849096,0.6402777777777777,
per_window,1.0,11,79.60533878684825,Birch,-0.04711802693464539,0.14292354939230098,0.5083333333333333,
per_window,1.0,11,79.60533878684825,Spectral (RBF kernel),-0.04711802693464539,0.14292354939230098,0.5083333333333333,
per_window,1.0,11,79.60533878684825,Ward agglomerative,-0.04711802693464539,0.14292354939230098,0.5083333333333333,
per_window,1.0,11,79.60533878684825,best threshold on s,0.14164194114881906,0.12393900460974325,0.6888888888888889,4.0
per_window,1.0,23,78.93021205534856,LR-DSR (form declared),0.4624846322025824,0.4908756447038504,0.8402777777777778,
per_window,1.0,23,78.93021205534856,K-means in mechanism space,0.4624846322025824,0.4908756447038504,0.8402777777777778,
per_window,1.0,23,78.93021205534856,K-means,-0.04889420362728477,0.14456653403400238,0.5083333333333333,
per_window,1.0,23,78.93021205534856,Fuzzy c-means,-0.03485770113824933,0.1664011843478342,0.5375,
per_window,1.0,23,78.93021205534856,GMM (full cov),0.06425702672747834,0.09310445014162567,0.6305555555555555,
per_window,1.0,23,78.93021205534856,Bayesian GMM (full cov),0.06425702672747834,0.09310445014162567,0.6305555555555555,
per_window,1.0,23,78.93021205534856,Birch,-0.05087345194993621,0.14044688133586303,0.5027777777777778,
per_window,1.0,23,78.93021205534856,Spectral (RBF kernel),-0.05087345194993621,0.14044688133586303,0.5027777777777778,
per_window,1.0,23,78.93021205534856,Ward agglomerative,-0.05087345194993621,0.14044688133586303,0.5027777777777778,
per_window,1.0,23,78.93021205534856,best threshold on s,0.11000627893595996,0.09665926180905088,0.6666666666666666,4.0
per_window,1.0,42,79.4085980876207,LR-DSR (form declared),0.45488715805230806,0.48314031763059134,0.8375,
per_window,1.0,42,79.4085980876207,K-means in mechanism space,0.45488715805230806,0.48314031763059134,0.8375,
per_window,1.0,42,79.4085980876207,K-means,-0.04531014219458039,0.160359762759723,0.525,
per_window,1.0,42,79.4085980876207,Fuzzy c-means,-0.03444749313457547,0.17344038949501442,0.5430555555555555,
per_window,1.0,42,79.4085980876207,GMM (full cov),0.05920696838161593,0.09650932501915338,0.6263888888888889,
per_window,1.0,42,79.4085980876207,Bayesian GMM (full cov),0.060740028490424446,0.09746895226002847,0.6277777777777778,
per_window,1.0,42,79.4085980876207,Birch,-0.06061644141020559,0.1337843440079001,0.5125,
per_window,1.0,42,79.4085980876207,Spectral (RBF kernel),-0.06061644141020559,0.1337843440079001,0.5125,
per_window,1.0,42,79.4085980876207,Ward agglomerative,-0.06061644141020559,0.1337843440079001,0.5125,
per_window,1.0,42,79.4085980876207,best threshold on s,0.10095489882656543,0.09169276385985893,0.6597222222222222,4.0
per_window,2.0,11,318.421355147393,LR-DSR (form declared),0.7033288128822744,0.6680363144404278,0.9194444444444444,
per_window,2.0,11,318.421355147393,K-means in mechanism space,0.7033288128822744,0.6680363144404278,0.9194444444444444,
per_window,2.0,11,318.421355147393,K-means,-0.00961934921854025,0.0368549163127242,0.5277777777777778,
per_window,2.0,11,318.421355147393,Fuzzy c-means,-0.009991014753245951,0.03334323680393772,0.525,
per_window,2.0,11,318.421355147393,GMM (full cov),0.009157308984781756,0.01687404725296464,0.5541666666666667,
per_window,2.0,11,318.421355147393,Bayesian GMM (full cov),0.009298370032123996,0.016278722673601538,0.5541666666666667,
per_window,2.0,11,318.421355147393,Birch,0.004333699014650941,0.17388008071217284,0.5722222222222222,
per_window,2.0,11,318.421355147393,Spectral (RBF kernel),0.004333699014650941,0.17388008071217284,0.5722222222222222,
per_window,2.0,11,318.421355147393,Ward agglomerative,0.004333699014650941,0.17388008071217284,0.5722222222222222,
per_window,2.0,11,318.421355147393,best threshold on s,0.0612409387132831,0.04797328423306841,0.625,4.0
per_window,2.0,23,315.72084822139425,LR-DSR (form declared),0.684791258360473,0.6538611002981715,0.9138888888888889,
per_window,2.0,23,315.72084822139425,K-means in mechanism space,0.684791258360473,0.6538611002981715,0.9138888888888889,
per_window,2.0,23,315.72084822139425,K-means,-0.006640252626114871,0.04750481636149658,0.5375,
per_window,2.0,23,315.72084822139425,Fuzzy c-means,-0.008272520598541245,0.035680927734443375,0.5291666666666667,
per_window,2.0,23,315.72084822139425,GMM (full cov),0.00143521416013648,0.006808209059482105,0.5305555555555556,
per_window,2.0,23,315.72084822139425,Bayesian GMM (full cov),0.0011917468059676611,0.006165366554949325,0.5291666666666667,
per_window,2.0,23,315.72084822139425,Birch,0.008229930213962384,0.17608223736177228,0.5763888888888888,
per_window,2.0,23,315.72084822139425,Spectral (RBF kernel),0.008229930213962384,0.17608223736177228,0.5763888888888888,
per_window,2.0,23,315.72084822139425,Ward agglomerative,0.008229930213962384,0.17608223736177228,0.5763888888888888,
per_window,2.0,23,315.72084822139425,best threshold on s,0.03333672014552367,0.026316810710037882,0.5930555555555556,4.0
per_window,2.0,42,317.6343923504828,LR-DSR (form declared),0.7126901186939151,0.6754793312547205,0.9222222222222223,
per_window,2.0,42,317.6343923504828,K-means in mechanism space,0.7126901186939151,0.6754793312547205,0.9222222222222223,
per_window,2.0,42,317.6343923504828,K-means,-0.010587874138179316,0.009982486408315647,0.5027777777777778,
per_window,2.0,42,317.6343923504828,Fuzzy c-means,-0.010712214649372753,0.010782054964296909,0.5013888888888889,
per_window,2.0,42,317.6343923504828,GMM (full cov),3.245502609673002e-05,0.00670450627232073,0.5263888888888889,
per_window,2.0,42,317.6343923504828,Bayesian GMM (full cov),3.245502609673002e-05,0.00670450627232073,0.5263888888888889,
per_window,2.0,42,317.6343923504828,Birch,0.004333699014650941,0.17388008071217284,0.5722222222222222,
per_window,2.0,42,317.6343923504828,Spectral (RBF kernel),0.004333699014650941,0.17388008071217284,0.5722222222222222,
per_window,2.0,42,317.6343923504828,Ward agglomerative,0.004333699014650941,0.17388008071217284,0.5722222222222222,
per_window,2.0,42,317.6343923504828,best threshold on s,0.021187218765049847,0.017128624035857045,0.575,4.0
per_window,4.0,11,1273.685420589572,LR-DSR (form declared),1.0,1.0,1.0,
per_window,4.0,11,1273.685420589572,K-means in mechanism space,1.0,1.0,1.0,
per_window,4.0,11,1273.685420589572,K-means,0.01659127767097827,0.01625892494538128,0.5666666666666667,
per_window,4.0,11,1273.685420589572,Fuzzy c-means,0.01659127767097827,0.01625892494538128,0.5666666666666667,
per_window,4.0,11,1273.685420589572,GMM (full cov),0.029300645627305433,0.02203001715683163,0.5875,
per_window,4.0,11,1273.685420589572,Bayesian GMM (full cov),0.03435587608210702,0.025662822696693392,0.5944444444444444,
per_window,4.0,11,1273.685420589572,Birch,1.0012914080731332e-05,0.00034218580200737127,0.5166666666666667,
per_window,4.0,11,1273.685420589572,Spectral (RBF kernel),-0.000626451383091917,2.3051064449796174e-05,0.5111111111111111,
per_window,4.0,11,1273.685420589572,Ward agglomerative,0.01967777424233893,0.019312095736186374,0.5722222222222222,
per_window,4.0,11,1273.685420589572,best threshold on s,0.006520549064027021,0.005713091771436304,0.5444444444444444,4.0
per_window,4.0,23,1262.883392885577,LR-DSR (form declared),1.0,1.0,1.0,
per_window,4.0,23,1262.883392885577,K-means in mechanism space,1.0,1.0,1.0,
per_window,4.0,23,1262.883392885577,K-means,0.025855819616535162,0.028549534819682042,0.5819444444444445,
per_window,4.0,23,1262.883392885577,Fuzzy c-means,0.025855819616535162,0.028549534819682042,0.5819444444444445,
per_window,4.0,23,1262.883392885577,GMM (full cov),0.05189612116705557,0.04072660837160288,0.6152777777777778,
per_window,4.0,23,1262.883392885577,Bayesian GMM (full cov),0.055803309610357295,0.04333022479630304,0.6194444444444445,
per_window,4.0,23,1262.883392885577,Birch,0.02677125194883769,0.029415671145064264,0.5833333333333334,
per_window,4.0,23,1262.883392885577,Spectral (RBF kernel),-0.0003147993890962567,0.00043474304270987293,0.5111111111111111,
per_window,4.0,23,1262.883392885577,Ward agglomerative,-0.00042574430259018043,0.00030364120050634753,0.5097222222222222,
per_window,4.0,23,1262.883392885577,best threshold on s,0.0,0.0,0.5041666666666667,0.5
per_window,4.0,42,1270.5375694019313,LR-DSR (form declared),1.0,1.0,1.0,
per_window,4.0,42,1270.5375694019313,K-means in mechanism space,1.0,1.0,1.0,
per_window,4.0,42,1270.5375694019313,K-means,0.03132116365624131,0.02872590678845049,0.5902777777777778,
per_window,4.0,42,1270.5375694019313,Fuzzy c-means,0.03132116365624131,0.02872590678845049,0.5902777777777778,
per_window,4.0,42,1270.5375694019313,GMM (full cov),0.051848309388683074,0.03851150195170771,0.6152777777777778,
per_window,4.0,42,1270.5375694019313,Bayesian GMM (full cov),0.0789995910205194,0.058170728356192414,0.6416666666666667,
per_window,4.0,42,1270.5375694019313,Birch,-0.0010730701330924036,0.00011295031031684616,0.5069444444444444,
per_window,4.0,42,1270.5375694019313,Spectral (RBF kernel),-0.0006465658806007122,1.5871512956424977e-05,0.5125,
per_window,4.0,42,1270.5375694019313,Ward agglomerative,0.03132116365624131,0.02872590678845049,0.5902777777777778,
per_window,4.0,42,1270.5375694019313,best threshold on s,0.0,0.0,0.5166666666666667,0.5
