assignment,c_over_a,method,ARI,NMI,median_rho
per_group,0.25,Bayesian GMM (full cov),0.1642791453149485,0.2902373683137617,4.976045886187797
per_group,0.25,Birch,-0.08049690106833449,0.1068513548152073,4.976045886187797
per_group,0.25,Fuzzy c-means,-0.06048031364262052,0.14136667173825015,4.976045886187797
per_group,0.25,GMM (full cov),0.1782499629078861,0.2983093302604023,4.976045886187797
per_group,0.25,K-means,-0.052933142049401416,0.13942378816355305,4.976045886187797
per_group,0.25,K-means in mechanism space,0.1419770287485665,0.1941427613538073,4.976045886187797
per_group,0.25,LR-DSR (form declared),0.257079680656008,0.3389378675073917,4.976045886187797
per_group,0.25,Spectral (RBF kernel),-0.08049690106833449,0.1068513548152073,4.976045886187797
per_group,0.25,Ward agglomerative,-0.0527086383601757,0.1392196236683779,4.976045886187797
per_group,0.25,best threshold on s,0.7075809337888401,0.7019290964467512,4.976045886187797
per_group,0.5,Bayesian GMM (full cov),0.1312162692743412,0.23950307951824748,19.831431883967223
per_group,0.5,Birch,-0.08977856463553648,0.0963972944388084,19.831431883967223
per_group,0.5,Fuzzy c-means,-0.06564473778891097,0.13087160185833766,19.831431883967223
per_group,0.5,GMM (full cov),0.0805638261301624,0.2227065627584139,19.831431883967223
per_group,0.5,K-means,-0.021672099686828636,0.16227079772623987,19.831431883967223
per_group,0.5,K-means in mechanism space,0.001843131092515678,0.16230866820591552,19.831431883967223
per_group,0.5,LR-DSR (form declared),0.30977374296323207,0.3605779759694286,19.831431883967223
per_group,0.5,Spectral (RBF kernel),-0.08975965530438741,0.09606193186415045,19.831431883967223
per_group,0.5,Ward agglomerative,-0.02066543613411104,0.1625734172505652,19.831431883967223
per_group,0.5,best threshold on s,0.5085285408679905,0.5450726949588599,19.831431883967223
per_group,1.0,Bayesian GMM (full cov),0.05118300790781707,0.11247825453598852,79.3257275358689
per_group,1.0,Birch,-0.016856682370125862,0.14835420053783063,79.3257275358689
per_group,1.0,Fuzzy c-means,0.0724849249434294,0.22609617027736761,79.3257275358689
per_group,1.0,GMM (full cov),0.01964613743541213,0.13111659055702565,79.3257275358689
per_group,1.0,K-means,0.11278747017984792,0.2528570858948794,79.3257275358689
per_group,1.0,K-means in mechanism space,0.322500478353341,0.37071658830604787,79.3257275358689
per_group,1.0,LR-DSR (form declared),0.6162731343882127,0.6254179978392852,79.3257275358689
per_group,1.0,Spectral (RBF kernel),-0.016856682370125862,0.14835420053783063,79.3257275358689
per_group,1.0,Ward agglomerative,0.1127798308606101,0.2523810729074791,79.3257275358689
per_group,1.0,best threshold on s,0.3193053768713992,0.38552656880015496,79.3257275358689
per_group,2.0,Bayesian GMM (full cov),0.057790697274779486,0.10335621018311673,317.3029101434756
per_group,2.0,Birch,0.10324819695244292,0.22743248007675274,317.3029101434756
per_group,2.0,Fuzzy c-means,0.04878149182737277,0.07927016042000272,317.3029101434756
per_group,2.0,GMM (full cov),0.0072219865766089755,0.05842357069881569,317.3029101434756
per_group,2.0,K-means,0.0485814366111266,0.07876967933830892,317.3029101434756
per_group,2.0,K-means in mechanism space,0.8050539558592268,0.8012860642978342,317.3029101434756
per_group,2.0,LR-DSR (form declared),1.0,1.0,317.3029101434756
per_group,2.0,Spectral (RBF kernel),0.15105836097753722,0.19485526408772538,317.3029101434756
per_group,2.0,Ward agglomerative,0.15381690765061343,0.19703763360148085,317.3029101434756
per_group,2.0,best threshold on s,0.2043856183487839,0.2419702730857819,317.3029101434756
per_group,4.0,Bayesian GMM (full cov),0.0709246592845479,0.10984131916742106,1269.2116405739023
per_group,4.0,Birch,0.13461409122024914,0.1576135736240766,1269.2116405739023
per_group,4.0,Fuzzy c-means,0.07339065906667767,0.04932647642958443,1269.2116405739023
per_group,4.0,GMM (full cov),0.07201750557786707,0.110320055166814,1269.2116405739023
per_group,4.0,K-means,0.04786749346039663,0.07812495681264091,1269.2116405739023
per_group,4.0,K-means in mechanism space,0.8050539558592268,0.8012860642978342,1269.2116405739023
per_group,4.0,LR-DSR (form declared),1.0,1.0,1269.2116405739023
per_group,4.0,Spectral (RBF kernel),0.048995003107738334,0.0787390139382834,1269.2116405739023
per_group,4.0,Ward agglomerative,0.015019305274875975,0.062419203148774895,1269.2116405739023
per_group,4.0,best threshold on s,0.2043856183487839,0.2419702730857819,1269.2116405739023
per_window,0.25,Bayesian GMM (full cov),0.05278098816666494,0.20020175515061123,4.957169769371198
per_window,0.25,Birch,-0.10818792729635614,0.07431484227269136,4.957169769371198
per_window,0.25,Fuzzy c-means,-0.10611818498452447,0.0865602468189493,4.957169769371198
per_window,0.25,GMM (full cov),0.06094181904849275,0.20458857446616893,4.957169769371198
per_window,0.25,K-means,-0.10820966937313033,0.07465023435761958,4.957169769371198
per_window,0.25,K-means in mechanism space,0.1257137964632353,0.23917156769956974,4.957169769371198
per_window,0.25,LR-DSR (form declared),0.10120637239622272,0.22611330453116155,4.957169769371198
per_window,0.25,Spectral (RBF kernel),-0.10818792729635614,0.07431484227269136,4.957169769371198
per_window,0.25,Ward agglomerative,-0.10818792729635614,0.07431484227269136,4.957169769371198
per_window,0.25,best threshold on s,0.41387770950297814,0.4028380931722168,4.957169769371198
per_window,0.5,Bayesian GMM (full cov),0.1315850332830521,0.24138683398730235,19.828679077484793
per_window,0.5,Birch,-0.09345403226198394,0.1061178917010314,19.828679077484793
per_window,0.5,Fuzzy c-means,-0.08672958232436256,0.12526463716321173,19.828679077484793
per_window,0.5,GMM (full cov),0.13757528835458638,0.24469177751473373,19.828679077484793
per_window,0.5,K-means,-0.09334553136879248,0.10687122823388502,19.828679077484793
per_window,0.5,K-means in mechanism space,0.2781444232014229,0.3605058009516095,19.828679077484793
per_window,0.5,LR-DSR (form declared),0.2781444232014229,0.3605058009516095,19.828679077484793
per_window,0.5,Spectral (RBF kernel),-0.09345403226198394,0.1061178917010314,19.828679077484793
per_window,0.5,Ward agglomerative,-0.09345403226198394,0.1061178917010314,19.828679077484793
per_window,0.5,best threshold on s,0.25428781679457335,0.34724472731166217,19.828679077484793
per_window,1.0,Bayesian GMM (full cov),0.06695221134210205,0.0951326090133817,79.31471630993917
per_window,1.0,Birch,-0.05286930676492907,0.13905159157868804,79.31471630993917
per_window,1.0,Fuzzy c-means,-0.033189461236183666,0.16974337862653985,79.31471630993917
per_window,1.0,GMM (full cov),0.06698778840594877,0.09514977747969605,79.31471630993917
per_window,1.0,K-means,-0.04621672656282644,0.15103372235540014,79.31471630993917
per_window,1.0,K-means in mechanism space,0.474131196539804,0.4976557994694953,79.31471630993917
per_window,1.0,LR-DSR (form declared),0.474131196539804,0.4976557994694953,79.31471630993917
per_window,1.0,Spectral (RBF kernel),-0.05286930676492907,0.13905159157868804,79.31471630993917
per_window,1.0,Ward agglomerative,-0.05286930676492907,0.13905159157868804,79.31471630993917
per_window,1.0,best threshold on s,0.11753437297044815,0.10409701009288436,79.31471630993917
per_window,2.0,Bayesian GMM (full cov),0.0035075239547294624,0.009716198500290532,317.2588652397567
per_window,2.0,Birch,0.005632442747754755,0.17461413292870598,317.2588652397567
per_window,2.0,Fuzzy c-means,-0.009658583333719982,0.026602073167559335,317.2588652397567
per_window,2.0,GMM (full cov),0.003541659390338322,0.010128920861589159,317.2588652397567
per_window,2.0,K-means,-0.008949158660944811,0.031447406360845476,317.2588652397567
per_window,2.0,K-means in mechanism space,0.7002700633122209,0.6657922486644399,317.2588652397567
per_window,2.0,LR-DSR (form declared),0.7002700633122209,0.6657922486644399,317.2588652397567
per_window,2.0,Spectral (RBF kernel),0.005632442747754755,0.17461413292870598,317.2588652397567
per_window,2.0,Ward agglomerative,0.005632442747754755,0.17461413292870598,317.2588652397567
per_window,2.0,best threshold on s,0.03858829254128554,0.030472906326321113,317.2588652397567
per_window,4.0,Bayesian GMM (full cov),0.056386258904327906,0.04238792528306295,1269.0354609590268
per_window,4.0,Birch,0.008569398243275338,0.009956935752462827,1269.0354609590268
per_window,4.0,Fuzzy c-means,0.024589420314584914,0.024511455517837937,1269.0354609590268
per_window,4.0,GMM (full cov),0.04434835872768136,0.03375604249338074,1269.0354609590268
per_window,4.0,K-means,0.024589420314584914,0.024511455517837937,1269.0354609590268
per_window,4.0,K-means in mechanism space,1.0,1.0,1269.0354609590268
per_window,4.0,LR-DSR (form declared),1.0,1.0,1269.0354609590268
per_window,4.0,Spectral (RBF kernel),-0.0005292722175962954,0.00015788854003869802,1269.0354609590268
per_window,4.0,Ward agglomerative,0.016857731198663354,0.016113881241714405,1269.0354609590268
per_window,4.0,best threshold on s,0.0021735163546756737,0.0019043639238121013,1269.0354609590268
