scale,regime,most_confused_with,recovered_fraction,confusion_fraction
0.2,base,,1.0,0.0
0.2,lagged,,1.0,0.0
0.2,lagged,base,0.99,0.01
0.2,other,,1.0,0.0
0.2,scaled,,1.0,0.0
0.4,base,,1.0,0.0
0.4,lagged,,1.0,0.0
0.4,lagged,base,0.99,0.01
0.4,other,,1.0,0.0
0.4,scaled,,1.0,0.0
0.6,base,,1.0,0.0
0.6,lagged,,1.0,0.0
0.6,lagged,base,0.99,0.01
0.6,other,,1.0,0.0
0.6,other,scaled,0.77,0.23
0.6,scaled,,1.0,0.0
0.6,scaled,base,0.0,1.0
0.8,base,,1.0,0.0
0.8,lagged,,1.0,0.0
0.8,other,scaled,0.7033333333333333,0.2966666666666667
0.8,scaled,base,0.0,1.0
