dataset,mask_label,predicted,observed,n,pred_decided_right,decided_right,pred_decided_wrong,decided_wrong
bike,02,0.1596658476239335,0.21639042357274402,1086,0.00282972946386513,0.004604051565377533,1.281689972194279e-09,0.0
bike,03,0.10970168019055931,0.13627992633517497,1086,0.20620833163106242,0.058931860036832415,0.0006614003718282624,0.003683241252302026
bike,04,0.10002103139887993,0.14548802946593,1086,0.21710541329506364,0.06445672191528545,0.00035152044233584414,0.009208103130755065
bike,05,0.08151772433071268,0.15561694290976058,1086,0.6059863642652534,0.49171270718232046,0.006303883932721263,0.02117863720073665
bike,06,0.009406416783636884,0.02302025782688766,1086,0.9664987377216516,0.9475138121546961,0.002156318373017268,0.011970534069981584
bike,07,0.0012732947326760775,0.008287292817679558,1086,0.9968599337194824,0.988950276243094,0.0004890377881153804,0.0055248618784530384
bike,08,0.00048711963160284435,0.0027624309392265192,1086,0.9989478946106617,0.992633517495396,0.000217483329706786,0.0027624309392265192
bike,09,0.00042715674813891886,0.0027624309392265192,1086,0.9991215844072161,0.9935543278084714,0.00020107325491270202,0.0027624309392265192
bike,10,0.000453981521619475,0.0027624309392265192,1086,0.9990738452200864,0.9935543278084714,0.00021542021376080934,0.0027624309392265192
bike,11,0.0003853092262481078,0.0027624309392265192,1086,0.9992069501431192,0.9953959484346224,0.00018130098863354495,0.0027624309392265192
bike,12,0.000276754887490482,0.0027624309392265192,1086,0.9994217354853487,0.9953959484346224,0.00012837897882709293,0.0009208103130755065
bike,13,0.00021765811922450654,0.0027624309392265192,1086,0.9995431317779239,0.9935543278084714,0.00010062877481117591,0.0009208103130755065
bike,14,0.0001922290564507432,0.0009208103130755065,1086,0.9995975646943317,0.992633517495396,8.919854400317647e-05,0.0009208103130755065
bike,15,0.0001830084077612948,0.0009208103130755065,1086,0.9996183240183004,0.994475138121547,8.52864058523163e-05,0.0009208103130755065
bike,16,0.00018632687296603258,0.0009208103130755065,1086,0.999613058361088,0.994475138121547,8.72150588108297e-05,0.0009208103130755065
bike,17,0.00018395593432402767,0.0009208103130755065,1086,0.9996173801687466,0.994475138121547,8.5960009488027e-05,0.0009208103130755065
bike,18,0.0001615099917963143,0.0009208103130755065,1086,0.9996587470178167,0.9953959484346224,7.412697826810578e-05,0.0009208103130755065
bike,19,0.00013921475721898497,0.0009208103130755065,1086,0.9997022623255789,0.996316758747698,6.293201330187112e-05,0.0
bike,20,0.0001303951506397191,0.0,1086,0.9997211857058966,0.996316758747698,5.886991677305583e-05,0.0
bike,21,0.00013623112887963117,0.0,1086,0.9997111522080885,0.996316758747698,6.200598378284582e-05,0.0
bike,22,0.0001467221869230455,0.0,1086,0.9996920835809313,0.996316758747698,6.750242082516914e-05,0.0
bike,23,0.0001510753029826615,0.0,1086,0.9996842843489274,0.996316758747698,6.982032896142687e-05,0.0
bike,24,0.00014970265368337006,0.0,1086,0.9996869263545028,0.996316758747698,6.913112470457726e-05,0.0
traffic,02,0.304461430679493,0.31795716639209226,1821,3.2234766159497533e-21,0.0,1.7840179747537918e-28,0.0
traffic,03,0.30579706311684346,0.3163097199341021,1821,6.385646071888603e-25,0.0,1.0715556085341356e-34,0.0
traffic,04,0.017522077222766264,0.0214168039538715,1821,0.4654682393343691,0.2762218561230093,1.512604431474707e-05,0.002196595277320154
traffic,05,0.0018961798360102881,0.004393190554640308,1821,0.9898153275269735,0.9890170236133993,0.0002684297688689144,0.0016474464579901153
traffic,06,0.0005041942006317173,0.002196595277320154,1821,0.9987018791904523,0.9961559582646897,0.00018289473128821774,0.0005491488193300384
traffic,07,0.0002674560285887845,0.0027457440966501922,1821,0.9994663346120518,0.9961559582646897,0.00012978550278768767,0.002196595277320154
traffic,08,0.00037293114479381296,0.002196595277320154,1821,0.9993462034859795,0.9972542559033498,0.00020814500933317935,0.002196595277320154
traffic,09,0.0004950596927045053,0.002196595277320154,1821,0.9991632643577054,0.9978034047226798,0.00028726465185870706,0.0005491488193300384
traffic,10,0.0005002461378772308,0.002196595277320154,1821,0.9991554854812945,0.9978034047226798,0.00029062365471183054,0.0005491488193300384
traffic,11,0.00047751039322177497,0.002196595277320154,1821,0.9991929470209046,0.9978034047226798,0.00027709271121102914,0.0005491488193300384
traffic,12,0.000434794631956834,0.002196595277320154,1821,0.9992620355415487,0.9978034047226798,0.0002512839769134588,0.0005491488193300384
traffic,13,0.00041628065216419276,0.0016474464579901153,1821,0.9992940965123217,0.9978034047226798,0.00024082556708627544,0.0005491488193300384
traffic,14,0.00039562606878186475,0.001098297638660077,1821,0.9993287023961159,0.9978034047226798,0.0002287821018665048,0.0005491488193300384
traffic,15,0.0003940679251826619,0.001098297638660077,1821,0.9993322269658249,0.9978034047226798,0.00022819539768437818,0.0005491488193300384
traffic,16,0.0003977794995471227,0.001098297638660077,1821,0.9993266615173366,0.9978034047226798,0.00023060261833045043,0.0005491488193300384
traffic,17,0.00039777826478425507,0.001098297638660077,1821,0.9993266648972656,0.9978034047226798,0.00023060237029621331,0.0005491488193300384
traffic,18,0.00039883394378386955,0.001098297638660077,1821,0.999325163323705,0.9978034047226798,0.00023131612866383506,0.0005491488193300384
traffic,19,0.00040353760670672277,0.001098297638660077,1821,0.999318760789105,0.9978034047226798,0.00023457682773418996,0.0005491488193300384
traffic,20,0.0003954894973988904,0.001098297638660077,1821,0.9993351590271078,0.9983525535420099,0.00023091715756935746,0.0005491488193300384
traffic,21,0.0003560880588834921,0.001098297638660077,1821,0.9994024807015196,0.9989017023613399,0.00020840250472017855,0.0005491488193300384
traffic,22,0.0003009362858855049,0.001098297638660077,1821,0.9994901932912093,0.9989017023613399,0.00017439754074675813,0.0005491488193300384
traffic,23,0.0002291786222542606,0.0,1821,0.999602385279629,0.99945085118067,0.00012947079448792967,0.0
traffic,24,0.00017301654050342157,0.0,1821,0.999695670714626,1.0,9.634332724342738e-05,0.0
