dataset,family,bin,n,predicted,observed,band,in_band
bike,block,"(-0.001, 0.002]",33390,0.0004876969379167078,0.004582210242587601,0.00024165226641446386,False
bike,block,"(0.002, 0.01]",5694,0.005170112869452835,0.017562346329469618,0.0019008405517587118,False
bike,block,"(0.01, 0.03]",7227,0.017268599788831683,0.0294728102947281,0.0030647633606836573,False
bike,block,"(0.03, 0.1]",5817,0.045284084950705315,0.035413443355681626,0.005452433068969167,False
bike,prefix,"(-0.001, 0.002]",19197,0.00023565142189248473,0.001614835651403865,0.00022156296504909152,False
bike,prefix,"(0.002, 0.01]",1100,0.004545831486586897,0.017272727272727273,0.004056495084847353,False
bike,prefix,"(0.01, 0.03]",337,0.019071280531317902,0.02373887240356083,0.014901284189860526,True
bike,prefix,"(0.03, 0.1]",2996,0.056468302865172,0.1658878504672897,0.008434118645440442,False
bike,prefix,"(0.1, 0.3]",1011,0.1826560940222612,0.027695351137487636,0.02430378504904852,False
bike,prefix,"(0.3, 1.0]",337,0.40308568987630666,0.5489614243323442,0.0534404037562317,False
bike,real,"(-0.001, 0.002]",982,0.0002995835308070969,0.003054989816700611,0.0011045061941211559,False
bike,real,"(0.002, 0.01]",50,0.0045649310863161915,0.0,0.01906639450025804,True
bike,real,"(0.01, 0.03]",30,0.01812370235314066,0.06666666666666667,0.048710346287902634,True
bike,real,"(0.03, 0.1]",22,0.048430114282981204,0.045454545454545456,0.09153701517917476,True
bike,real,"(0.1, 0.3]",2,0.16307150463693237,0.0,0.5224541874889689,True
traffic,block,"(-0.001, 0.002]",53271,0.0003092401871809871,0.0009761408646355428,0.00015235803880196786,False
traffic,block,"(0.002, 0.01]",13082,0.005753059196737151,0.005580186515823269,0.0013224811067919786,True
traffic,block,"(0.01, 0.03]",7698,0.016354829009165902,0.009353078721745909,0.0028912342392053182,False
traffic,block,"(0.03, 0.1]",8312,0.057020496136728493,0.018046198267564966,0.005086790492582077,False
traffic,block,"(0.1, 0.3]",5045,0.20014955483346414,0.15837462834489593,0.011266295033976819,False
traffic,prefix,"(-0.001, 0.002]",39129,0.0004167461173236312,0.0023511973216795725,0.00020636017533800493,False
traffic,prefix,"(0.002, 0.01]",1005,0.003988890326573175,0.012935323383084577,0.003976537697776021,False
traffic,prefix,"(0.03, 0.1]",583,0.051741076862531814,0.0274442538593482,0.018347500954359955,False
traffic,prefix,"(0.3, 1.0]",1166,0.9515210961874979,0.9699828473413379,0.012579585370271935,False
traffic,real,"(-0.001, 0.002]",1727,0.0002458209394128003,0.0,0.0007544663559693216,True
traffic,real,"(0.002, 0.01]",30,0.004252697581871326,0.0,0.023761627736467526,True
traffic,real,"(0.01, 0.03]",31,0.017837219602744914,0.0,0.047544957603254556,True
traffic,real,"(0.03, 0.1]",18,0.05486447192117025,0.0,0.10734612930141385,True
traffic,real,"(0.1, 0.3]",15,0.16378132042609284,0.13333333333333333,0.19110695051415816,True
