dataset,date,weekday,day_type,holiday,behaves_like
bike,2011-04-15,4,holiday,holiday,working
bike,2011-10-10,0,holiday,holiday,working
bike,2011-11-11,4,holiday,holiday,working
bike,2011-11-25,4,working,,off
bike,2012-04-16,0,holiday,holiday,working
bike,2012-10-08,0,holiday,holiday,working
bike,2012-11-12,0,holiday,holiday,working
bike,2012-12-24,0,working,,off
traffic,2012-10-08,0,holiday,Columbus Day,working
traffic,2012-11-12,0,holiday,Veterans Day,working
traffic,2012-11-23,4,working,,off
traffic,2012-12-24,0,working,,off
traffic,2013-02-18,0,holiday,Washingtons Birthday,working
traffic,2013-08-22,3,holiday,State Fair,working
traffic,2014-02-17,0,holiday,Washingtons Birthday,working
traffic,2015-08-27,3,holiday,State Fair,working
traffic,2016-07-09,5,weekend,,working
traffic,2016-07-23,5,weekend,,working
traffic,2016-07-24,6,weekend,,working
traffic,2016-08-25,3,holiday,State Fair,working
traffic,2016-11-11,4,holiday,Veterans Day,working
traffic,2016-11-25,4,working,,off
traffic,2017-01-16,0,holiday,Martin Luther King Jr Day,working
traffic,2017-02-20,0,holiday,Washingtons Birthday,working
traffic,2017-08-24,3,holiday,State Fair,working
traffic,2017-10-09,0,holiday,Columbus Day,working
traffic,2017-11-10,4,holiday,Veterans Day,working
traffic,2017-11-24,4,working,,off
traffic,2018-01-15,0,holiday,Martin Luther King Jr Day,working
traffic,2018-02-19,0,holiday,Washingtons Birthday,working
