arm,route,hours_bin,accuracy,n_days
assign,law,"(11, 17]",0.9655172413793104,203
assign,law,"(17, 22]",0.9812206572769953,213
assign,law,"(22, 23]",0.9753086419753086,162
assign,law,"(5, 11]",1.0,38
assign,profile_linear,"(11, 17]",0.9211822660098522,203
assign,profile_linear,"(17, 22]",0.9812206572769953,213
assign,profile_linear,"(22, 23]",0.9753086419753086,162
assign,profile_linear,"(5, 11]",0.7105263157894737,38
assign,profile_mean,"(11, 17]",0.9802955665024631,203
assign,profile_mean,"(17, 22]",0.9765258215962441,213
assign,profile_mean,"(22, 23]",0.9753086419753086,162
assign,profile_mean,"(5, 11]",0.868421052631579,38
supervised,law,"(11, 17]",0.9655172413793104,203
supervised,law,"(17, 22]",0.9812206572769953,213
supervised,law,"(22, 23]",0.9753086419753086,162
supervised,law,"(5, 11]",1.0,38
supervised,profile_linear,"(11, 17]",0.9211822660098522,203
supervised,profile_linear,"(17, 22]",0.9812206572769953,213
supervised,profile_linear,"(22, 23]",0.9691358024691358,162
supervised,profile_linear,"(5, 11]",0.6842105263157895,38
supervised,profile_mean,"(11, 17]",0.9802955665024631,203
supervised,profile_mean,"(17, 22]",0.9765258215962441,213
supervised,profile_mean,"(22, 23]",0.9753086419753086,162
supervised,profile_mean,"(5, 11]",0.9210526315789473,38
assign,law,all,0.9756493506493507,616
assign,profile_linear,all,0.9431818181818182,616
assign,profile_mean,all,0.9707792207792207,616
supervised,law,all,0.9756493506493507,616
supervised,profile_linear,all,0.939935064935065,616
supervised,profile_mean,all,0.974025974025974,616
