dataset,seed,method,family,ARI,NMI,matched_error
bike,11,lrdsr_alpha0,LR-DSR,0.9118502348582017,0.8340672437706551,0.022130013831258677
bike,11,lrdsr_alpha0.25,LR-DSR,0.917392695574738,0.8516868894102471,0.020746887966805017
bike,11,soft_gaussian,soft EM,0.9387453697416202,0.8841521051645632,0.015214384508990264
bike,11,soft_student_t,soft EM,0.9553025698645121,0.9089836025030291,0.011065006915629283
bike,11,soft_fourier,soft EM,0.9553281324707866,0.905859956263096,0.011065006915629283
bike,11,mech_kmeans,mechanism K-means,0.9172205475677455,0.8417944266755839,0.020746887966805017
bike,11,mech_fourier,mechanism K-means,0.9553281324707866,0.905859956263096,0.011065006915629283
bike,11,geom_K-means,geometry,0.47304794276302403,0.38013251762168676,0.15491009681881052
bike,11,geom_Fuzzy c-means,geometry,0.46210707280344576,0.3777402681453124,0.1590594744121715
bike,11,geom_GMM (full cov),geometry,0.31568718997158846,0.3876384579613763,0.21853388658367912
bike,11,geom_Bayesian GMM (full cov),geometry,0.29701546747911195,0.37684762849458747,0.22683264177040108
bike,11,geom_Birch,geometry,0.4539485187930007,0.3599207128440931,0.16182572614107882
bike,11,geom_Spectral (RBF kernel),geometry,0.6111918134870162,0.46892172375412433,0.10650069156293218
bike,11,geom_Ward agglomerative,geometry,0.4495629534566869,0.3231897617705644,0.16182572614107882
bike,11,raw_profile_kmeans,raw profile,0.9553281324707866,0.905859956263096,0.011065006915629283
bike,23,lrdsr_alpha0,LR-DSR,0.9226091697649315,0.8497770766949964,0.019363762102351356
bike,23,lrdsr_alpha0.25,LR-DSR,0.917392695574738,0.8516868894102471,0.020746887966805017
bike,23,soft_gaussian,soft EM,0.9387453697416202,0.8841521051645632,0.015214384508990264
bike,23,soft_student_t,soft EM,0.9553025698645121,0.9089836025030289,0.011065006915629283
bike,23,soft_fourier,soft EM,0.9553281324707866,0.905859956263096,0.011065006915629283
bike,23,mech_kmeans,mechanism K-means,0.9172205475677455,0.8417944266755839,0.020746887966805017
bike,23,mech_fourier,mechanism K-means,0.9553281324707866,0.905859956263096,0.011065006915629283
bike,23,geom_K-means,geometry,0.47304794276302403,0.38013251762168676,0.15491009681881052
bike,23,geom_Fuzzy c-means,geometry,0.46210707280344576,0.3777402681453124,0.1590594744121715
bike,23,geom_GMM (full cov),geometry,0.32201997120338477,0.39131209869394656,0.2157676348547718
bike,23,geom_Bayesian GMM (full cov),geometry,0.29701546747911195,0.37684762849458747,0.22683264177040108
bike,23,geom_Birch,geometry,0.4539485187930007,0.3599207128440931,0.16182572614107882
bike,23,geom_Spectral (RBF kernel),geometry,0.6111918134870162,0.46892172375412433,0.10650069156293218
bike,23,geom_Ward agglomerative,geometry,0.4495629534566869,0.3231897617705644,0.16182572614107882
bike,23,raw_profile_kmeans,raw profile,0.9553281324707866,0.905859956263096,0.011065006915629283
bike,42,lrdsr_alpha0,LR-DSR,0.9118502348582017,0.8340672437706551,0.022130013831258677
bike,42,lrdsr_alpha0.25,LR-DSR,0.917392695574738,0.8516868894102471,0.020746887966805017
bike,42,soft_gaussian,soft EM,0.9387453697416202,0.8841521051645632,0.015214384508990264
bike,42,soft_student_t,soft EM,0.9553025698645121,0.9089836025030291,0.011065006915629283
bike,42,soft_fourier,soft EM,0.9553281324707866,0.905859956263096,0.011065006915629283
bike,42,mech_kmeans,mechanism K-means,0.9172205475677455,0.8417944266755839,0.020746887966805017
bike,42,mech_fourier,mechanism K-means,0.9553281324707866,0.905859956263096,0.011065006915629283
bike,42,geom_K-means,geometry,0.47304794276302403,0.3801325176216868,0.15491009681881052
bike,42,geom_Fuzzy c-means,geometry,0.46210707280344576,0.3777402681453124,0.1590594744121715
bike,42,geom_GMM (full cov),geometry,0.32201997120338477,0.39131209869394656,0.2157676348547718
bike,42,geom_Bayesian GMM (full cov),geometry,0.29701546747911195,0.37684762849458747,0.22683264177040108
bike,42,geom_Birch,geometry,0.4539485187930007,0.3599207128440931,0.16182572614107882
bike,42,geom_Spectral (RBF kernel),geometry,0.6111918134870162,0.46892172375412433,0.10650069156293218
bike,42,geom_Ward agglomerative,geometry,0.4495629534566869,0.3231897617705644,0.16182572614107882
bike,42,raw_profile_kmeans,raw profile,0.9553281324707866,0.905859956263096,0.011065006915629283
traffic,11,lrdsr_alpha0,LR-DSR,0.9209754847251811,0.8540613952386927,0.01976935749588138
traffic,11,lrdsr_alpha0.25,LR-DSR,0.9242167566184607,0.8585621092048163,0.018945634266886335
traffic,11,soft_gaussian,soft EM,0.9241425602684443,0.8666643820635525,0.018945634266886335
traffic,11,soft_student_t,soft EM,0.9241922519501152,0.8606683018293941,0.018945634266886335
traffic,11,soft_fourier,soft EM,0.9274624648247163,0.8631282191028852,0.018121911037891292
traffic,11,mech_kmeans,mechanism K-means,0.9242167566184607,0.8585621092048163,0.018945634266886335
traffic,11,mech_fourier,mechanism K-means,0.9274624648247163,0.8631282191028852,0.018121911037891292
traffic,11,geom_K-means,geometry,0.00463610349396231,0.002291531561455566,0.32125205930807244
traffic,11,geom_Fuzzy c-means,geometry,0.5744678165463831,0.48416686196304726,0.12026359143327847
traffic,11,geom_GMM (full cov),geometry,0.0006267432006075725,1.60395050082064e-05,0.32866556836902805
traffic,11,geom_Bayesian GMM (full cov),geometry,0.0014573780465278185,8.01378925935117e-05,0.3278418451400329
traffic,11,geom_Birch,geometry,0.002891687543392668,0.000723332148135675,0.32289950576606263
traffic,11,geom_Spectral (RBF kernel),geometry,0.0018193331224246377,0.0029411779969928187,0.32125205930807244
traffic,11,geom_Ward agglomerative,geometry,0.002891687543392668,0.000723332148135675,0.32289950576606263
traffic,11,raw_profile_kmeans,raw profile,0.9274624648247163,0.8631282191028852,0.018121911037891292
traffic,23,lrdsr_alpha0,LR-DSR,0.9209754847251811,0.8540613952386927,0.01976935749588138
traffic,23,lrdsr_alpha0.25,LR-DSR,0.9242167566184607,0.8585621092048166,0.018945634266886335
traffic,23,soft_gaussian,soft EM,0.9241425602684443,0.8666643820635525,0.018945634266886335
traffic,23,soft_student_t,soft EM,0.9241922519501152,0.8606683018293941,0.018945634266886335
traffic,23,soft_fourier,soft EM,0.9274624648247163,0.863128219102885,0.018121911037891292
traffic,23,mech_kmeans,mechanism K-means,0.9242167566184607,0.8585621092048166,0.018945634266886335
traffic,23,mech_fourier,mechanism K-means,0.9274624648247163,0.863128219102885,0.018121911037891292
traffic,23,geom_K-means,geometry,0.0037607806466899555,0.0013449704905234856,0.3220757825370676
traffic,23,geom_Fuzzy c-means,geometry,0.5744678165463831,0.48416686196304726,0.12026359143327847
traffic,23,geom_GMM (full cov),geometry,0.0006267432006075725,1.60395050082064e-05,0.32866556836902805
traffic,23,geom_Bayesian GMM (full cov),geometry,0.0014573780465278185,8.01378925935117e-05,0.3278418451400329
traffic,23,geom_Birch,geometry,0.002891687543392668,0.000723332148135675,0.32289950576606263
traffic,23,geom_Spectral (RBF kernel),geometry,0.0018193331224246377,0.0029411779969928187,0.32125205930807244
traffic,23,geom_Ward agglomerative,geometry,0.002891687543392668,0.000723332148135675,0.32289950576606263
traffic,23,raw_profile_kmeans,raw profile,0.9274624648247163,0.863128219102885,0.018121911037891292
traffic,42,lrdsr_alpha0,LR-DSR,0.9209754847251811,0.8540613952386927,0.01976935749588138
traffic,42,lrdsr_alpha0.25,LR-DSR,0.9242167566184607,0.8585621092048163,0.018945634266886335
traffic,42,soft_gaussian,soft EM,0.9241425602684443,0.8666643820635525,0.018945634266886335
traffic,42,soft_student_t,soft EM,0.9241922519501152,0.8606683018293941,0.018945634266886335
traffic,42,soft_fourier,soft EM,0.9274624648247163,0.8631282191028852,0.018121911037891292
traffic,42,mech_kmeans,mechanism K-means,0.9242167566184607,0.8585621092048163,0.018945634266886335
traffic,42,mech_fourier,mechanism K-means,0.9274624648247163,0.863128219102885,0.018121911037891292
traffic,42,geom_K-means,geometry,0.0037607806466899555,0.0013449704905234856,0.3220757825370676
traffic,42,geom_Fuzzy c-means,geometry,0.5744678165463831,0.48416686196304726,0.12026359143327847
traffic,42,geom_GMM (full cov),geometry,0.0006267432006075725,1.60395050082064e-05,0.32866556836902805
traffic,42,geom_Bayesian GMM (full cov),geometry,0.0014573780465278185,8.01378925935117e-05,0.3278418451400329
traffic,42,geom_Birch,geometry,0.002891687543392668,0.000723332148135675,0.32289950576606263
traffic,42,geom_Spectral (RBF kernel),geometry,0.0018193331224246377,0.0029411779969928187,0.32125205930807244
traffic,42,geom_Ward agglomerative,geometry,0.002891687543392668,0.000723332148135675,0.32289950576606263
traffic,42,raw_profile_kmeans,raw profile,0.9274624648247163,0.8631282191028852,0.018121911037891292
