dataset,basis,K,loglik,BIC,ARI_vs_daytype,chosen
bike,library,1,-17643.298251658398,35345.84718631623,0.0,False
bike,library,2,-13380.825698733355,26886.736172687728,0.9387453697416202,False
bike,library,3,-13077.108156811546,26345.135181065696,0.876731499350499,False
bike,library,4,-12933.818867568083,26124.390694800357,0.8037737289042487,False
bike,library,5,-12836.406786037729,25995.40062396124,0.7808296716676411,False
bike,library,6,-12760.721221768657,25909.863587644682,0.7539491632278011,False
bike,library,7,-12701.086574735897,25856.428385800747,0.7484148865902159,False
bike,library,8,-12641.63667436093,25803.362677272402,0.7507671534874072,True
bike,fourier,1,-15303.501258987653,30672.836610196893,0.0,False
bike,fourier,2,-7379.646532463697,14897.54465859273,0.9553281324707866,False
bike,fourier,3,-6685.732059872563,13582.133214854206,0.6385497039900248,False
bike,fourier,4,-6257.484369681945,12798.055335916717,0.44054879798250973,False
bike,fourier,5,-5855.334147362935,12066.172392722443,0.34500096347304104,False
bike,fourier,6,-5648.546623366739,11725.014846173799,0.28161445804169094,False
bike,fourier,7,-5442.726333369175,11385.791767622417,0.25269839179190995,False
bike,fourier,8,-5331.935968815636,11236.628539959085,0.23259536357324234,True
traffic,library,1,-13871.108215652139,27806.13151504885,0.0,False
traffic,library,2,-3397.6745029829235,6930.280849426616,0.9241425602684443,False
traffic,library,3,-55.84650805635795,317.64161928967974,0.9200013571953978,False
traffic,library,4,927.0497297181843,-1577.1340965432103,0.825674908296786,False
traffic,library,5,1151.7722563171785,-1955.5623900250043,0.5559941539856315,False
traffic,library,6,1440.5579245175052,-2462.116966709463,0.5351006119977129,False
traffic,library,7,1539.3671922517728,-2588.718742461804,0.5195609227252789,False
traffic,library,8,1707.0859011354853,-2853.1394005130346,0.5038740583556048,True
traffic,fourier,1,-10793.503305400045,21658.023370516286,0.0,False
traffic,fourier,2,4389.635271202811,-8630.135347001613,0.9274624648247163,False
traffic,fourier,3,13955.762300809978,-27684.270970528134,0.8864048914550078,False
traffic,fourier,4,15070.962752772493,-29836.55343876535,0.8030402387595797,False
traffic,fourier,5,17366.656745164983,-34349.82298786251,0.4234069645233576,False
traffic,fourier,6,18152.714380908554,-35843.81982366184,0.3516777235333398,False
traffic,fourier,7,18608.38189522602,-36677.03641660896,0.3334489198071162,False
traffic,fourier,8,18821.213665973977,-37024.581522417066,0.3213825066663458,True
