dataset,basis,K,is_chosen_K,cluster,variable,value,n_days
bike,library,2,False,0,day_type,holiday,7
bike,library,2,False,0,day_type,weekend,3
bike,library,2,False,0,day_type,working,493
bike,library,2,False,1,day_type,holiday,14
bike,library,2,False,1,day_type,weekend,205
bike,library,2,False,1,day_type,working,1
bike,library,2,False,0,weekday,0,94
bike,library,2,False,0,weekday,1,100
bike,library,2,False,0,weekday,2,102
bike,library,2,False,0,weekday,3,101
bike,library,2,False,0,weekday,4,103
bike,library,2,False,0,weekday,5,1
bike,library,2,False,0,weekday,6,2
bike,library,2,False,1,weekday,0,10
bike,library,2,False,1,weekday,1,1
bike,library,2,False,1,weekday,2,1
bike,library,2,False,1,weekday,3,2
bike,library,2,False,1,weekday,4,1
bike,library,2,False,1,weekday,5,103
bike,library,2,False,1,weekday,6,102
bike,library,2,False,0,season,autumn,123
bike,library,2,False,0,season,spring,133
bike,library,2,False,0,season,summer,130
bike,library,2,False,0,season,winter,117
bike,library,2,False,1,season,autumn,57
bike,library,2,False,1,season,spring,51
bike,library,2,False,1,season,summer,52
bike,library,2,False,1,season,winter,60
bike,library,2,False,0,year,2011,250
bike,library,2,False,0,year,2012,253
bike,library,2,False,1,year,2011,109
bike,library,2,False,1,year,2012,111
bike,library,2,False,0,weather,1,146
bike,library,2,False,0,weather,2,196
bike,library,2,False,0,weather,3,160
bike,library,2,False,0,weather,4,1
bike,library,2,False,1,weather,1,85
bike,library,2,False,1,weather,2,72
bike,library,2,False,1,weather,3,63
bike,library,2,False,0,summary,n=503; working=0.98; level=4.56; dates=2011-01-03..2012-12-31; holidays=holiday,503
bike,library,2,False,1,summary,n=220; working=0.00; level=4.56; dates=2011-01-01..2012-12-30; holidays=holiday,220
bike,library,3,False,0,day_type,holiday,9
bike,library,3,False,0,day_type,weekend,66
bike,library,3,False,0,day_type,working,1
bike,library,3,False,1,day_type,holiday,6
bike,library,3,False,1,day_type,weekend,142
bike,library,3,False,2,day_type,holiday,6
bike,library,3,False,2,day_type,working,493
bike,library,3,False,0,weekday,0,6
bike,library,3,False,0,weekday,1,1
bike,library,3,False,0,weekday,3,2
bike,library,3,False,0,weekday,4,1
bike,library,3,False,0,weekday,5,21
bike,library,3,False,0,weekday,6,45
bike,library,3,False,1,weekday,0,5
bike,library,3,False,1,weekday,2,1
bike,library,3,False,1,weekday,5,83
bike,library,3,False,1,weekday,6,59
bike,library,3,False,2,weekday,0,93
bike,library,3,False,2,weekday,1,100
bike,library,3,False,2,weekday,2,102
bike,library,3,False,2,weekday,3,101
bike,library,3,False,2,weekday,4,103
bike,library,3,False,0,season,autumn,16
bike,library,3,False,0,season,spring,20
bike,library,3,False,0,season,summer,5
bike,library,3,False,0,season,winter,35
bike,library,3,False,1,season,autumn,41
bike,library,3,False,1,season,spring,34
bike,library,3,False,1,season,summer,47
bike,library,3,False,1,season,winter,26
bike,library,3,False,2,season,autumn,123
bike,library,3,False,2,season,spring,130
bike,library,3,False,2,season,summer,130
bike,library,3,False,2,season,winter,116
bike,library,3,False,0,year,2011,41
bike,library,3,False,0,year,2012,35
bike,library,3,False,1,year,2011,70
bike,library,3,False,1,year,2012,78
bike,library,3,False,2,year,2011,248
bike,library,3,False,2,year,2012,251
bike,library,3,False,0,weather,1,19
bike,library,3,False,0,weather,2,20
bike,library,3,False,0,weather,3,37
bike,library,3,False,1,weather,1,67
bike,library,3,False,1,weather,2,52
bike,library,3,False,1,weather,3,29
bike,library,3,False,2,weather,1,145
bike,library,3,False,2,weather,2,196
bike,library,3,False,2,weather,3,157
bike,library,3,False,2,weather,4,1
bike,library,3,False,0,summary,n=76; working=0.01; level=4.13; dates=2011-01-01..2012-12-29; holidays=holiday,76
bike,library,3,False,1,summary,n=148; working=0.00; level=4.76; dates=2011-01-08..2012-12-30; holidays=holiday,148
bike,library,3,False,2,summary,n=499; working=0.99; level=4.56; dates=2011-01-03..2012-12-31; holidays=holiday,499
bike,library,8,True,0,day_type,holiday,2
bike,library,8,True,0,day_type,weekend,75
bike,library,8,True,1,day_type,holiday,9
bike,library,8,True,1,day_type,weekend,2
bike,library,8,True,1,day_type,working,5
bike,library,8,True,2,day_type,holiday,3
bike,library,8,True,2,day_type,working,471
bike,library,8,True,3,day_type,holiday,1
bike,library,8,True,3,day_type,weekend,26
bike,library,8,True,4,day_type,weekend,2
bike,library,8,True,4,day_type,working,18
bike,library,8,True,5,day_type,holiday,1
bike,library,8,True,5,day_type,weekend,16
bike,library,8,True,6,day_type,holiday,2
bike,library,8,True,6,day_type,weekend,37
bike,library,8,True,7,day_type,holiday,3
bike,library,8,True,7,day_type,weekend,50
bike,library,8,True,0,weekday,0,2
bike,library,8,True,0,weekday,5,13
bike,library,8,True,0,weekday,6,62
bike,library,8,True,1,weekday,0,8
bike,library,8,True,1,weekday,3,1
bike,library,8,True,1,weekday,4,5
bike,library,8,True,1,weekday,6,2
bike,library,8,True,2,weekday,0,88
bike,library,8,True,2,weekday,1,98
bike,library,8,True,2,weekday,2,94
bike,library,8,True,2,weekday,3,99
bike,library,8,True,2,weekday,4,95
bike,library,8,True,3,weekday,2,1
bike,library,8,True,3,weekday,5,22
bike,library,8,True,3,weekday,6,4
bike,library,8,True,4,weekday,0,2
bike,library,8,True,4,weekday,1,2
bike,library,8,True,4,weekday,2,8
bike,library,8,True,4,weekday,3,2
bike,library,8,True,4,weekday,4,4
bike,library,8,True,4,weekday,6,2
bike,library,8,True,5,weekday,3,1
bike,library,8,True,5,weekday,5,10
bike,library,8,True,5,weekday,6,6
bike,library,8,True,6,weekday,0,1
bike,library,8,True,6,weekday,1,1
bike,library,8,True,6,weekday,5,18
bike,library,8,True,6,weekday,6,19
bike,library,8,True,7,weekday,0,3
bike,library,8,True,7,weekday,5,41
bike,library,8,True,7,weekday,6,9
bike,library,8,True,0,season,autumn,23
bike,library,8,True,0,season,spring,13
bike,library,8,True,0,season,summer,17
bike,library,8,True,0,season,winter,24
bike,library,8,True,1,season,autumn,6
bike,library,8,True,1,season,spring,2
bike,library,8,True,1,season,winter,8
bike,library,8,True,2,season,autumn,115
bike,library,8,True,2,season,spring,124
bike,library,8,True,2,season,summer,129
bike,library,8,True,2,season,winter,106
bike,library,8,True,3,season,autumn,2
bike,library,8,True,3,season,spring,2
bike,library,8,True,3,season,summer,22
bike,library,8,True,3,season,winter,1
bike,library,8,True,4,season,autumn,4
bike,library,8,True,4,season,spring,8
bike,library,8,True,4,season,summer,1
bike,library,8,True,4,season,winter,7
bike,library,8,True,5,season,autumn,5
bike,library,8,True,5,season,spring,6
bike,library,8,True,5,season,summer,2
bike,library,8,True,5,season,winter,4
bike,library,8,True,6,season,autumn,4
bike,library,8,True,6,season,spring,10
bike,library,8,True,6,season,summer,5
bike,library,8,True,6,season,winter,20
bike,library,8,True,7,season,autumn,21
bike,library,8,True,7,season,spring,19
bike,library,8,True,7,season,summer,6
bike,library,8,True,7,season,winter,7
bike,library,8,True,0,year,2011,37
bike,library,8,True,0,year,2012,40
bike,library,8,True,1,year,2011,8
bike,library,8,True,1,year,2012,8
bike,library,8,True,2,year,2011,234
bike,library,8,True,2,year,2012,240
bike,library,8,True,3,year,2011,15
bike,library,8,True,3,year,2012,12
bike,library,8,True,4,year,2011,11
bike,library,8,True,4,year,2012,9
bike,library,8,True,5,year,2011,8
bike,library,8,True,5,year,2012,9
bike,library,8,True,6,year,2011,23
bike,library,8,True,6,year,2012,16
bike,library,8,True,7,year,2011,23
bike,library,8,True,7,year,2012,30
bike,library,8,True,0,weather,1,32
bike,library,8,True,0,weather,2,17
bike,library,8,True,0,weather,3,28
bike,library,8,True,1,weather,1,6
bike,library,8,True,1,weather,2,7
bike,library,8,True,1,weather,3,3
bike,library,8,True,2,weather,1,143
bike,library,8,True,2,weather,2,190
bike,library,8,True,2,weather,3,140
bike,library,8,True,2,weather,4,1
bike,library,8,True,3,weather,1,12
bike,library,8,True,3,weather,2,6
bike,library,8,True,3,weather,3,9
bike,library,8,True,4,weather,1,2
bike,library,8,True,4,weather,2,2
bike,library,8,True,4,weather,3,16
bike,library,8,True,5,weather,1,2
bike,library,8,True,5,weather,3,15
bike,library,8,True,6,weather,1,12
bike,library,8,True,6,weather,2,19
bike,library,8,True,6,weather,3,8
bike,library,8,True,7,weather,1,22
bike,library,8,True,7,weather,2,27
bike,library,8,True,7,weather,3,4
bike,library,8,True,0,summary,n=77; working=0.00; level=4.56; dates=2011-01-02..2012-12-30; holidays=holiday,77
bike,library,8,True,1,summary,n=16; working=0.31; level=4.22; dates=2011-02-21..2012-12-31; holidays=holiday,16
bike,library,8,True,2,summary,n=474; working=0.99; level=4.59; dates=2011-01-03..2012-12-28; holidays=holiday,474
bike,library,8,True,3,summary,n=27; working=0.00; level=4.98; dates=2011-05-01..2012-11-03; holidays=holiday,27
bike,library,8,True,4,summary,n=20; working=0.90; level=3.95; dates=2011-03-13..2012-12-26; holidays=,20
bike,library,8,True,5,summary,n=17; working=0.00; level=4.08; dates=2011-02-05..2012-10-28; holidays=holiday,17
bike,library,8,True,6,summary,n=39; working=0.00; level=4.19; dates=2011-01-01..2012-12-29; holidays=holiday,39
bike,library,8,True,7,summary,n=53; working=0.00; level=4.82; dates=2011-02-26..2012-12-08; holidays=holiday,53
bike,fourier,2,False,0,day_type,holiday,6
bike,fourier,2,False,0,day_type,working,492
bike,fourier,2,False,1,day_type,holiday,15
bike,fourier,2,False,1,day_type,weekend,208
bike,fourier,2,False,1,day_type,working,2
bike,fourier,2,False,0,weekday,0,92
bike,fourier,2,False,0,weekday,1,100
bike,fourier,2,False,0,weekday,2,102
bike,fourier,2,False,0,weekday,3,101
bike,fourier,2,False,0,weekday,4,103
bike,fourier,2,False,1,weekday,0,12
bike,fourier,2,False,1,weekday,1,1
bike,fourier,2,False,1,weekday,2,1
bike,fourier,2,False,1,weekday,3,2
bike,fourier,2,False,1,weekday,4,1
bike,fourier,2,False,1,weekday,5,104
bike,fourier,2,False,1,weekday,6,104
bike,fourier,2,False,0,season,autumn,123
bike,fourier,2,False,0,season,spring,130
bike,fourier,2,False,0,season,summer,130
bike,fourier,2,False,0,season,winter,115
bike,fourier,2,False,1,season,autumn,57
bike,fourier,2,False,1,season,spring,54
bike,fourier,2,False,1,season,summer,52
bike,fourier,2,False,1,season,winter,62
bike,fourier,2,False,0,year,2011,248
bike,fourier,2,False,0,year,2012,250
bike,fourier,2,False,1,year,2011,111
bike,fourier,2,False,1,year,2012,114
bike,fourier,2,False,0,weather,1,145
bike,fourier,2,False,0,weather,2,196
bike,fourier,2,False,0,weather,3,156
bike,fourier,2,False,0,weather,4,1
bike,fourier,2,False,1,weather,1,86
bike,fourier,2,False,1,weather,2,72
bike,fourier,2,False,1,weather,3,67
bike,fourier,2,False,0,summary,n=498; working=0.99; level=4.57; dates=2011-01-03..2012-12-31; holidays=holiday,498
bike,fourier,2,False,1,summary,n=225; working=0.01; level=4.54; dates=2011-01-01..2012-12-30; holidays=holiday,225
bike,fourier,3,False,0,day_type,holiday,1
bike,fourier,3,False,0,day_type,working,370
bike,fourier,3,False,1,day_type,holiday,15
bike,fourier,3,False,1,day_type,weekend,208
bike,fourier,3,False,1,day_type,working,1
bike,fourier,3,False,2,day_type,holiday,5
bike,fourier,3,False,2,day_type,working,123
bike,fourier,3,False,0,weekday,0,75
bike,fourier,3,False,0,weekday,1,79
bike,fourier,3,False,0,weekday,2,78
bike,fourier,3,False,0,weekday,3,83
bike,fourier,3,False,0,weekday,4,56
bike,fourier,3,False,1,weekday,0,11
bike,fourier,3,False,1,weekday,1,1
bike,fourier,3,False,1,weekday,2,1
bike,fourier,3,False,1,weekday,3,2
bike,fourier,3,False,1,weekday,4,1
bike,fourier,3,False,1,weekday,5,104
bike,fourier,3,False,1,weekday,6,104
bike,fourier,3,False,2,weekday,0,18
bike,fourier,3,False,2,weekday,1,21
bike,fourier,3,False,2,weekday,2,24
bike,fourier,3,False,2,weekday,3,18
bike,fourier,3,False,2,weekday,4,47
bike,fourier,3,False,0,season,autumn,88
bike,fourier,3,False,0,season,spring,92
bike,fourier,3,False,0,season,summer,112
bike,fourier,3,False,0,season,winter,79
bike,fourier,3,False,1,season,autumn,57
bike,fourier,3,False,1,season,spring,54
bike,fourier,3,False,1,season,summer,52
bike,fourier,3,False,1,season,winter,61
bike,fourier,3,False,2,season,autumn,35
bike,fourier,3,False,2,season,spring,38
bike,fourier,3,False,2,season,summer,18
bike,fourier,3,False,2,season,winter,37
bike,fourier,3,False,0,year,2011,169
bike,fourier,3,False,0,year,2012,202
bike,fourier,3,False,1,year,2011,111
bike,fourier,3,False,1,year,2012,113
bike,fourier,3,False,2,year,2011,79
bike,fourier,3,False,2,year,2012,49
bike,fourier,3,False,0,weather,1,132
bike,fourier,3,False,0,weather,2,163
bike,fourier,3,False,0,weather,3,76
bike,fourier,3,False,1,weather,1,86
bike,fourier,3,False,1,weather,2,72
bike,fourier,3,False,1,weather,3,66
bike,fourier,3,False,2,weather,1,13
bike,fourier,3,False,2,weather,2,33
bike,fourier,3,False,2,weather,3,81
bike,fourier,3,False,2,weather,4,1
bike,fourier,3,False,0,summary,n=371; working=1.00; level=4.66; dates=2011-01-03..2012-12-27; holidays=holiday,371
bike,fourier,3,False,1,summary,n=224; working=0.00; level=4.55; dates=2011-01-01..2012-12-30; holidays=holiday,224
bike,fourier,3,False,2,summary,n=128; working=0.96; level=4.29; dates=2011-01-10..2012-12-31; holidays=holiday,128
bike,fourier,8,True,0,day_type,working,119
bike,fourier,8,True,1,day_type,holiday,1
bike,fourier,8,True,1,day_type,weekend,77
bike,fourier,8,True,2,day_type,working,94
bike,fourier,8,True,3,day_type,holiday,3
bike,fourier,8,True,3,day_type,weekend,59
bike,fourier,8,True,4,day_type,holiday,1
bike,fourier,8,True,4,day_type,working,186
bike,fourier,8,True,5,day_type,holiday,10
bike,fourier,8,True,5,day_type,weekend,22
bike,fourier,8,True,5,day_type,working,5
bike,fourier,8,True,6,day_type,holiday,5
bike,fourier,8,True,6,day_type,working,90
bike,fourier,8,True,7,day_type,holiday,1
bike,fourier,8,True,7,day_type,weekend,50
bike,fourier,8,True,0,weekday,0,31
bike,fourier,8,True,0,weekday,1,36
bike,fourier,8,True,0,weekday,2,31
bike,fourier,8,True,0,weekday,3,17
bike,fourier,8,True,0,weekday,4,4
bike,fourier,8,True,1,weekday,0,1
bike,fourier,8,True,1,weekday,5,15
bike,fourier,8,True,1,weekday,6,62
bike,fourier,8,True,2,weekday,0,11
bike,fourier,8,True,2,weekday,1,26
bike,fourier,8,True,2,weekday,2,22
bike,fourier,8,True,2,weekday,3,18
bike,fourier,8,True,2,weekday,4,17
bike,fourier,8,True,3,weekday,0,3
bike,fourier,8,True,3,weekday,5,47
bike,fourier,8,True,3,weekday,6,12
bike,fourier,8,True,4,weekday,0,42
bike,fourier,8,True,4,weekday,1,37
bike,fourier,8,True,4,weekday,2,44
bike,fourier,8,True,4,weekday,3,60
bike,fourier,8,True,4,weekday,4,4
bike,fourier,8,True,5,weekday,0,8
bike,fourier,8,True,5,weekday,1,1
bike,fourier,8,True,5,weekday,2,1
bike,fourier,8,True,5,weekday,3,2
bike,fourier,8,True,5,weekday,4,3
bike,fourier,8,True,5,weekday,5,12
bike,fourier,8,True,5,weekday,6,10
bike,fourier,8,True,6,weekday,0,8
bike,fourier,8,True,6,weekday,1,1
bike,fourier,8,True,6,weekday,2,4
bike,fourier,8,True,6,weekday,3,6
bike,fourier,8,True,6,weekday,4,76
bike,fourier,8,True,7,weekday,2,1
bike,fourier,8,True,7,weekday,5,30
bike,fourier,8,True,7,weekday,6,20
bike,fourier,8,True,0,season,autumn,30
bike,fourier,8,True,0,season,spring,40
bike,fourier,8,True,0,season,summer,8
bike,fourier,8,True,0,season,winter,41
bike,fourier,8,True,1,season,autumn,16
bike,fourier,8,True,1,season,spring,14
bike,fourier,8,True,1,season,summer,12
bike,fourier,8,True,1,season,winter,36
bike,fourier,8,True,2,season,autumn,24
bike,fourier,8,True,2,season,spring,32
bike,fourier,8,True,2,season,summer,12
bike,fourier,8,True,2,season,winter,26
bike,fourier,8,True,3,season,autumn,25
bike,fourier,8,True,3,season,spring,21
bike,fourier,8,True,3,season,summer,8
bike,fourier,8,True,3,season,winter,8
bike,fourier,8,True,4,season,autumn,42
bike,fourier,8,True,4,season,spring,36
bike,fourier,8,True,4,season,summer,86
bike,fourier,8,True,4,season,winter,23
bike,fourier,8,True,5,season,autumn,9
bike,fourier,8,True,5,season,spring,12
bike,fourier,8,True,5,season,summer,2
bike,fourier,8,True,5,season,winter,14
bike,fourier,8,True,6,season,autumn,26
bike,fourier,8,True,6,season,spring,22
bike,fourier,8,True,6,season,summer,24
bike,fourier,8,True,6,season,winter,23
bike,fourier,8,True,7,season,autumn,8
bike,fourier,8,True,7,season,spring,7
bike,fourier,8,True,7,season,summer,30
bike,fourier,8,True,7,season,winter,6
bike,fourier,8,True,0,year,2011,36
bike,fourier,8,True,0,year,2012,83
bike,fourier,8,True,1,year,2011,41
bike,fourier,8,True,1,year,2012,37
bike,fourier,8,True,2,year,2011,62
bike,fourier,8,True,2,year,2012,32
bike,fourier,8,True,3,year,2011,22
bike,fourier,8,True,3,year,2012,40
bike,fourier,8,True,4,year,2011,99
bike,fourier,8,True,4,year,2012,88
bike,fourier,8,True,5,year,2011,19
bike,fourier,8,True,5,year,2012,18
bike,fourier,8,True,6,year,2011,49
bike,fourier,8,True,6,year,2012,46
bike,fourier,8,True,7,year,2011,31
bike,fourier,8,True,7,year,2012,20
bike,fourier,8,True,0,weather,1,43
bike,fourier,8,True,0,weather,2,60
bike,fourier,8,True,0,weather,3,16
bike,fourier,8,True,1,weather,1,28
bike,fourier,8,True,1,weather,2,24
bike,fourier,8,True,1,weather,3,26
bike,fourier,8,True,2,weather,1,7
bike,fourier,8,True,2,weather,2,14
bike,fourier,8,True,2,weather,3,72
bike,fourier,8,True,2,weather,4,1
bike,fourier,8,True,3,weather,1,28
bike,fourier,8,True,3,weather,2,30
bike,fourier,8,True,3,weather,3,4
bike,fourier,8,True,4,weather,1,64
bike,fourier,8,True,4,weather,2,76
bike,fourier,8,True,4,weather,3,47
bike,fourier,8,True,5,weather,1,10
bike,fourier,8,True,5,weather,2,6
bike,fourier,8,True,5,weather,3,21
bike,fourier,8,True,6,weather,1,30
bike,fourier,8,True,6,weather,2,45
bike,fourier,8,True,6,weather,3,20
bike,fourier,8,True,7,weather,1,21
bike,fourier,8,True,7,weather,2,13
bike,fourier,8,True,7,weather,3,17
bike,fourier,8,True,0,summary,n=119; working=1.00; level=4.50; dates=2011-01-03..2012-12-27; holidays=,119
bike,fourier,8,True,1,summary,n=78; working=0.00; level=4.37; dates=2011-01-01..2012-12-16; holidays=holiday,78
bike,fourier,8,True,2,summary,n=94; working=1.00; level=4.14; dates=2011-01-10..2012-12-26; holidays=,94
bike,fourier,8,True,3,summary,n=62; working=0.00; level=4.83; dates=2011-02-19..2012-12-15; holidays=holiday,62
bike,fourier,8,True,4,summary,n=187; working=0.99; level=4.76; dates=2011-01-12..2012-12-13; holidays=holiday,187
bike,fourier,8,True,5,summary,n=37; working=0.14; level=3.99; dates=2011-01-17..2012-12-25; holidays=holiday,37
bike,fourier,8,True,6,summary,n=95; working=0.95; level=4.72; dates=2011-01-07..2012-12-31; holidays=holiday,95
bike,fourier,8,True,7,summary,n=51; working=0.00; level=4.79; dates=2011-01-15..2012-12-30; holidays=holiday,51
traffic,library,2,False,0,day_type,holiday,20
traffic,library,2,False,0,day_type,weekend,349
traffic,library,2,False,0,day_type,working,1
traffic,library,2,False,1,day_type,holiday,16
traffic,library,2,False,1,day_type,weekend,6
traffic,library,2,False,1,day_type,working,822
traffic,library,2,False,0,weekday,0,12
traffic,library,2,False,0,weekday,1,3
traffic,library,2,False,0,weekday,2,1
traffic,library,2,False,0,weekday,3,3
traffic,library,2,False,0,weekday,4,2
traffic,library,2,False,0,weekday,5,174
traffic,library,2,False,0,weekday,6,175
traffic,library,2,False,1,weekday,0,167
traffic,library,2,False,1,weekday,1,169
traffic,library,2,False,1,weekday,2,162
traffic,library,2,False,1,weekday,3,169
traffic,library,2,False,1,weekday,4,171
traffic,library,2,False,1,weekday,5,5
traffic,library,2,False,1,weekday,6,1
traffic,library,2,False,0,season,autumn,78
traffic,library,2,False,0,season,spring,99
traffic,library,2,False,0,season,summer,115
traffic,library,2,False,0,season,winter,78
traffic,library,2,False,1,season,autumn,177
traffic,library,2,False,1,season,spring,234
traffic,library,2,False,1,season,summer,266
traffic,library,2,False,1,season,winter,167
traffic,library,2,False,0,year,2012,14
traffic,library,2,False,0,year,2013,48
traffic,library,2,False,0,year,2014,43
traffic,library,2,False,0,year,2015,21
traffic,library,2,False,0,year,2016,62
traffic,library,2,False,0,year,2017,106
traffic,library,2,False,0,year,2018,76
traffic,library,2,False,1,year,2012,40
traffic,library,2,False,1,year,2013,87
traffic,library,2,False,1,year,2014,97
traffic,library,2,False,1,year,2015,47
traffic,library,2,False,1,year,2016,150
traffic,library,2,False,1,year,2017,238
traffic,library,2,False,1,year,2018,185
traffic,library,2,False,0,precip_class,dry,322
traffic,library,2,False,0,precip_class,light,21
traffic,library,2,False,0,precip_class,wet,27
traffic,library,2,False,1,precip_class,dry,718
traffic,library,2,False,1,precip_class,light,46
traffic,library,2,False,1,precip_class,wet,80
traffic,library,2,False,0,summary,"n=370; working=0.00; level=7.61; dates=2012-10-13..2018-09-30; holidays=Christmas Day,Independence Day,Labor Day,Memorial Day,New Years Day,Thanksgiving Day",370
traffic,library,2,False,1,summary,"n=844; working=0.97; level=7.85; dates=2012-10-04..2018-09-28; holidays=Christmas Day,Columbus Day,Martin Luther King Jr Day,State Fair,Veterans Day,Washingtons Birthday",844
traffic,library,3,False,0,day_type,holiday,16
traffic,library,3,False,0,day_type,weekend,1
traffic,library,3,False,0,day_type,working,815
traffic,library,3,False,1,day_type,holiday,20
traffic,library,3,False,1,day_type,weekend,349
traffic,library,3,False,1,day_type,working,1
traffic,library,3,False,2,day_type,weekend,5
traffic,library,3,False,2,day_type,working,7
traffic,library,3,False,0,weekday,0,166
traffic,library,3,False,0,weekday,1,169
traffic,library,3,False,0,weekday,2,160
traffic,library,3,False,0,weekday,3,168
traffic,library,3,False,0,weekday,4,168
traffic,library,3,False,0,weekday,5,1
traffic,library,3,False,1,weekday,0,12
traffic,library,3,False,1,weekday,1,3
traffic,library,3,False,1,weekday,2,1
traffic,library,3,False,1,weekday,3,3
traffic,library,3,False,1,weekday,4,2
traffic,library,3,False,1,weekday,5,174
traffic,library,3,False,1,weekday,6,175
traffic,library,3,False,2,weekday,0,1
traffic,library,3,False,2,weekday,2,2
traffic,library,3,False,2,weekday,3,1
traffic,library,3,False,2,weekday,4,3
traffic,library,3,False,2,weekday,5,4
traffic,library,3,False,2,weekday,6,1
traffic,library,3,False,0,season,autumn,175
traffic,library,3,False,0,season,spring,231
traffic,library,3,False,0,season,summer,259
traffic,library,3,False,0,season,winter,167
traffic,library,3,False,1,season,autumn,78
traffic,library,3,False,1,season,spring,99
traffic,library,3,False,1,season,summer,115
traffic,library,3,False,1,season,winter,78
traffic,library,3,False,2,season,autumn,2
traffic,library,3,False,2,season,spring,3
traffic,library,3,False,2,season,summer,7
traffic,library,3,False,0,year,2012,40
traffic,library,3,False,0,year,2013,87
traffic,library,3,False,0,year,2014,97
traffic,library,3,False,0,year,2015,45
traffic,library,3,False,0,year,2016,142
traffic,library,3,False,0,year,2017,238
traffic,library,3,False,0,year,2018,183
traffic,library,3,False,1,year,2012,14
traffic,library,3,False,1,year,2013,48
traffic,library,3,False,1,year,2014,43
traffic,library,3,False,1,year,2015,21
traffic,library,3,False,1,year,2016,62
traffic,library,3,False,1,year,2017,106
traffic,library,3,False,1,year,2018,76
traffic,library,3,False,2,year,2015,2
traffic,library,3,False,2,year,2016,8
traffic,library,3,False,2,year,2018,2
traffic,library,3,False,0,precip_class,dry,709
traffic,library,3,False,0,precip_class,light,44
traffic,library,3,False,0,precip_class,wet,79
traffic,library,3,False,1,precip_class,dry,322
traffic,library,3,False,1,precip_class,light,21
traffic,library,3,False,1,precip_class,wet,27
traffic,library,3,False,2,precip_class,dry,9
traffic,library,3,False,2,precip_class,light,2
traffic,library,3,False,2,precip_class,wet,1
traffic,library,3,False,0,summary,"n=832; working=0.98; level=7.86; dates=2012-10-04..2018-09-28; holidays=Christmas Day,Columbus Day,Martin Luther King Jr Day,State Fair,Veterans Day,Washingtons Birthday",832
traffic,library,3,False,1,summary,"n=370; working=0.00; level=7.61; dates=2012-10-13..2018-09-30; holidays=Christmas Day,Independence Day,Labor Day,Memorial Day,New Years Day,Thanksgiving Day",370
traffic,library,3,False,2,summary,n=12; working=0.58; level=6.72; dates=2015-07-24..2018-04-14; holidays=,12
traffic,library,8,True,0,day_type,holiday,7
traffic,library,8,True,0,day_type,weekend,130
traffic,library,8,True,1,day_type,holiday,1
traffic,library,8,True,1,day_type,weekend,5
traffic,library,8,True,1,day_type,working,3
traffic,library,8,True,2,day_type,holiday,3
traffic,library,8,True,2,day_type,weekend,156
traffic,library,8,True,2,day_type,working,1
traffic,library,8,True,3,day_type,holiday,12
traffic,library,8,True,3,day_type,working,616
traffic,library,8,True,4,day_type,holiday,7
traffic,library,8,True,4,day_type,weekend,40
traffic,library,8,True,5,day_type,weekend,4
traffic,library,8,True,5,day_type,working,6
traffic,library,8,True,6,day_type,holiday,3
traffic,library,8,True,6,day_type,weekend,20
traffic,library,8,True,7,day_type,holiday,3
traffic,library,8,True,7,day_type,working,197
traffic,library,8,True,0,weekday,0,7
traffic,library,8,True,0,weekday,6,130
traffic,library,8,True,1,weekday,0,2
traffic,library,8,True,1,weekday,4,2
traffic,library,8,True,1,weekday,5,3
traffic,library,8,True,1,weekday,6,2
traffic,library,8,True,2,weekday,0,1
traffic,library,8,True,2,weekday,3,1
traffic,library,8,True,2,weekday,4,2
traffic,library,8,True,2,weekday,5,154
traffic,library,8,True,2,weekday,6,2
traffic,library,8,True,3,weekday,0,157
traffic,library,8,True,3,weekday,1,155
traffic,library,8,True,3,weekday,2,148
traffic,library,8,True,3,weekday,3,142
traffic,library,8,True,3,weekday,4,26
traffic,library,8,True,4,weekday,0,2
traffic,library,8,True,4,weekday,1,2
traffic,library,8,True,4,weekday,2,1
traffic,library,8,True,4,weekday,3,2
traffic,library,8,True,4,weekday,5,13
traffic,library,8,True,4,weekday,6,27
traffic,library,8,True,5,weekday,0,1
traffic,library,8,True,5,weekday,2,2
traffic,library,8,True,5,weekday,3,1
traffic,library,8,True,5,weekday,4,2
traffic,library,8,True,5,weekday,5,3
traffic,library,8,True,5,weekday,6,1
traffic,library,8,True,6,weekday,0,2
traffic,library,8,True,6,weekday,1,1
traffic,library,8,True,6,weekday,5,6
traffic,library,8,True,6,weekday,6,14
traffic,library,8,True,7,weekday,0,7
traffic,library,8,True,7,weekday,1,14
traffic,library,8,True,7,weekday,2,12
traffic,library,8,True,7,weekday,3,26
traffic,library,8,True,7,weekday,4,141
traffic,library,8,True,0,season,autumn,29
traffic,library,8,True,0,season,spring,42
traffic,library,8,True,0,season,summer,47
traffic,library,8,True,0,season,winter,19
traffic,library,8,True,1,season,autumn,2
traffic,library,8,True,1,season,spring,1
traffic,library,8,True,1,season,summer,3
traffic,library,8,True,1,season,winter,3
traffic,library,8,True,2,season,autumn,37
traffic,library,8,True,2,season,spring,43
traffic,library,8,True,2,season,summer,47
traffic,library,8,True,2,season,winter,33
traffic,library,8,True,3,season,autumn,139
traffic,library,8,True,3,season,spring,175
traffic,library,8,True,3,season,summer,182
traffic,library,8,True,3,season,winter,132
traffic,library,8,True,4,season,autumn,7
traffic,library,8,True,4,season,spring,12
traffic,library,8,True,4,season,summer,15
traffic,library,8,True,4,season,winter,13
traffic,library,8,True,5,season,autumn,2
traffic,library,8,True,5,season,spring,1
traffic,library,8,True,5,season,summer,7
traffic,library,8,True,6,season,autumn,5
traffic,library,8,True,6,season,spring,2
traffic,library,8,True,6,season,summer,4
traffic,library,8,True,6,season,winter,12
traffic,library,8,True,7,season,autumn,34
traffic,library,8,True,7,season,spring,57
traffic,library,8,True,7,season,summer,76
traffic,library,8,True,7,season,winter,33
traffic,library,8,True,0,year,2012,4
traffic,library,8,True,0,year,2013,19
traffic,library,8,True,0,year,2014,16
traffic,library,8,True,0,year,2015,7
traffic,library,8,True,0,year,2016,21
traffic,library,8,True,0,year,2017,38
traffic,library,8,True,0,year,2018,32
traffic,library,8,True,1,year,2012,2
traffic,library,8,True,1,year,2016,4
traffic,library,8,True,1,year,2017,2
traffic,library,8,True,1,year,2018,1
traffic,library,8,True,2,year,2012,7
traffic,library,8,True,2,year,2013,20
traffic,library,8,True,2,year,2014,23
traffic,library,8,True,2,year,2015,9
traffic,library,8,True,2,year,2016,27
traffic,library,8,True,2,year,2017,43
traffic,library,8,True,2,year,2018,31
traffic,library,8,True,3,year,2012,32
traffic,library,8,True,3,year,2013,73
traffic,library,8,True,3,year,2014,77
traffic,library,8,True,3,year,2015,32
traffic,library,8,True,3,year,2016,104
traffic,library,8,True,3,year,2017,173
traffic,library,8,True,3,year,2018,137
traffic,library,8,True,4,year,2012,3
traffic,library,8,True,4,year,2013,7
traffic,library,8,True,4,year,2014,4
traffic,library,8,True,4,year,2015,5
traffic,library,8,True,4,year,2016,5
traffic,library,8,True,4,year,2017,18
traffic,library,8,True,4,year,2018,5
traffic,library,8,True,5,year,2015,2
traffic,library,8,True,5,year,2016,7
traffic,library,8,True,5,year,2018,1
traffic,library,8,True,6,year,2013,2
traffic,library,8,True,6,year,2016,6
traffic,library,8,True,6,year,2017,7
traffic,library,8,True,6,year,2018,8
traffic,library,8,True,7,year,2012,6
traffic,library,8,True,7,year,2013,14
traffic,library,8,True,7,year,2014,20
traffic,library,8,True,7,year,2015,13
traffic,library,8,True,7,year,2016,38
traffic,library,8,True,7,year,2017,63
traffic,library,8,True,7,year,2018,46
traffic,library,8,True,0,precip_class,dry,117
traffic,library,8,True,0,precip_class,light,9
traffic,library,8,True,0,precip_class,wet,11
traffic,library,8,True,1,precip_class,dry,9
traffic,library,8,True,2,precip_class,dry,137
traffic,library,8,True,2,precip_class,light,11
traffic,library,8,True,2,precip_class,wet,12
traffic,library,8,True,3,precip_class,dry,534
traffic,library,8,True,3,precip_class,light,31
traffic,library,8,True,3,precip_class,wet,63
traffic,library,8,True,4,precip_class,dry,44
traffic,library,8,True,4,precip_class,wet,3
traffic,library,8,True,5,precip_class,dry,7
traffic,library,8,True,5,precip_class,light,2
traffic,library,8,True,5,precip_class,wet,1
traffic,library,8,True,6,precip_class,dry,21
traffic,library,8,True,6,precip_class,light,1
traffic,library,8,True,6,precip_class,wet,1
traffic,library,8,True,7,precip_class,dry,171
traffic,library,8,True,7,precip_class,light,13
traffic,library,8,True,7,precip_class,wet,16
traffic,library,8,True,0,summary,"n=137; working=0.00; level=7.54; dates=2012-10-14..2018-09-30; holidays=Labor Day,Memorial Day",137
traffic,library,8,True,1,summary,n=9; working=0.33; level=7.41; dates=2012-11-23..2018-04-15; holidays=Christmas Day,9
traffic,library,8,True,2,summary,"n=160; working=0.01; level=7.71; dates=2012-10-13..2018-09-29; holidays=Independence Day,Labor Day",160
traffic,library,8,True,3,summary,"n=628; working=0.98; level=7.85; dates=2012-10-04..2018-09-27; holidays=Columbus Day,Martin Luther King Jr Day,State Fair,Washingtons Birthday",628
traffic,library,8,True,4,summary,"n=47; working=0.00; level=7.51; dates=2012-11-22..2018-08-19; holidays=Christmas Day,Independence Day,Thanksgiving Day",47
traffic,library,8,True,5,summary,n=10; working=0.60; level=6.60; dates=2015-07-24..2018-03-05; holidays=,10
traffic,library,8,True,6,summary,n=23; working=0.00; level=7.54; dates=2013-01-01..2018-09-22; holidays=New Years Day,23
traffic,library,8,True,7,summary,n=200; working=0.98; level=7.92; dates=2012-10-19..2018-09-28; holidays=Veterans Day,200
traffic,fourier,2,False,0,day_type,holiday,21
traffic,fourier,2,False,0,day_type,weekend,352
traffic,fourier,2,False,0,day_type,working,4
traffic,fourier,2,False,1,day_type,holiday,15
traffic,fourier,2,False,1,day_type,weekend,3
traffic,fourier,2,False,1,day_type,working,819
traffic,fourier,2,False,0,weekday,0,14
traffic,fourier,2,False,0,weekday,1,3
traffic,fourier,2,False,0,weekday,2,1
traffic,fourier,2,False,0,weekday,3,3
traffic,fourier,2,False,0,weekday,4,4
traffic,fourier,2,False,0,weekday,5,177
traffic,fourier,2,False,0,weekday,6,175
traffic,fourier,2,False,1,weekday,0,165
traffic,fourier,2,False,1,weekday,1,169
traffic,fourier,2,False,1,weekday,2,162
traffic,fourier,2,False,1,weekday,3,169
traffic,fourier,2,False,1,weekday,4,169
traffic,fourier,2,False,1,weekday,5,2
traffic,fourier,2,False,1,weekday,6,1
traffic,fourier,2,False,0,season,autumn,80
traffic,fourier,2,False,0,season,spring,100
traffic,fourier,2,False,0,season,summer,117
traffic,fourier,2,False,0,season,winter,80
traffic,fourier,2,False,1,season,autumn,175
traffic,fourier,2,False,1,season,spring,233
traffic,fourier,2,False,1,season,summer,264
traffic,fourier,2,False,1,season,winter,165
traffic,fourier,2,False,0,year,2012,16
traffic,fourier,2,False,0,year,2013,48
traffic,fourier,2,False,0,year,2014,43
traffic,fourier,2,False,0,year,2015,22
traffic,fourier,2,False,0,year,2016,63
traffic,fourier,2,False,0,year,2017,108
traffic,fourier,2,False,0,year,2018,77
traffic,fourier,2,False,1,year,2012,38
traffic,fourier,2,False,1,year,2013,87
traffic,fourier,2,False,1,year,2014,97
traffic,fourier,2,False,1,year,2015,46
traffic,fourier,2,False,1,year,2016,149
traffic,fourier,2,False,1,year,2017,236
traffic,fourier,2,False,1,year,2018,184
traffic,fourier,2,False,0,precip_class,dry,329
traffic,fourier,2,False,0,precip_class,light,21
traffic,fourier,2,False,0,precip_class,wet,27
traffic,fourier,2,False,1,precip_class,dry,711
traffic,fourier,2,False,1,precip_class,light,46
traffic,fourier,2,False,1,precip_class,wet,80
traffic,fourier,2,False,0,summary,"n=377; working=0.01; level=7.60; dates=2012-10-13..2018-09-30; holidays=Christmas Day,Independence Day,Labor Day,Memorial Day,New Years Day,Thanksgiving Day",377
traffic,fourier,2,False,1,summary,"n=837; working=0.98; level=7.85; dates=2012-10-04..2018-09-28; holidays=Columbus Day,Martin Luther King Jr Day,State Fair,Veterans Day,Washingtons Birthday",837
traffic,fourier,3,False,0,day_type,holiday,14
traffic,fourier,3,False,0,day_type,working,800
traffic,fourier,3,False,1,day_type,holiday,17
traffic,fourier,3,False,1,day_type,weekend,346
traffic,fourier,3,False,1,day_type,working,3
traffic,fourier,3,False,2,day_type,holiday,5
traffic,fourier,3,False,2,day_type,weekend,9
traffic,fourier,3,False,2,day_type,working,20
traffic,fourier,3,False,0,weekday,0,159
traffic,fourier,3,False,0,weekday,1,168
traffic,fourier,3,False,0,weekday,2,158
traffic,fourier,3,False,0,weekday,3,167
traffic,fourier,3,False,0,weekday,4,162
traffic,fourier,3,False,1,weekday,0,11
traffic,fourier,3,False,1,weekday,1,1
traffic,fourier,3,False,1,weekday,2,1
traffic,fourier,3,False,1,weekday,3,3
traffic,fourier,3,False,1,weekday,4,4
traffic,fourier,3,False,1,weekday,5,173
traffic,fourier,3,False,1,weekday,6,173
traffic,fourier,3,False,2,weekday,0,9
traffic,fourier,3,False,2,weekday,1,3
traffic,fourier,3,False,2,weekday,2,4
traffic,fourier,3,False,2,weekday,3,2
traffic,fourier,3,False,2,weekday,4,7
traffic,fourier,3,False,2,weekday,5,6
traffic,fourier,3,False,2,weekday,6,3
traffic,fourier,3,False,0,season,autumn,170
traffic,fourier,3,False,0,season,spring,229
traffic,fourier,3,False,0,season,summer,255
traffic,fourier,3,False,0,season,winter,160
traffic,fourier,3,False,1,season,autumn,80
traffic,fourier,3,False,1,season,spring,99
traffic,fourier,3,False,1,season,summer,113
traffic,fourier,3,False,1,season,winter,74
traffic,fourier,3,False,2,season,autumn,5
traffic,fourier,3,False,2,season,spring,5
traffic,fourier,3,False,2,season,summer,13
traffic,fourier,3,False,2,season,winter,11
traffic,fourier,3,False,0,year,2012,36
traffic,fourier,3,False,0,year,2013,87
traffic,fourier,3,False,0,year,2014,95
traffic,fourier,3,False,0,year,2015,45
traffic,fourier,3,False,0,year,2016,136
traffic,fourier,3,False,0,year,2017,233
traffic,fourier,3,False,0,year,2018,182
traffic,fourier,3,False,1,year,2012,14
traffic,fourier,3,False,1,year,2013,46
traffic,fourier,3,False,1,year,2014,43
traffic,fourier,3,False,1,year,2015,21
traffic,fourier,3,False,1,year,2016,61
traffic,fourier,3,False,1,year,2017,106
traffic,fourier,3,False,1,year,2018,75
traffic,fourier,3,False,2,year,2012,4
traffic,fourier,3,False,2,year,2013,2
traffic,fourier,3,False,2,year,2014,2
traffic,fourier,3,False,2,year,2015,2
traffic,fourier,3,False,2,year,2016,15
traffic,fourier,3,False,2,year,2017,5
traffic,fourier,3,False,2,year,2018,4
traffic,fourier,3,False,0,precip_class,dry,691
traffic,fourier,3,False,0,precip_class,light,44
traffic,fourier,3,False,0,precip_class,wet,79
traffic,fourier,3,False,1,precip_class,dry,318
traffic,fourier,3,False,1,precip_class,light,21
traffic,fourier,3,False,1,precip_class,wet,27
traffic,fourier,3,False,2,precip_class,dry,31
traffic,fourier,3,False,2,precip_class,light,2
traffic,fourier,3,False,2,precip_class,wet,1
traffic,fourier,3,False,0,summary,"n=814; working=0.98; level=7.87; dates=2012-10-04..2018-09-28; holidays=Columbus Day,Martin Luther King Jr Day,State Fair,Veterans Day,Washingtons Birthday",814
traffic,fourier,3,False,1,summary,"n=366; working=0.01; level=7.61; dates=2012-10-13..2018-09-30; holidays=Christmas Day,Independence Day,Labor Day,Memorial Day,New Years Day,Thanksgiving Day",366
traffic,fourier,3,False,2,summary,"n=34; working=0.59; level=7.29; dates=2012-11-07..2018-04-14; holidays=Christmas Day,New Years Day,Veterans Day",34
traffic,fourier,8,True,0,day_type,holiday,10
traffic,fourier,8,True,0,day_type,weekend,36
traffic,fourier,8,True,0,day_type,working,3
traffic,fourier,8,True,1,day_type,holiday,5
traffic,fourier,8,True,1,day_type,working,321
traffic,fourier,8,True,2,day_type,weekend,67
traffic,fourier,8,True,3,day_type,holiday,5
traffic,fourier,8,True,3,day_type,working,109
traffic,fourier,8,True,4,day_type,holiday,3
traffic,fourier,8,True,4,day_type,weekend,87
traffic,fourier,8,True,4,day_type,working,1
traffic,fourier,8,True,5,day_type,holiday,5
traffic,fourier,8,True,5,day_type,working,380
traffic,fourier,8,True,6,day_type,holiday,8
traffic,fourier,8,True,6,day_type,weekend,161
traffic,fourier,8,True,7,day_type,weekend,4
traffic,fourier,8,True,7,day_type,working,9
traffic,fourier,8,True,0,weekday,0,6
traffic,fourier,8,True,0,weekday,1,3
traffic,fourier,8,True,0,weekday,2,1
traffic,fourier,8,True,0,weekday,3,1
traffic,fourier,8,True,0,weekday,4,2
traffic,fourier,8,True,0,weekday,5,14
traffic,fourier,8,True,0,weekday,6,22
traffic,fourier,8,True,1,weekday,0,17
traffic,fourier,8,True,1,weekday,1,53
traffic,fourier,8,True,1,weekday,2,38
traffic,fourier,8,True,1,weekday,3,79
traffic,fourier,8,True,1,weekday,4,139
traffic,fourier,8,True,2,weekday,5,66
traffic,fourier,8,True,2,weekday,6,1
traffic,fourier,8,True,3,weekday,0,32
traffic,fourier,8,True,3,weekday,1,14
traffic,fourier,8,True,3,weekday,2,21
traffic,fourier,8,True,3,weekday,3,22
traffic,fourier,8,True,3,weekday,4,25
traffic,fourier,8,True,4,weekday,0,2
traffic,fourier,8,True,4,weekday,4,2
traffic,fourier,8,True,4,weekday,5,87
traffic,fourier,8,True,5,weekday,0,113
traffic,fourier,8,True,5,weekday,1,102
traffic,fourier,8,True,5,weekday,2,101
traffic,fourier,8,True,5,weekday,3,67
traffic,fourier,8,True,5,weekday,4,2
traffic,fourier,8,True,6,weekday,0,6
traffic,fourier,8,True,6,weekday,3,2
traffic,fourier,8,True,6,weekday,5,9
traffic,fourier,8,True,6,weekday,6,152
traffic,fourier,8,True,7,weekday,0,3
traffic,fourier,8,True,7,weekday,2,2
traffic,fourier,8,True,7,weekday,3,1
traffic,fourier,8,True,7,weekday,4,3
traffic,fourier,8,True,7,weekday,5,3
traffic,fourier,8,True,7,weekday,6,1
traffic,fourier,8,True,0,season,autumn,11
traffic,fourier,8,True,0,season,spring,4
traffic,fourier,8,True,0,season,summer,12
traffic,fourier,8,True,0,season,winter,22
traffic,fourier,8,True,1,season,autumn,64
traffic,fourier,8,True,1,season,spring,86
traffic,fourier,8,True,1,season,summer,119
traffic,fourier,8,True,1,season,winter,57
traffic,fourier,8,True,2,season,autumn,11
traffic,fourier,8,True,2,season,spring,12
traffic,fourier,8,True,2,season,summer,41
traffic,fourier,8,True,2,season,winter,3
traffic,fourier,8,True,3,season,autumn,14
traffic,fourier,8,True,3,season,spring,21
traffic,fourier,8,True,3,season,summer,48
traffic,fourier,8,True,3,season,winter,31
traffic,fourier,8,True,4,season,autumn,26
traffic,fourier,8,True,4,season,spring,32
traffic,fourier,8,True,4,season,summer,7
traffic,fourier,8,True,4,season,winter,26
traffic,fourier,8,True,5,season,autumn,95
traffic,fourier,8,True,5,season,spring,123
traffic,fourier,8,True,5,season,summer,91
traffic,fourier,8,True,5,season,winter,76
traffic,fourier,8,True,6,season,autumn,32
traffic,fourier,8,True,6,season,spring,52
traffic,fourier,8,True,6,season,summer,56
traffic,fourier,8,True,6,season,winter,29
traffic,fourier,8,True,7,season,autumn,2
traffic,fourier,8,True,7,season,spring,3
traffic,fourier,8,True,7,season,summer,7
traffic,fourier,8,True,7,season,winter,1
traffic,fourier,8,True,0,year,2012,3
traffic,fourier,8,True,0,year,2013,4
traffic,fourier,8,True,0,year,2015,2
traffic,fourier,8,True,0,year,2016,17
traffic,fourier,8,True,0,year,2017,12
traffic,fourier,8,True,0,year,2018,11
traffic,fourier,8,True,1,year,2012,9
traffic,fourier,8,True,1,year,2013,31
traffic,fourier,8,True,1,year,2014,34
traffic,fourier,8,True,1,year,2015,28
traffic,fourier,8,True,1,year,2016,41
traffic,fourier,8,True,1,year,2017,104
traffic,fourier,8,True,1,year,2018,79
traffic,fourier,8,True,2,year,2013,5
traffic,fourier,8,True,2,year,2014,8
traffic,fourier,8,True,2,year,2015,6
traffic,fourier,8,True,2,year,2016,17
traffic,fourier,8,True,2,year,2017,17
traffic,fourier,8,True,2,year,2018,14
traffic,fourier,8,True,3,year,2012,2
traffic,fourier,8,True,3,year,2013,9
traffic,fourier,8,True,3,year,2014,11
traffic,fourier,8,True,3,year,2015,4
traffic,fourier,8,True,3,year,2016,43
traffic,fourier,8,True,3,year,2017,32
traffic,fourier,8,True,3,year,2018,13
traffic,fourier,8,True,4,year,2012,7
traffic,fourier,8,True,4,year,2013,14
traffic,fourier,8,True,4,year,2014,15
traffic,fourier,8,True,4,year,2015,3
traffic,fourier,8,True,4,year,2016,9
traffic,fourier,8,True,4,year,2017,25
traffic,fourier,8,True,4,year,2018,18
traffic,fourier,8,True,5,year,2012,27
traffic,fourier,8,True,5,year,2013,47
traffic,fourier,8,True,5,year,2014,52
traffic,fourier,8,True,5,year,2015,13
traffic,fourier,8,True,5,year,2016,56
traffic,fourier,8,True,5,year,2017,100
traffic,fourier,8,True,5,year,2018,90
traffic,fourier,8,True,6,year,2012,6
traffic,fourier,8,True,6,year,2013,25
traffic,fourier,8,True,6,year,2014,20
traffic,fourier,8,True,6,year,2015,10
traffic,fourier,8,True,6,year,2016,20
traffic,fourier,8,True,6,year,2017,54
traffic,fourier,8,True,6,year,2018,34
traffic,fourier,8,True,7,year,2015,2
traffic,fourier,8,True,7,year,2016,9
traffic,fourier,8,True,7,year,2018,2
traffic,fourier,8,True,0,precip_class,dry,47
traffic,fourier,8,True,0,precip_class,light,1
traffic,fourier,8,True,0,precip_class,wet,1
traffic,fourier,8,True,1,precip_class,dry,283
traffic,fourier,8,True,1,precip_class,light,16
traffic,fourier,8,True,1,precip_class,wet,27
traffic,fourier,8,True,2,precip_class,dry,55
traffic,fourier,8,True,2,precip_class,light,6
traffic,fourier,8,True,2,precip_class,wet,6
traffic,fourier,8,True,3,precip_class,dry,92
traffic,fourier,8,True,3,precip_class,light,7
traffic,fourier,8,True,3,precip_class,wet,15
traffic,fourier,8,True,4,precip_class,dry,80
traffic,fourier,8,True,4,precip_class,light,5
traffic,fourier,8,True,4,precip_class,wet,6
traffic,fourier,8,True,5,precip_class,dry,327
traffic,fourier,8,True,5,precip_class,light,21
traffic,fourier,8,True,5,precip_class,wet,37
traffic,fourier,8,True,6,precip_class,dry,146
traffic,fourier,8,True,6,precip_class,light,9
traffic,fourier,8,True,6,precip_class,wet,14
traffic,fourier,8,True,7,precip_class,dry,10
traffic,fourier,8,True,7,precip_class,light,2
traffic,fourier,8,True,7,precip_class,wet,1
traffic,fourier,8,True,0,summary,"n=49; working=0.06; level=7.48; dates=2012-11-23..2018-09-22; holidays=Christmas Day,Independence Day,Labor Day,New Years Day",49
traffic,fourier,8,True,1,summary,"n=326; working=0.98; level=7.91; dates=2012-10-19..2018-09-28; holidays=State Fair,Veterans Day,Washingtons Birthday",326
traffic,fourier,8,True,2,summary,n=67; working=0.00; level=7.73; dates=2013-05-11..2018-09-15; holidays=,67
traffic,fourier,8,True,3,summary,"n=114; working=0.96; level=7.85; dates=2012-11-07..2018-08-20; holidays=Martin Luther King Jr Day,Veterans Day,Washingtons Birthday",114
traffic,fourier,8,True,4,summary,"n=91; working=0.01; level=7.71; dates=2012-10-13..2018-09-29; holidays=Independence Day,Labor Day",91
traffic,fourier,8,True,5,summary,"n=385; working=0.99; level=7.84; dates=2012-10-04..2018-09-27; holidays=Columbus Day,State Fair,Washingtons Birthday",385
traffic,fourier,8,True,6,summary,"n=169; working=0.00; level=7.54; dates=2012-10-14..2018-09-30; holidays=Christmas Day,Labor Day,Memorial Day,Thanksgiving Day",169
traffic,fourier,8,True,7,summary,n=13; working=0.69; level=6.83; dates=2015-07-24..2018-03-05; holidays=,13
