pair,beta_complexity,seed,matched_error,mean_complexity,n_iterations,expressions
linear,0.0,11,0.0,2.0,1,0.99192 +1.9681*x | 2.9499 -1.0078*x
linear,0.0,23,0.0,2.0,1,2.9269 -1.0484*x | 0.94767 +2.0084*x
linear,0.0,42,0.0,2.0,1,1.0491 +1.9982*x | 3.04 -1.0376*x
linear,0.002,11,0.0,2.0,1,0.99192 +1.9681*x | 2.9499 -1.0078*x
linear,0.002,23,0.0,2.0,1,2.9269 -1.0484*x | 0.94767 +2.0084*x
linear,0.002,42,0.0,2.0,1,1.0491 +1.9982*x | 3.04 -1.0376*x
linear,0.02,11,0.0,2.0,1,0.99192 +1.9681*x | 2.9499 -1.0078*x
linear,0.02,23,0.0,2.0,1,2.9269 -1.0484*x | 0.94767 +2.0084*x
linear,0.02,42,0.0,2.0,1,1.0491 +1.9982*x | 3.04 -1.0376*x
linear,0.2,11,0.0,2.0,1,0.99192 +1.9681*x | 2.9499 -1.0078*x
linear,0.2,23,0.0,2.0,1,2.9269 -1.0484*x | 0.94767 +2.0084*x
linear,0.2,42,0.0,2.0,1,1.0491 +1.9982*x | 3.04 -1.0376*x
linear,1.0,11,0.0,2.0,1,0.99192 +1.9681*x | 2.9499 -1.0078*x
linear,1.0,23,0.0,2.0,1,2.9269 -1.0484*x | 0.94767 +2.0084*x
linear,1.0,42,0.0,2.0,1,1.0491 +1.9982*x | 3.04 -1.0376*x
linear,5.0,11,0.0,2.0,1,0.99192 +1.9681*x | 2.9499 -1.0078*x
linear,5.0,23,0.0,2.0,1,2.9269 -1.0484*x | 0.94767 +2.0084*x
linear,5.0,42,0.0,2.0,1,1.0491 +1.9982*x | 3.04 -1.0376*x
polynomial,0.0,11,0.0,3.0,1,0.011615 +0.98773*(x)^2 +0.98128*x | 0.036005 -1.0049*x +0.95119*(x)^2
polynomial,0.0,23,0.0,3.0,1,0.0029911 -1.028*x +0.96531*(x)^2 | -0.069678 +1.03*(x)^2 +1.0047*x
polynomial,0.0,42,0.0,3.0,1,-0.0048706 +1.0253*(x)^2 +0.99915*x | 0.039271 -1.0217*x +0.98789*(x)^2
polynomial,0.002,11,0.0,3.0,1,0.011615 +0.98773*(x)^2 +0.98128*x | 0.036005 -1.0049*x +0.95119*(x)^2
polynomial,0.002,23,0.0,3.0,1,0.0029911 -1.028*x +0.96531*(x)^2 | -0.069678 +1.03*(x)^2 +1.0047*x
polynomial,0.002,42,0.0,3.0,1,-0.0048706 +1.0253*(x)^2 +0.99915*x | 0.039271 -1.0217*x +0.98789*(x)^2
polynomial,0.02,11,0.0,3.0,1,0.011615 +0.98773*(x)^2 +0.98128*x | 0.036005 -1.0049*x +0.95119*(x)^2
polynomial,0.02,23,0.0,3.0,1,0.0029911 -1.028*x +0.96531*(x)^2 | -0.069678 +1.03*(x)^2 +1.0047*x
polynomial,0.02,42,0.0,3.0,1,-0.0048706 +1.0253*(x)^2 +0.99915*x | 0.039271 -1.0217*x +0.98789*(x)^2
polynomial,0.2,11,0.0,3.0,1,0.011615 +0.98773*(x)^2 +0.98128*x | 0.036005 -1.0049*x +0.95119*(x)^2
polynomial,0.2,23,0.0,3.0,1,0.0029911 -1.028*x +0.96531*(x)^2 | -0.069678 +1.03*(x)^2 +1.0047*x
polynomial,0.2,42,0.0,3.0,1,-0.0048706 +1.0253*(x)^2 +0.99915*x | 0.039271 -1.0217*x +0.98789*(x)^2
polynomial,1.0,11,0.0,3.0,1,0.011615 +0.98773*(x)^2 +0.98128*x | 0.036005 -1.0049*x +0.95119*(x)^2
polynomial,1.0,23,0.0,3.0,1,0.0029911 -1.028*x +0.96531*(x)^2 | -0.069678 +1.03*(x)^2 +1.0047*x
polynomial,1.0,42,0.0,3.0,1,-0.0048706 +1.0253*(x)^2 +0.99915*x | 0.039271 -1.0217*x +0.98789*(x)^2
polynomial,5.0,11,0.0,3.0,1,0.011615 +0.98773*(x)^2 +0.98128*x | 0.036005 -1.0049*x +0.95119*(x)^2
polynomial,5.0,23,0.0,3.0,1,0.0029911 -1.028*x +0.96531*(x)^2 | -0.069678 +1.03*(x)^2 +1.0047*x
polynomial,5.0,42,0.0,3.0,1,-0.0048706 +1.0253*(x)^2 +0.99915*x | 0.039271 -1.0217*x +0.98789*(x)^2
oscillatory,0.0,11,0.0,2.5,1,-0.002651 +1.2835*sin(x) | -0.0373 +1.0544*cos(x) +0.19789*x
oscillatory,0.0,23,0.0,3.0,1,-0.036582 +1.0393*cos(x) +0.18791*x | -0.012858 +1.3344*sin(x) -0.094305*sin(2
oscillatory,0.0,42,0.0,3.0,1,0.012463 +1.3325*sin(x) -0.10173*sin(2*x | 0.0022804 +1.017*cos(x) +0.19058*x
oscillatory,0.002,11,0.0,2.5,1,-0.002651 +1.2835*sin(x) | -0.0373 +1.0544*cos(x) +0.19789*x
oscillatory,0.002,23,0.0,3.0,1,-0.036582 +1.0393*cos(x) +0.18791*x | -0.012858 +1.3344*sin(x) -0.094305*sin(2
oscillatory,0.002,42,0.0,3.0,1,0.012463 +1.3325*sin(x) -0.10173*sin(2*x | 0.0022804 +1.017*cos(x) +0.19058*x
oscillatory,0.02,11,0.0,2.5,1,-0.002651 +1.2835*sin(x) | -0.0373 +1.0544*cos(x) +0.19789*x
oscillatory,0.02,23,0.0,3.0,1,-0.036582 +1.0393*cos(x) +0.18791*x | -0.012858 +1.3344*sin(x) -0.094305*sin(2
oscillatory,0.02,42,0.0,3.0,1,0.012463 +1.3325*sin(x) -0.10173*sin(2*x | 0.0022804 +1.017*cos(x) +0.19058*x
oscillatory,0.2,11,0.0,2.5,1,-0.002651 +1.2835*sin(x) | -0.0373 +1.0544*cos(x) +0.19789*x
oscillatory,0.2,23,0.0,3.0,1,-0.036582 +1.0393*cos(x) +0.18791*x | -0.012858 +1.3344*sin(x) -0.094305*sin(2
oscillatory,0.2,42,0.0,3.0,1,0.012463 +1.3325*sin(x) -0.10173*sin(2*x | 0.0022804 +1.017*cos(x) +0.19058*x
oscillatory,1.0,11,0.0,2.5,10,-0.002651 +1.2835*sin(x) | -0.0373 +1.0544*cos(x) +0.19789*x
oscillatory,1.0,23,0.0,3.0,1,-0.036582 +1.0393*cos(x) +0.18791*x | -0.012858 +1.3344*sin(x) -0.094305*sin(2
oscillatory,1.0,42,0.0,3.0,1,0.012463 +1.3325*sin(x) -0.10173*sin(2*x | 0.0022804 +1.017*cos(x) +0.19058*x
oscillatory,5.0,11,0.4866666666666667,3.5,10,0.81963 -0.41202*(x)^2 +0.37603*x | -0.019918 +0.8233*sin(x) +0.52742*cos(x)
oscillatory,5.0,23,0.0,3.0,1,-0.036582 +1.0393*cos(x) +0.18791*x | -0.012858 +1.3344*sin(x) -0.094305*sin(2
oscillatory,5.0,42,0.0,3.0,1,0.012463 +1.3325*sin(x) -0.10173*sin(2*x | 0.0022804 +1.017*cos(x) +0.19058*x
saturation,0.0,11,0.0,2.0,1,-0.046922 +0.45902*x | -0.10183 +2.0659*log1p(abs(x))
saturation,0.0,23,0.0,2.0,1,-0.068489 +2.0272*log1p(abs(x)) | -0.088535 +0.4723*x
saturation,0.0,42,0.0,2.0,1,-0.050424 +0.46894*x | -0.037027 +2.0309*log1p(abs(x))
saturation,0.002,11,0.0,2.0,1,-0.046922 +0.45902*x | -0.10183 +2.0659*log1p(abs(x))
saturation,0.002,23,0.0,2.0,1,-0.068489 +2.0272*log1p(abs(x)) | -0.088535 +0.4723*x
saturation,0.002,42,0.0,2.0,1,-0.050424 +0.46894*x | -0.037027 +2.0309*log1p(abs(x))
saturation,0.02,11,0.0,2.0,1,-0.046922 +0.45902*x | -0.10183 +2.0659*log1p(abs(x))
saturation,0.02,23,0.0,2.0,1,-0.068489 +2.0272*log1p(abs(x)) | -0.088535 +0.4723*x
saturation,0.02,42,0.0,2.0,1,-0.050424 +0.46894*x | -0.037027 +2.0309*log1p(abs(x))
saturation,0.2,11,0.0,2.0,1,-0.046922 +0.45902*x | -0.10183 +2.0659*log1p(abs(x))
saturation,0.2,23,0.0,2.0,1,-0.068489 +2.0272*log1p(abs(x)) | -0.088535 +0.4723*x
saturation,0.2,42,0.0,2.0,1,-0.050424 +0.46894*x | -0.037027 +2.0309*log1p(abs(x))
saturation,1.0,11,0.0,2.0,1,-0.046922 +0.45902*x | -0.10183 +2.0659*log1p(abs(x))
saturation,1.0,23,0.0,2.0,1,-0.068489 +2.0272*log1p(abs(x)) | -0.088535 +0.4723*x
saturation,1.0,42,0.0,2.0,1,-0.050424 +0.46894*x | -0.037027 +2.0309*log1p(abs(x))
saturation,5.0,11,0.0,2.0,1,-0.046922 +0.45902*x | -0.10183 +2.0659*log1p(abs(x))
saturation,5.0,23,0.0,2.0,1,-0.068489 +2.0272*log1p(abs(x)) | -0.088535 +0.4723*x
saturation,5.0,42,0.0,2.0,1,-0.050424 +0.46894*x | -0.037027 +2.0309*log1p(abs(x))
