dataset,group,keep,seed,method,error,basis_size
Chinatown,daily,1.0,11,law_cosine,0.07580174927113703,4
Chinatown,daily,1.0,11,raw_1nn_ed,0.05539358600583091,4
Chinatown,daily,1.0,11,raw_centroid,0.2099125364431487,4
Chinatown,daily,1.0,11,mech_logistic_project,0.023323615160349854,4
Chinatown,daily,1.0,11,mech_logistic_solve,0.023323615160349854,4
Chinatown,daily,0.5,11,law_cosine,0.17201166180758018,4
Chinatown,daily,0.5,11,raw_1nn_ed,0.13994169096209913,4
Chinatown,daily,0.5,11,raw_centroid,0.24489795918367346,4
Chinatown,daily,0.5,11,mech_logistic_project,0.08746355685131195,4
Chinatown,daily,0.5,11,mech_logistic_solve,0.05830903790087463,4
Chinatown,daily,0.25,11,law_cosine,0.3177842565597668,4
Chinatown,daily,0.25,11,raw_1nn_ed,0.36151603498542273,4
Chinatown,daily,0.25,11,raw_centroid,0.31486880466472306,4
Chinatown,daily,0.25,11,mech_logistic_project,0.3877551020408163,4
Chinatown,daily,0.25,11,mech_logistic_solve,0.40524781341107874,4
Chinatown,daily,0.1,11,law_cosine,0.40816326530612246,4
Chinatown,daily,0.1,11,raw_1nn_ed,0.3673469387755102,4
Chinatown,daily,0.1,11,raw_centroid,0.4314868804664723,4
Chinatown,daily,0.1,11,mech_logistic_project,0.29737609329446063,4
Chinatown,daily,0.1,11,mech_logistic_solve,0.6822157434402333,4
Chinatown,daily,0.5,23,law_cosine,0.14868804664723032,4
Chinatown,daily,0.5,23,raw_1nn_ed,0.16326530612244897,4
Chinatown,daily,0.5,23,raw_centroid,0.26822157434402333,4
Chinatown,daily,0.5,23,mech_logistic_project,0.10787172011661808,4
Chinatown,daily,0.5,23,mech_logistic_solve,0.0641399416909621,4
Chinatown,daily,0.25,23,law_cosine,0.19533527696793002,4
Chinatown,daily,0.25,23,raw_1nn_ed,0.3935860058309038,4
Chinatown,daily,0.25,23,raw_centroid,0.27405247813411077,4
Chinatown,daily,0.25,23,mech_logistic_project,0.3935860058309038,4
Chinatown,daily,0.25,23,mech_logistic_solve,0.3323615160349854,4
Chinatown,daily,0.1,23,law_cosine,0.36443148688046645,4
Chinatown,daily,0.1,23,raw_1nn_ed,0.40233236151603496,4
Chinatown,daily,0.1,23,raw_centroid,0.33527696793002915,4
Chinatown,daily,0.1,23,mech_logistic_project,0.3556851311953353,4
Chinatown,daily,0.1,23,mech_logistic_solve,0.3877551020408163,4
Chinatown,daily,0.5,42,law_cosine,0.1749271137026239,4
Chinatown,daily,0.5,42,raw_1nn_ed,0.13994169096209913,4
Chinatown,daily,0.5,42,raw_centroid,0.2653061224489796,4
Chinatown,daily,0.5,42,mech_logistic_project,0.09329446064139942,4
Chinatown,daily,0.5,42,mech_logistic_solve,0.0728862973760933,4
Chinatown,daily,0.25,42,law_cosine,0.37026239067055394,4
Chinatown,daily,0.25,42,raw_1nn_ed,0.31486880466472306,4
Chinatown,daily,0.25,42,raw_centroid,0.3177842565597668,4
Chinatown,daily,0.25,42,mech_logistic_project,0.2886297376093295,4
Chinatown,daily,0.25,42,mech_logistic_solve,0.3760932944606414,4
Chinatown,daily,0.1,42,law_cosine,0.33527696793002915,4
Chinatown,daily,0.1,42,raw_1nn_ed,0.4314868804664723,4
Chinatown,daily,0.1,42,raw_centroid,0.3965014577259475,4
Chinatown,daily,0.1,42,mech_logistic_project,0.3556851311953353,4
Chinatown,daily,0.1,42,mech_logistic_solve,0.48104956268221577,4
ItalyPowerDemand,daily,1.0,11,law_cosine,0.0456754130223518,8
ItalyPowerDemand,daily,1.0,11,raw_1nn_ed,0.04470359572400389,8
ItalyPowerDemand,daily,1.0,11,raw_centroid,0.08163265306122448,8
ItalyPowerDemand,daily,1.0,11,mech_logistic_project,0.047619047619047616,8
ItalyPowerDemand,daily,1.0,11,mech_logistic_solve,0.047619047619047616,8
ItalyPowerDemand,daily,0.5,11,law_cosine,0.15743440233236153,8
ItalyPowerDemand,daily,0.5,11,raw_1nn_ed,0.1282798833819242,8
ItalyPowerDemand,daily,0.5,11,raw_centroid,0.12244897959183673,8
ItalyPowerDemand,daily,0.5,11,mech_logistic_project,0.0826044703595724,8
ItalyPowerDemand,daily,0.5,11,mech_logistic_solve,0.11175898931000972,8
ItalyPowerDemand,daily,0.25,11,law_cosine,0.18950437317784258,8
ItalyPowerDemand,daily,0.25,11,raw_1nn_ed,0.35082604470359574,8
ItalyPowerDemand,daily,0.25,11,raw_centroid,0.28765792031098153,8
ItalyPowerDemand,daily,0.25,11,mech_logistic_project,0.43440233236151604,8
ItalyPowerDemand,daily,0.25,11,mech_logistic_solve,0.4946550048590865,8
ItalyPowerDemand,daily,0.1,11,law_cosine,0.3138969873663751,8
ItalyPowerDemand,daily,0.1,11,raw_1nn_ed,0.42857142857142855,8
ItalyPowerDemand,daily,0.1,11,raw_centroid,0.43537414965986393,8
ItalyPowerDemand,daily,0.1,11,mech_logistic_project,0.4217687074829932,8
ItalyPowerDemand,daily,0.1,11,mech_logistic_solve,0.4314868804664723,8
ItalyPowerDemand,daily,0.5,23,law_cosine,0.09329446064139942,8
ItalyPowerDemand,daily,0.5,23,raw_1nn_ed,0.16229348882410108,8
ItalyPowerDemand,daily,0.5,23,raw_centroid,0.1457725947521866,8
ItalyPowerDemand,daily,0.5,23,mech_logistic_project,0.11370262390670553,8
ItalyPowerDemand,daily,0.5,23,mech_logistic_solve,0.119533527696793,8
ItalyPowerDemand,daily,0.25,23,law_cosine,0.2196307094266278,8
ItalyPowerDemand,daily,0.25,23,raw_1nn_ed,0.3459669582118562,8
ItalyPowerDemand,daily,0.25,23,raw_centroid,0.4013605442176871,8
ItalyPowerDemand,daily,0.25,23,mech_logistic_project,0.4412050534499514,8
ItalyPowerDemand,daily,0.25,23,mech_logistic_solve,0.5170068027210885,8
ItalyPowerDemand,daily,0.1,23,law_cosine,0.2857142857142857,8
ItalyPowerDemand,daily,0.1,23,raw_1nn_ed,0.4334305150631681,8
ItalyPowerDemand,daily,0.1,23,raw_centroid,0.4645286686103013,8
ItalyPowerDemand,daily,0.1,23,mech_logistic_project,0.46258503401360546,8
ItalyPowerDemand,daily,0.1,23,mech_logistic_solve,0.45383867832847424,8
ItalyPowerDemand,daily,0.5,42,law_cosine,0.14965986394557823,8
ItalyPowerDemand,daily,0.5,42,raw_1nn_ed,0.14188532555879493,8
ItalyPowerDemand,daily,0.5,42,raw_centroid,0.15160349854227406,8
ItalyPowerDemand,daily,0.5,42,mech_logistic_project,0.10787172011661808,8
ItalyPowerDemand,daily,0.5,42,mech_logistic_solve,0.1185617103984451,8
ItalyPowerDemand,daily,0.25,42,law_cosine,0.19436345966958213,8
ItalyPowerDemand,daily,0.25,42,raw_1nn_ed,0.39067055393586003,8
ItalyPowerDemand,daily,0.25,42,raw_centroid,0.4013605442176871,8
ItalyPowerDemand,daily,0.25,42,mech_logistic_project,0.478134110787172,8
ItalyPowerDemand,daily,0.25,42,mech_logistic_solve,0.5276967930029155,8
ItalyPowerDemand,daily,0.1,42,law_cosine,0.22643343051506318,8
ItalyPowerDemand,daily,0.1,42,raw_1nn_ed,0.446064139941691,8
ItalyPowerDemand,daily,0.1,42,raw_centroid,0.4771622934888241,8
ItalyPowerDemand,daily,0.1,42,mech_logistic_project,0.4518950437317784,8
ItalyPowerDemand,daily,0.1,42,mech_logistic_solve,0.48104956268221577,8
MelbournePedestrian,daily,1.0,11,law_cosine,0.08651086510865108,12
MelbournePedestrian,daily,1.0,11,raw_1nn_ed,0.05453054530545305,12
MelbournePedestrian,daily,1.0,11,raw_centroid,0.25010250102501025,12
MelbournePedestrian,daily,1.0,11,mech_logistic_project,0.0951209512095121,12
MelbournePedestrian,daily,1.0,11,mech_logistic_solve,0.09348093480934809,12
MelbournePedestrian,daily,0.5,11,law_cosine,0.27511275112751127,6
MelbournePedestrian,daily,0.5,11,raw_1nn_ed,0.18696186961869618,6
MelbournePedestrian,daily,0.5,11,raw_centroid,0.3214432144321443,6
MelbournePedestrian,daily,0.5,11,mech_logistic_project,0.34727347273472736,6
MelbournePedestrian,daily,0.5,11,mech_logistic_solve,0.34522345223452233,6
MelbournePedestrian,daily,0.25,11,law_cosine,0.5030750307503075,3
MelbournePedestrian,daily,0.25,11,raw_1nn_ed,0.4177941779417794,3
MelbournePedestrian,daily,0.25,11,raw_centroid,0.4874948749487495,3
MelbournePedestrian,daily,0.25,11,mech_logistic_project,0.5871258712587126,3
MelbournePedestrian,daily,0.25,11,mech_logistic_solve,0.5641656416564166,3
MelbournePedestrian,daily,0.1,11,law_cosine,0.6941369413694137,2
MelbournePedestrian,daily,0.1,11,raw_1nn_ed,0.6330463304633046,2
MelbournePedestrian,daily,0.1,11,raw_centroid,0.6642066420664207,2
MelbournePedestrian,daily,0.1,11,mech_logistic_project,0.6908569085690857,2
MelbournePedestrian,daily,0.1,11,mech_logistic_solve,0.6974169741697417,2
MelbournePedestrian,daily,0.5,23,law_cosine,0.26609266092660927,6
MelbournePedestrian,daily,0.5,23,raw_1nn_ed,0.17015170151701517,6
MelbournePedestrian,daily,0.5,23,raw_centroid,0.3124231242312423,6
MelbournePedestrian,daily,0.5,23,mech_logistic_project,0.35793357933579334,6
MelbournePedestrian,daily,0.5,23,mech_logistic_solve,0.3120131201312013,6
MelbournePedestrian,daily,0.25,23,law_cosine,0.5219352193521936,3
MelbournePedestrian,daily,0.25,23,raw_1nn_ed,0.4198441984419844,3
MelbournePedestrian,daily,0.25,23,raw_centroid,0.4776547765477655,3
MelbournePedestrian,daily,0.25,23,mech_logistic_project,0.5908159081590816,3
MelbournePedestrian,daily,0.25,23,mech_logistic_solve,0.5625256252562526,3
MelbournePedestrian,daily,0.1,23,law_cosine,0.6765067650676507,2
MelbournePedestrian,daily,0.1,23,raw_1nn_ed,0.5940959409594095,2
MelbournePedestrian,daily,0.1,23,raw_centroid,0.6416564165641656,2
MelbournePedestrian,daily,0.1,23,mech_logistic_project,0.6818368183681837,2
MelbournePedestrian,daily,0.1,23,mech_logistic_solve,0.6974169741697417,2
MelbournePedestrian,daily,0.5,42,law_cosine,0.27060270602706027,6
MelbournePedestrian,daily,0.5,42,raw_1nn_ed,0.16482164821648215,6
MelbournePedestrian,daily,0.5,42,raw_centroid,0.31406314063140633,6
MelbournePedestrian,daily,0.5,42,mech_logistic_project,0.35219352193521936,6
MelbournePedestrian,daily,0.5,42,mech_logistic_solve,0.32718327183271834,6
MelbournePedestrian,daily,0.25,42,law_cosine,0.5248052480524805,3
MelbournePedestrian,daily,0.25,42,raw_1nn_ed,0.4239442394423944,3
MelbournePedestrian,daily,0.25,42,raw_centroid,0.4920049200492005,3
MelbournePedestrian,daily,0.25,42,mech_logistic_project,0.5809758097580976,3
MelbournePedestrian,daily,0.25,42,mech_logistic_solve,0.5592455924559245,3
MelbournePedestrian,daily,0.1,42,law_cosine,0.6658466584665846,2
MelbournePedestrian,daily,0.1,42,raw_1nn_ed,0.6133661336613366,2
MelbournePedestrian,daily,0.1,42,raw_centroid,0.6408364083640836,2
MelbournePedestrian,daily,0.1,42,mech_logistic_project,0.6707667076670767,2
MelbournePedestrian,daily,0.1,42,mech_logistic_solve,0.6990569905699057,2
PowerCons,daily,1.0,11,law_cosine,0.022222222222222223,16
PowerCons,daily,1.0,11,raw_1nn_ed,0.022222222222222223,16
PowerCons,daily,1.0,11,raw_centroid,0.027777777777777776,16
PowerCons,daily,1.0,11,mech_logistic_project,0.0,16
PowerCons,daily,1.0,11,mech_logistic_solve,0.0,16
PowerCons,daily,0.5,11,law_cosine,0.03888888888888889,16
PowerCons,daily,0.5,11,raw_1nn_ed,0.027777777777777776,16
PowerCons,daily,0.5,11,raw_centroid,0.03888888888888889,16
PowerCons,daily,0.5,11,mech_logistic_project,0.016666666666666666,16
PowerCons,daily,0.5,11,mech_logistic_solve,0.0,16
PowerCons,daily,0.25,11,law_cosine,0.07222222222222222,16
PowerCons,daily,0.25,11,raw_1nn_ed,0.06111111111111111,16
PowerCons,daily,0.25,11,raw_centroid,0.05555555555555555,16
PowerCons,daily,0.25,11,mech_logistic_project,0.05,16
PowerCons,daily,0.25,11,mech_logistic_solve,0.05555555555555555,16
PowerCons,daily,0.1,11,law_cosine,0.11666666666666667,16
PowerCons,daily,0.1,11,raw_1nn_ed,0.15555555555555556,16
PowerCons,daily,0.1,11,raw_centroid,0.1111111111111111,16
PowerCons,daily,0.1,11,mech_logistic_project,0.12777777777777777,16
PowerCons,daily,0.1,11,mech_logistic_solve,0.1388888888888889,16
PowerCons,daily,0.5,23,law_cosine,0.022222222222222223,16
PowerCons,daily,0.5,23,raw_1nn_ed,0.022222222222222223,16
PowerCons,daily,0.5,23,raw_centroid,0.03888888888888889,16
PowerCons,daily,0.5,23,mech_logistic_project,0.005555555555555556,16
PowerCons,daily,0.5,23,mech_logistic_solve,0.011111111111111112,16
PowerCons,daily,0.25,23,law_cosine,0.07777777777777778,16
PowerCons,daily,0.25,23,raw_1nn_ed,0.08333333333333333,16
PowerCons,daily,0.25,23,raw_centroid,0.06111111111111111,16
PowerCons,daily,0.25,23,mech_logistic_project,0.027777777777777776,16
PowerCons,daily,0.25,23,mech_logistic_solve,0.06111111111111111,16
PowerCons,daily,0.1,23,law_cosine,0.1111111111111111,16
PowerCons,daily,0.1,23,raw_1nn_ed,0.15555555555555556,16
PowerCons,daily,0.1,23,raw_centroid,0.12222222222222222,16
PowerCons,daily,0.1,23,mech_logistic_project,0.08888888888888889,16
PowerCons,daily,0.1,23,mech_logistic_solve,0.1388888888888889,16
PowerCons,daily,0.5,42,law_cosine,0.016666666666666666,16
PowerCons,daily,0.5,42,raw_1nn_ed,0.03888888888888889,16
PowerCons,daily,0.5,42,raw_centroid,0.027777777777777776,16
PowerCons,daily,0.5,42,mech_logistic_project,0.0,16
PowerCons,daily,0.5,42,mech_logistic_solve,0.0,16
PowerCons,daily,0.25,42,law_cosine,0.044444444444444446,16
PowerCons,daily,0.25,42,raw_1nn_ed,0.05555555555555555,16
PowerCons,daily,0.25,42,raw_centroid,0.06111111111111111,16
PowerCons,daily,0.25,42,mech_logistic_project,0.027777777777777776,16
PowerCons,daily,0.25,42,mech_logistic_solve,0.05,16
PowerCons,daily,0.1,42,law_cosine,0.10555555555555556,16
PowerCons,daily,0.1,42,raw_1nn_ed,0.10555555555555556,16
PowerCons,daily,0.1,42,raw_centroid,0.1388888888888889,16
PowerCons,daily,0.1,42,mech_logistic_project,0.1388888888888889,16
PowerCons,daily,0.1,42,mech_logistic_solve,0.1111111111111111,16
DodgerLoopDay,daily,1.0,11,law_cosine,0.4125,16
DodgerLoopDay,daily,1.0,11,raw_1nn_ed,0.4125,16
DodgerLoopDay,daily,1.0,11,raw_centroid,0.5,16
DodgerLoopDay,daily,1.0,11,mech_logistic_project,0.4125,16
DodgerLoopDay,daily,1.0,11,mech_logistic_solve,0.45,16
DodgerLoopDay,daily,0.5,11,law_cosine,0.4125,16
DodgerLoopDay,daily,0.5,11,raw_1nn_ed,0.425,16
DodgerLoopDay,daily,0.5,11,raw_centroid,0.5,16
DodgerLoopDay,daily,0.5,11,mech_logistic_project,0.475,16
DodgerLoopDay,daily,0.5,11,mech_logistic_solve,0.425,16
DodgerLoopDay,daily,0.25,11,law_cosine,0.575,16
DodgerLoopDay,daily,0.25,11,raw_1nn_ed,0.5375,16
DodgerLoopDay,daily,0.25,11,raw_centroid,0.5375,16
DodgerLoopDay,daily,0.25,11,mech_logistic_project,0.5,16
DodgerLoopDay,daily,0.25,11,mech_logistic_solve,0.4875,16
DodgerLoopDay,daily,0.1,11,law_cosine,0.5375,16
DodgerLoopDay,daily,0.1,11,raw_1nn_ed,0.6375,16
DodgerLoopDay,daily,0.1,11,raw_centroid,0.5625,16
DodgerLoopDay,daily,0.1,11,mech_logistic_project,0.6125,16
DodgerLoopDay,daily,0.1,11,mech_logistic_solve,0.6625,16
DodgerLoopDay,daily,0.5,23,law_cosine,0.3375,16
DodgerLoopDay,daily,0.5,23,raw_1nn_ed,0.4625,16
DodgerLoopDay,daily,0.5,23,raw_centroid,0.5,16
DodgerLoopDay,daily,0.5,23,mech_logistic_project,0.5,16
DodgerLoopDay,daily,0.5,23,mech_logistic_solve,0.4625,16
DodgerLoopDay,daily,0.25,23,law_cosine,0.5,16
DodgerLoopDay,daily,0.25,23,raw_1nn_ed,0.5375,16
DodgerLoopDay,daily,0.25,23,raw_centroid,0.525,16
DodgerLoopDay,daily,0.25,23,mech_logistic_project,0.5625,16
DodgerLoopDay,daily,0.25,23,mech_logistic_solve,0.5,16
DodgerLoopDay,daily,0.1,23,law_cosine,0.575,16
DodgerLoopDay,daily,0.1,23,raw_1nn_ed,0.6375,16
DodgerLoopDay,daily,0.1,23,raw_centroid,0.575,16
DodgerLoopDay,daily,0.1,23,mech_logistic_project,0.55,16
DodgerLoopDay,daily,0.1,23,mech_logistic_solve,0.75,16
DodgerLoopDay,daily,0.5,42,law_cosine,0.3625,16
DodgerLoopDay,daily,0.5,42,raw_1nn_ed,0.475,16
DodgerLoopDay,daily,0.5,42,raw_centroid,0.5,16
DodgerLoopDay,daily,0.5,42,mech_logistic_project,0.4375,16
DodgerLoopDay,daily,0.5,42,mech_logistic_solve,0.4125,16
DodgerLoopDay,daily,0.25,42,law_cosine,0.55,16
DodgerLoopDay,daily,0.25,42,raw_1nn_ed,0.575,16
DodgerLoopDay,daily,0.25,42,raw_centroid,0.4375,16
DodgerLoopDay,daily,0.25,42,mech_logistic_project,0.5,16
DodgerLoopDay,daily,0.25,42,mech_logistic_solve,0.4875,16
DodgerLoopDay,daily,0.1,42,law_cosine,0.5625,16
DodgerLoopDay,daily,0.1,42,raw_1nn_ed,0.6125,16
DodgerLoopDay,daily,0.1,42,raw_centroid,0.5,16
DodgerLoopDay,daily,0.1,42,mech_logistic_project,0.5125,16
DodgerLoopDay,daily,0.1,42,mech_logistic_solve,0.625,16
DodgerLoopWeekend,daily,1.0,11,law_cosine,0.028985507246376812,4
DodgerLoopWeekend,daily,1.0,11,raw_1nn_ed,0.014492753623188406,4
DodgerLoopWeekend,daily,1.0,11,raw_centroid,0.014492753623188406,4
DodgerLoopWeekend,daily,1.0,11,mech_logistic_project,0.028985507246376812,4
DodgerLoopWeekend,daily,1.0,11,mech_logistic_solve,0.036231884057971016,4
DodgerLoopWeekend,daily,0.5,11,law_cosine,0.028985507246376812,4
DodgerLoopWeekend,daily,0.5,11,raw_1nn_ed,0.021739130434782608,4
DodgerLoopWeekend,daily,0.5,11,raw_centroid,0.014492753623188406,4
DodgerLoopWeekend,daily,0.5,11,mech_logistic_project,0.028985507246376812,4
DodgerLoopWeekend,daily,0.5,11,mech_logistic_solve,0.043478260869565216,4
DodgerLoopWeekend,daily,0.25,11,law_cosine,0.06521739130434782,4
DodgerLoopWeekend,daily,0.25,11,raw_1nn_ed,0.014492753623188406,4
DodgerLoopWeekend,daily,0.25,11,raw_centroid,0.021739130434782608,4
DodgerLoopWeekend,daily,0.25,11,mech_logistic_project,0.036231884057971016,4
DodgerLoopWeekend,daily,0.25,11,mech_logistic_solve,0.036231884057971016,4
DodgerLoopWeekend,daily,0.1,11,law_cosine,0.12318840579710146,4
DodgerLoopWeekend,daily,0.1,11,raw_1nn_ed,0.07246376811594203,4
DodgerLoopWeekend,daily,0.1,11,raw_centroid,0.06521739130434782,4
DodgerLoopWeekend,daily,0.1,11,mech_logistic_project,0.08695652173913043,4
DodgerLoopWeekend,daily,0.1,11,mech_logistic_solve,0.08695652173913043,4
DodgerLoopWeekend,daily,0.5,23,law_cosine,0.028985507246376812,4
DodgerLoopWeekend,daily,0.5,23,raw_1nn_ed,0.014492753623188406,4
DodgerLoopWeekend,daily,0.5,23,raw_centroid,0.014492753623188406,4
DodgerLoopWeekend,daily,0.5,23,mech_logistic_project,0.028985507246376812,4
DodgerLoopWeekend,daily,0.5,23,mech_logistic_solve,0.036231884057971016,4
DodgerLoopWeekend,daily,0.25,23,law_cosine,0.036231884057971016,4
DodgerLoopWeekend,daily,0.25,23,raw_1nn_ed,0.014492753623188406,4
DodgerLoopWeekend,daily,0.25,23,raw_centroid,0.021739130434782608,4
DodgerLoopWeekend,daily,0.25,23,mech_logistic_project,0.028985507246376812,4
DodgerLoopWeekend,daily,0.25,23,mech_logistic_solve,0.036231884057971016,4
DodgerLoopWeekend,daily,0.1,23,law_cosine,0.17391304347826086,4
DodgerLoopWeekend,daily,0.1,23,raw_1nn_ed,0.043478260869565216,4
DodgerLoopWeekend,daily,0.1,23,raw_centroid,0.06521739130434782,4
DodgerLoopWeekend,daily,0.1,23,mech_logistic_project,0.08695652173913043,4
DodgerLoopWeekend,daily,0.1,23,mech_logistic_solve,0.14492753623188406,4
DodgerLoopWeekend,daily,0.5,42,law_cosine,0.028985507246376812,4
DodgerLoopWeekend,daily,0.5,42,raw_1nn_ed,0.014492753623188406,4
DodgerLoopWeekend,daily,0.5,42,raw_centroid,0.014492753623188406,4
DodgerLoopWeekend,daily,0.5,42,mech_logistic_project,0.028985507246376812,4
DodgerLoopWeekend,daily,0.5,42,mech_logistic_solve,0.043478260869565216,4
DodgerLoopWeekend,daily,0.25,42,law_cosine,0.050724637681159424,4
DodgerLoopWeekend,daily,0.25,42,raw_1nn_ed,0.028985507246376812,4
DodgerLoopWeekend,daily,0.25,42,raw_centroid,0.021739130434782608,4
DodgerLoopWeekend,daily,0.25,42,mech_logistic_project,0.043478260869565216,4
DodgerLoopWeekend,daily,0.25,42,mech_logistic_solve,0.057971014492753624,4
DodgerLoopWeekend,daily,0.1,42,law_cosine,0.06521739130434782,4
DodgerLoopWeekend,daily,0.1,42,raw_1nn_ed,0.036231884057971016,4
DodgerLoopWeekend,daily,0.1,42,raw_centroid,0.028985507246376812,4
DodgerLoopWeekend,daily,0.1,42,mech_logistic_project,0.07246376811594203,4
DodgerLoopWeekend,daily,0.1,42,mech_logistic_solve,0.10144927536231885,4
DodgerLoopGame,daily,1.0,11,law_cosine,0.09420289855072464,16
DodgerLoopGame,daily,1.0,11,raw_1nn_ed,0.11594202898550725,16
DodgerLoopGame,daily,1.0,11,raw_centroid,0.2246376811594203,16
DodgerLoopGame,daily,1.0,11,mech_logistic_project,0.11594202898550725,16
DodgerLoopGame,daily,1.0,11,mech_logistic_solve,0.13043478260869565,16
DodgerLoopGame,daily,0.5,11,law_cosine,0.12318840579710146,16
DodgerLoopGame,daily,0.5,11,raw_1nn_ed,0.13043478260869565,16
DodgerLoopGame,daily,0.5,11,raw_centroid,0.21739130434782608,16
DodgerLoopGame,daily,0.5,11,mech_logistic_project,0.2246376811594203,16
DodgerLoopGame,daily,0.5,11,mech_logistic_solve,0.16666666666666666,16
DodgerLoopGame,daily,0.25,11,law_cosine,0.16666666666666666,16
DodgerLoopGame,daily,0.25,11,raw_1nn_ed,0.18840579710144928,16
DodgerLoopGame,daily,0.25,11,raw_centroid,0.2246376811594203,16
DodgerLoopGame,daily,0.25,11,mech_logistic_project,0.2246376811594203,16
DodgerLoopGame,daily,0.25,11,mech_logistic_solve,0.21739130434782608,16
DodgerLoopGame,daily,0.1,11,law_cosine,0.2608695652173913,16
DodgerLoopGame,daily,0.1,11,raw_1nn_ed,0.34782608695652173,16
DodgerLoopGame,daily,0.1,11,raw_centroid,0.3115942028985507,16
DodgerLoopGame,daily,0.1,11,mech_logistic_project,0.2898550724637681,16
DodgerLoopGame,daily,0.1,11,mech_logistic_solve,0.3188405797101449,16
DodgerLoopGame,daily,0.5,23,law_cosine,0.09420289855072464,16
DodgerLoopGame,daily,0.5,23,raw_1nn_ed,0.14492753623188406,16
DodgerLoopGame,daily,0.5,23,raw_centroid,0.2536231884057971,16
DodgerLoopGame,daily,0.5,23,mech_logistic_project,0.15942028985507245,16
DodgerLoopGame,daily,0.5,23,mech_logistic_solve,0.18115942028985507,16
DodgerLoopGame,daily,0.25,23,law_cosine,0.13043478260869565,16
DodgerLoopGame,daily,0.25,23,raw_1nn_ed,0.15942028985507245,16
DodgerLoopGame,daily,0.25,23,raw_centroid,0.2753623188405797,16
DodgerLoopGame,daily,0.25,23,mech_logistic_project,0.2463768115942029,16
DodgerLoopGame,daily,0.25,23,mech_logistic_solve,0.21739130434782608,16
DodgerLoopGame,daily,0.1,23,law_cosine,0.35507246376811596,16
DodgerLoopGame,daily,0.1,23,raw_1nn_ed,0.30434782608695654,16
DodgerLoopGame,daily,0.1,23,raw_centroid,0.2898550724637681,16
DodgerLoopGame,daily,0.1,23,mech_logistic_project,0.3333333333333333,16
DodgerLoopGame,daily,0.1,23,mech_logistic_solve,0.3333333333333333,16
DodgerLoopGame,daily,0.5,42,law_cosine,0.10869565217391304,16
DodgerLoopGame,daily,0.5,42,raw_1nn_ed,0.1956521739130435,16
DodgerLoopGame,daily,0.5,42,raw_centroid,0.2391304347826087,16
DodgerLoopGame,daily,0.5,42,mech_logistic_project,0.14492753623188406,16
DodgerLoopGame,daily,0.5,42,mech_logistic_solve,0.15217391304347827,16
DodgerLoopGame,daily,0.25,42,law_cosine,0.2318840579710145,16
DodgerLoopGame,daily,0.25,42,raw_1nn_ed,0.2536231884057971,16
DodgerLoopGame,daily,0.25,42,raw_centroid,0.2536231884057971,16
DodgerLoopGame,daily,0.25,42,mech_logistic_project,0.2536231884057971,16
DodgerLoopGame,daily,0.25,42,mech_logistic_solve,0.2028985507246377,16
DodgerLoopGame,daily,0.1,42,law_cosine,0.2898550724637681,16
DodgerLoopGame,daily,0.1,42,raw_1nn_ed,0.34782608695652173,16
DodgerLoopGame,daily,0.1,42,raw_centroid,0.35507246376811596,16
DodgerLoopGame,daily,0.1,42,mech_logistic_project,0.32608695652173914,16
DodgerLoopGame,daily,0.1,42,mech_logistic_solve,0.4855072463768116,16
ElectricDevices,daily,1.0,11,law_cosine,0.43301776682661136,32
ElectricDevices,daily,1.0,11,raw_1nn_ed,0.44922837504863183,32
ElectricDevices,daily,1.0,11,raw_centroid,0.5173129295811179,32
ElectricDevices,daily,1.0,11,mech_logistic_project,0.5165348203864609,32
ElectricDevices,daily,1.0,11,mech_logistic_solve,0.5165348203864609,32
ElectricDevices,daily,0.5,11,law_cosine,0.6905719102580729,24
ElectricDevices,daily,0.5,11,raw_1nn_ed,0.677992478277785,24
ElectricDevices,daily,0.5,11,raw_centroid,0.6741019323045001,24
ElectricDevices,daily,0.5,11,mech_logistic_project,0.5942160549863831,24
ElectricDevices,daily,0.5,11,mech_logistic_solve,0.6472571650888341,24
ElectricDevices,daily,0.25,11,law_cosine,0.6366230060951887,12
ElectricDevices,daily,0.25,11,raw_1nn_ed,0.6381792244845027,12
ElectricDevices,daily,0.25,11,raw_centroid,0.7292180002593698,12
ElectricDevices,daily,0.25,11,mech_logistic_project,0.630527817403709,12
ElectricDevices,daily,0.25,11,mech_logistic_solve,0.6790299572039943,12
ElectricDevices,daily,0.1,11,law_cosine,0.6565944754247179,5
ElectricDevices,daily,0.1,11,raw_1nn_ed,0.6271560108935287,5
ElectricDevices,daily,0.1,11,raw_centroid,0.7825184800933731,5
ElectricDevices,daily,0.1,11,mech_logistic_project,0.6840876669692647,5
ElectricDevices,daily,0.1,11,mech_logistic_solve,0.7118402282453637,5
ElectricDevices,daily,0.5,23,law_cosine,0.6934249773051485,24
ElectricDevices,daily,0.5,23,raw_1nn_ed,0.668525483076125,24
ElectricDevices,daily,0.5,23,raw_centroid,0.6683957982103489,24
ElectricDevices,daily,0.5,23,mech_logistic_project,0.5865646479055894,24
ElectricDevices,daily,0.5,23,mech_logistic_solve,0.6440150434444301,24
ElectricDevices,daily,0.25,23,law_cosine,0.640772921800026,12
ElectricDevices,daily,0.25,23,raw_1nn_ed,0.6322137206587991,12
ElectricDevices,daily,0.25,23,raw_centroid,0.727791466735832,12
ElectricDevices,daily,0.25,23,mech_logistic_project,0.6357152120347556,12
ElectricDevices,daily,0.25,23,mech_logistic_solve,0.6897938010634159,12
ElectricDevices,daily,0.1,23,law_cosine,0.6490727532097005,5
ElectricDevices,daily,0.1,23,raw_1nn_ed,0.6276747503566333,5
ElectricDevices,daily,0.1,23,raw_centroid,0.7770717157307743,5
ElectricDevices,daily,0.1,23,mech_logistic_project,0.6789002723382181,5
ElectricDevices,daily,0.1,23,mech_logistic_solve,0.7000389054597328,5
ElectricDevices,daily,0.5,42,law_cosine,0.694592141097134,24
ElectricDevices,daily,0.5,42,raw_1nn_ed,0.668525483076125,24
ElectricDevices,daily,0.5,42,raw_centroid,0.6798080663986513,24
ElectricDevices,daily,0.5,42,mech_logistic_project,0.5918817274024122,24
ElectricDevices,daily,0.5,42,mech_logistic_solve,0.6410322915315783,24
ElectricDevices,daily,0.25,42,law_cosine,0.6512773959278952,12
ElectricDevices,daily,0.25,42,raw_1nn_ed,0.6568538451562702,12
ElectricDevices,daily,0.25,42,raw_centroid,0.723900920762547,12
ElectricDevices,daily,0.25,42,mech_logistic_project,0.6467384256257295,12
ElectricDevices,daily,0.25,42,mech_logistic_solve,0.6821423939826222,12
ElectricDevices,daily,0.1,42,law_cosine,0.6469977953572819,5
ElectricDevices,daily,0.1,42,raw_1nn_ed,0.6200233432758397,5
ElectricDevices,daily,0.1,42,raw_centroid,0.7847231228115679,5
ElectricDevices,daily,0.1,42,mech_logistic_project,0.6872001037478926,5
ElectricDevices,daily,0.1,42,mech_logistic_solve,0.6984826870704188,5
SmallKitchenAppliances,daily,1.0,11,law_cosine,0.3466666666666667,8
SmallKitchenAppliances,daily,1.0,11,raw_1nn_ed,0.6586666666666666,8
SmallKitchenAppliances,daily,1.0,11,raw_centroid,0.5813333333333334,8
SmallKitchenAppliances,daily,1.0,11,mech_logistic_project,0.31733333333333336,8
SmallKitchenAppliances,daily,1.0,11,mech_logistic_solve,0.31733333333333336,8
SmallKitchenAppliances,daily,0.5,11,law_cosine,0.4053333333333333,8
SmallKitchenAppliances,daily,0.5,11,raw_1nn_ed,0.6053333333333333,8
SmallKitchenAppliances,daily,0.5,11,raw_centroid,0.5733333333333334,8
SmallKitchenAppliances,daily,0.5,11,mech_logistic_project,0.38666666666666666,8
SmallKitchenAppliances,daily,0.5,11,mech_logistic_solve,0.376,8
SmallKitchenAppliances,daily,0.25,11,law_cosine,0.5386666666666666,8
SmallKitchenAppliances,daily,0.25,11,raw_1nn_ed,0.576,8
SmallKitchenAppliances,daily,0.25,11,raw_centroid,0.6426666666666667,8
SmallKitchenAppliances,daily,0.25,11,mech_logistic_project,0.37333333333333335,8
SmallKitchenAppliances,daily,0.25,11,mech_logistic_solve,0.38133333333333336,8
SmallKitchenAppliances,daily,0.1,11,law_cosine,0.5706666666666667,8
SmallKitchenAppliances,daily,0.1,11,raw_1nn_ed,0.536,8
SmallKitchenAppliances,daily,0.1,11,raw_centroid,0.6026666666666667,8
SmallKitchenAppliances,daily,0.1,11,mech_logistic_project,0.45866666666666667,8
SmallKitchenAppliances,daily,0.1,11,mech_logistic_solve,0.44266666666666665,8
SmallKitchenAppliances,daily,0.5,23,law_cosine,0.448,8
SmallKitchenAppliances,daily,0.5,23,raw_1nn_ed,0.6106666666666667,8
SmallKitchenAppliances,daily,0.5,23,raw_centroid,0.6213333333333333,8
SmallKitchenAppliances,daily,0.5,23,mech_logistic_project,0.376,8
SmallKitchenAppliances,daily,0.5,23,mech_logistic_solve,0.38666666666666666,8
SmallKitchenAppliances,daily,0.25,23,law_cosine,0.49066666666666664,8
SmallKitchenAppliances,daily,0.25,23,raw_1nn_ed,0.5653333333333334,8
SmallKitchenAppliances,daily,0.25,23,raw_centroid,0.5493333333333333,8
SmallKitchenAppliances,daily,0.25,23,mech_logistic_project,0.384,8
SmallKitchenAppliances,daily,0.25,23,mech_logistic_solve,0.384,8
SmallKitchenAppliances,daily,0.1,23,law_cosine,0.576,8
SmallKitchenAppliances,daily,0.1,23,raw_1nn_ed,0.5333333333333333,8
SmallKitchenAppliances,daily,0.1,23,raw_centroid,0.7306666666666667,8
SmallKitchenAppliances,daily,0.1,23,mech_logistic_project,0.5093333333333333,8
SmallKitchenAppliances,daily,0.1,23,mech_logistic_solve,0.536,8
SmallKitchenAppliances,daily,0.5,42,law_cosine,0.4026666666666667,8
SmallKitchenAppliances,daily,0.5,42,raw_1nn_ed,0.6266666666666667,8
SmallKitchenAppliances,daily,0.5,42,raw_centroid,0.544,8
SmallKitchenAppliances,daily,0.5,42,mech_logistic_project,0.328,8
SmallKitchenAppliances,daily,0.5,42,mech_logistic_solve,0.32,8
SmallKitchenAppliances,daily,0.25,42,law_cosine,0.5546666666666666,8
SmallKitchenAppliances,daily,0.25,42,raw_1nn_ed,0.6106666666666667,8
SmallKitchenAppliances,daily,0.25,42,raw_centroid,0.5466666666666666,8
SmallKitchenAppliances,daily,0.25,42,mech_logistic_project,0.4053333333333333,8
SmallKitchenAppliances,daily,0.25,42,mech_logistic_solve,0.4,8
SmallKitchenAppliances,daily,0.1,42,law_cosine,0.584,8
SmallKitchenAppliances,daily,0.1,42,raw_1nn_ed,0.5546666666666666,8
SmallKitchenAppliances,daily,0.1,42,raw_centroid,0.6373333333333333,8
SmallKitchenAppliances,daily,0.1,42,mech_logistic_project,0.5013333333333333,8
SmallKitchenAppliances,daily,0.1,42,mech_logistic_solve,0.5253333333333333,8
GunPoint,shape,1.0,11,law_cosine,0.08666666666666667,32
GunPoint,shape,1.0,11,raw_1nn_ed,0.08666666666666667,32
GunPoint,shape,1.0,11,raw_centroid,0.24666666666666667,32
GunPoint,shape,1.0,11,mech_logistic_project,0.10666666666666667,32
GunPoint,shape,1.0,11,mech_logistic_solve,0.10666666666666667,32
GunPoint,shape,0.5,11,law_cosine,0.08,32
GunPoint,shape,0.5,11,raw_1nn_ed,0.08,32
GunPoint,shape,0.5,11,raw_centroid,0.24666666666666667,32
GunPoint,shape,0.5,11,mech_logistic_project,0.28,32
GunPoint,shape,0.5,11,mech_logistic_solve,0.14,32
GunPoint,shape,0.25,11,law_cosine,0.12666666666666668,19
GunPoint,shape,0.25,11,raw_1nn_ed,0.15333333333333332,19
GunPoint,shape,0.25,11,raw_centroid,0.26666666666666666,19
GunPoint,shape,0.25,11,mech_logistic_project,0.2866666666666667,19
GunPoint,shape,0.25,11,mech_logistic_solve,0.24666666666666667,19
GunPoint,shape,0.1,11,law_cosine,0.3,7
GunPoint,shape,0.1,11,raw_1nn_ed,0.22,7
GunPoint,shape,0.1,11,raw_centroid,0.37333333333333335,7
GunPoint,shape,0.1,11,mech_logistic_project,0.3333333333333333,7
GunPoint,shape,0.1,11,mech_logistic_solve,0.3466666666666667,7
GunPoint,shape,0.5,23,law_cosine,0.07333333333333333,32
GunPoint,shape,0.5,23,raw_1nn_ed,0.08,32
GunPoint,shape,0.5,23,raw_centroid,0.25333333333333335,32
GunPoint,shape,0.5,23,mech_logistic_project,0.29333333333333333,32
GunPoint,shape,0.5,23,mech_logistic_solve,0.13333333333333333,32
GunPoint,shape,0.25,23,law_cosine,0.10666666666666667,19
GunPoint,shape,0.25,23,raw_1nn_ed,0.14666666666666667,19
GunPoint,shape,0.25,23,raw_centroid,0.2733333333333333,19
GunPoint,shape,0.25,23,mech_logistic_project,0.26666666666666666,19
GunPoint,shape,0.25,23,mech_logistic_solve,0.14,19
GunPoint,shape,0.1,23,law_cosine,0.2866666666666667,7
GunPoint,shape,0.1,23,raw_1nn_ed,0.2733333333333333,7
GunPoint,shape,0.1,23,raw_centroid,0.30666666666666664,7
GunPoint,shape,0.1,23,mech_logistic_project,0.35333333333333333,7
GunPoint,shape,0.1,23,mech_logistic_solve,0.36666666666666664,7
GunPoint,shape,0.5,42,law_cosine,0.1,32
GunPoint,shape,0.5,42,raw_1nn_ed,0.09333333333333334,32
GunPoint,shape,0.5,42,raw_centroid,0.23333333333333334,32
GunPoint,shape,0.5,42,mech_logistic_project,0.23333333333333334,32
GunPoint,shape,0.5,42,mech_logistic_solve,0.15333333333333332,32
GunPoint,shape,0.25,42,law_cosine,0.10666666666666667,19
GunPoint,shape,0.25,42,raw_1nn_ed,0.13333333333333333,19
GunPoint,shape,0.25,42,raw_centroid,0.26,19
GunPoint,shape,0.25,42,mech_logistic_project,0.2733333333333333,19
GunPoint,shape,0.25,42,mech_logistic_solve,0.15333333333333332,19
GunPoint,shape,0.1,42,law_cosine,0.2733333333333333,7
GunPoint,shape,0.1,42,raw_1nn_ed,0.2733333333333333,7
GunPoint,shape,0.1,42,raw_centroid,0.29333333333333333,7
GunPoint,shape,0.1,42,mech_logistic_project,0.32,7
GunPoint,shape,0.1,42,mech_logistic_solve,0.30666666666666664,7
ECG200,shape,1.0,11,law_cosine,0.15,8
ECG200,shape,1.0,11,raw_1nn_ed,0.12,8
ECG200,shape,1.0,11,raw_centroid,0.25,8
ECG200,shape,1.0,11,mech_logistic_project,0.25,8
ECG200,shape,1.0,11,mech_logistic_solve,0.25,8
ECG200,shape,0.5,11,law_cosine,0.16,8
ECG200,shape,0.5,11,raw_1nn_ed,0.11,8
ECG200,shape,0.5,11,raw_centroid,0.26,8
ECG200,shape,0.5,11,mech_logistic_project,0.24,8
ECG200,shape,0.5,11,mech_logistic_solve,0.2,8
ECG200,shape,0.25,11,law_cosine,0.19,8
ECG200,shape,0.25,11,raw_1nn_ed,0.19,8
ECG200,shape,0.25,11,raw_centroid,0.26,8
ECG200,shape,0.25,11,mech_logistic_project,0.29,8
ECG200,shape,0.25,11,mech_logistic_solve,0.21,8
ECG200,shape,0.1,11,law_cosine,0.29,8
ECG200,shape,0.1,11,raw_1nn_ed,0.37,8
ECG200,shape,0.1,11,raw_centroid,0.24,8
ECG200,shape,0.1,11,mech_logistic_project,0.26,8
ECG200,shape,0.1,11,mech_logistic_solve,0.33,8
ECG200,shape,0.5,23,law_cosine,0.17,8
ECG200,shape,0.5,23,raw_1nn_ed,0.13,8
ECG200,shape,0.5,23,raw_centroid,0.25,8
ECG200,shape,0.5,23,mech_logistic_project,0.27,8
ECG200,shape,0.5,23,mech_logistic_solve,0.24,8
ECG200,shape,0.25,23,law_cosine,0.18,8
ECG200,shape,0.25,23,raw_1nn_ed,0.18,8
ECG200,shape,0.25,23,raw_centroid,0.27,8
ECG200,shape,0.25,23,mech_logistic_project,0.25,8
ECG200,shape,0.25,23,mech_logistic_solve,0.2,8
ECG200,shape,0.1,23,law_cosine,0.24,8
ECG200,shape,0.1,23,raw_1nn_ed,0.32,8
ECG200,shape,0.1,23,raw_centroid,0.29,8
ECG200,shape,0.1,23,mech_logistic_project,0.24,8
ECG200,shape,0.1,23,mech_logistic_solve,0.28,8
ECG200,shape,0.5,42,law_cosine,0.15,8
ECG200,shape,0.5,42,raw_1nn_ed,0.16,8
ECG200,shape,0.5,42,raw_centroid,0.26,8
ECG200,shape,0.5,42,mech_logistic_project,0.25,8
ECG200,shape,0.5,42,mech_logistic_solve,0.25,8
ECG200,shape,0.25,42,law_cosine,0.15,8
ECG200,shape,0.25,42,raw_1nn_ed,0.24,8
ECG200,shape,0.25,42,raw_centroid,0.23,8
ECG200,shape,0.25,42,mech_logistic_project,0.21,8
ECG200,shape,0.25,42,mech_logistic_solve,0.22,8
ECG200,shape,0.1,42,law_cosine,0.28,8
ECG200,shape,0.1,42,raw_1nn_ed,0.37,8
ECG200,shape,0.1,42,raw_centroid,0.4,8
ECG200,shape,0.1,42,mech_logistic_project,0.24,8
ECG200,shape,0.1,42,mech_logistic_solve,0.27,8
Trace,shape,1.0,11,law_cosine,0.26,32
Trace,shape,1.0,11,raw_1nn_ed,0.24,32
Trace,shape,1.0,11,raw_centroid,0.42,32
Trace,shape,1.0,11,mech_logistic_project,0.16,32
Trace,shape,1.0,11,mech_logistic_solve,0.16,32
Trace,shape,0.5,11,law_cosine,0.31,32
Trace,shape,0.5,11,raw_1nn_ed,0.31,32
Trace,shape,0.5,11,raw_centroid,0.44,32
Trace,shape,0.5,11,mech_logistic_project,0.23,32
Trace,shape,0.5,11,mech_logistic_solve,0.15,32
Trace,shape,0.25,11,law_cosine,0.38,32
Trace,shape,0.25,11,raw_1nn_ed,0.32,32
Trace,shape,0.25,11,raw_centroid,0.45,32
Trace,shape,0.25,11,mech_logistic_project,0.49,32
Trace,shape,0.25,11,mech_logistic_solve,0.38,32
Trace,shape,0.1,11,law_cosine,0.53,14
Trace,shape,0.1,11,raw_1nn_ed,0.35,14
Trace,shape,0.1,11,raw_centroid,0.47,14
Trace,shape,0.1,11,mech_logistic_project,0.4,14
Trace,shape,0.1,11,mech_logistic_solve,0.41,14
Trace,shape,0.5,23,law_cosine,0.26,32
Trace,shape,0.5,23,raw_1nn_ed,0.24,32
Trace,shape,0.5,23,raw_centroid,0.44,32
Trace,shape,0.5,23,mech_logistic_project,0.36,32
Trace,shape,0.5,23,mech_logistic_solve,0.22,32
Trace,shape,0.25,23,law_cosine,0.42,32
Trace,shape,0.25,23,raw_1nn_ed,0.36,32
Trace,shape,0.25,23,raw_centroid,0.45,32
Trace,shape,0.25,23,mech_logistic_project,0.45,32
Trace,shape,0.25,23,mech_logistic_solve,0.34,32
Trace,shape,0.1,23,law_cosine,0.44,14
Trace,shape,0.1,23,raw_1nn_ed,0.4,14
Trace,shape,0.1,23,raw_centroid,0.5,14
Trace,shape,0.1,23,mech_logistic_project,0.3,14
Trace,shape,0.1,23,mech_logistic_solve,0.37,14
Trace,shape,0.5,42,law_cosine,0.35,32
Trace,shape,0.5,42,raw_1nn_ed,0.32,32
Trace,shape,0.5,42,raw_centroid,0.44,32
Trace,shape,0.5,42,mech_logistic_project,0.31,32
Trace,shape,0.5,42,mech_logistic_solve,0.15,32
Trace,shape,0.25,42,law_cosine,0.32,32
Trace,shape,0.25,42,raw_1nn_ed,0.34,32
Trace,shape,0.25,42,raw_centroid,0.49,32
Trace,shape,0.25,42,mech_logistic_project,0.48,32
Trace,shape,0.25,42,mech_logistic_solve,0.33,32
Trace,shape,0.1,42,law_cosine,0.4,14
Trace,shape,0.1,42,raw_1nn_ed,0.39,14
Trace,shape,0.1,42,raw_centroid,0.55,14
Trace,shape,0.1,42,mech_logistic_project,0.25,14
Trace,shape,0.1,42,mech_logistic_solve,0.46,14
SyntheticControl,shape,1.0,11,law_cosine,0.0033333333333333335,16
SyntheticControl,shape,1.0,11,raw_1nn_ed,0.12,16
SyntheticControl,shape,1.0,11,raw_centroid,0.08333333333333333,16
SyntheticControl,shape,1.0,11,mech_logistic_project,0.03666666666666667,16
SyntheticControl,shape,1.0,11,mech_logistic_solve,0.03666666666666667,16
SyntheticControl,shape,0.5,11,law_cosine,0.11,16
SyntheticControl,shape,0.5,11,raw_1nn_ed,0.17666666666666667,16
SyntheticControl,shape,0.5,11,raw_centroid,0.16,16
SyntheticControl,shape,0.5,11,mech_logistic_project,0.18,16
SyntheticControl,shape,0.5,11,mech_logistic_solve,0.25666666666666665,16
SyntheticControl,shape,0.25,11,law_cosine,0.2733333333333333,16
SyntheticControl,shape,0.25,11,raw_1nn_ed,0.36,16
SyntheticControl,shape,0.25,11,raw_centroid,0.31,16
SyntheticControl,shape,0.25,11,mech_logistic_project,0.4033333333333333,16
SyntheticControl,shape,0.25,11,mech_logistic_solve,0.4633333333333333,16
SyntheticControl,shape,0.1,11,law_cosine,0.37,16
SyntheticControl,shape,0.1,11,raw_1nn_ed,0.53,16
SyntheticControl,shape,0.1,11,raw_centroid,0.49,16
SyntheticControl,shape,0.1,11,mech_logistic_project,0.5466666666666666,16
SyntheticControl,shape,0.1,11,mech_logistic_solve,0.6,16
SyntheticControl,shape,0.5,23,law_cosine,0.04666666666666667,16
SyntheticControl,shape,0.5,23,raw_1nn_ed,0.15,16
SyntheticControl,shape,0.5,23,raw_centroid,0.19333333333333333,16
SyntheticControl,shape,0.5,23,mech_logistic_project,0.24333333333333335,16
SyntheticControl,shape,0.5,23,mech_logistic_solve,0.23333333333333334,16
SyntheticControl,shape,0.25,23,law_cosine,0.23,16
SyntheticControl,shape,0.25,23,raw_1nn_ed,0.26,16
SyntheticControl,shape,0.25,23,raw_centroid,0.2966666666666667,16
SyntheticControl,shape,0.25,23,mech_logistic_project,0.37,16
SyntheticControl,shape,0.25,23,mech_logistic_solve,0.47,16
SyntheticControl,shape,0.1,23,law_cosine,0.39666666666666667,16
SyntheticControl,shape,0.1,23,raw_1nn_ed,0.6166666666666667,16
SyntheticControl,shape,0.1,23,raw_centroid,0.5533333333333333,16
SyntheticControl,shape,0.1,23,mech_logistic_project,0.5933333333333334,16
SyntheticControl,shape,0.1,23,mech_logistic_solve,0.6266666666666667,16
SyntheticControl,shape,0.5,42,law_cosine,0.03666666666666667,16
SyntheticControl,shape,0.5,42,raw_1nn_ed,0.19333333333333333,16
SyntheticControl,shape,0.5,42,raw_centroid,0.19,16
SyntheticControl,shape,0.5,42,mech_logistic_project,0.24333333333333335,16
SyntheticControl,shape,0.5,42,mech_logistic_solve,0.2733333333333333,16
SyntheticControl,shape,0.25,42,law_cosine,0.15666666666666668,16
SyntheticControl,shape,0.25,42,raw_1nn_ed,0.32666666666666666,16
SyntheticControl,shape,0.25,42,raw_centroid,0.3433333333333333,16
SyntheticControl,shape,0.25,42,mech_logistic_project,0.37,16
SyntheticControl,shape,0.25,42,mech_logistic_solve,0.45,16
SyntheticControl,shape,0.1,42,law_cosine,0.4266666666666667,16
SyntheticControl,shape,0.1,42,raw_1nn_ed,0.5533333333333333,16
SyntheticControl,shape,0.1,42,raw_centroid,0.5066666666666667,16
SyntheticControl,shape,0.1,42,mech_logistic_project,0.5966666666666667,16
SyntheticControl,shape,0.1,42,mech_logistic_solve,0.6266666666666667,16
CBF,shape,1.0,11,law_cosine,0.10555555555555556,8
CBF,shape,1.0,11,raw_1nn_ed,0.14777777777777779,8
CBF,shape,1.0,11,raw_centroid,0.23666666666666666,8
CBF,shape,1.0,11,mech_logistic_project,0.14777777777777779,8
CBF,shape,1.0,11,mech_logistic_solve,0.14777777777777779,8
CBF,shape,0.5,11,law_cosine,0.12,8
CBF,shape,0.5,11,raw_1nn_ed,0.10666666666666667,8
CBF,shape,0.5,11,raw_centroid,0.2311111111111111,8
CBF,shape,0.5,11,mech_logistic_project,0.14666666666666667,8
CBF,shape,0.5,11,mech_logistic_solve,0.08888888888888889,8
CBF,shape,0.25,11,law_cosine,0.15444444444444444,8
CBF,shape,0.25,11,raw_1nn_ed,0.14333333333333334,8
CBF,shape,0.25,11,raw_centroid,0.2733333333333333,8
CBF,shape,0.25,11,mech_logistic_project,0.20666666666666667,8
CBF,shape,0.25,11,mech_logistic_solve,0.13666666666666666,8
CBF,shape,0.1,11,law_cosine,0.32555555555555554,8
CBF,shape,0.1,11,raw_1nn_ed,0.2911111111111111,8
CBF,shape,0.1,11,raw_centroid,0.37555555555555553,8
CBF,shape,0.1,11,mech_logistic_project,0.3022222222222222,8
CBF,shape,0.1,11,mech_logistic_solve,0.3211111111111111,8
CBF,shape,0.5,23,law_cosine,0.11333333333333333,8
CBF,shape,0.5,23,raw_1nn_ed,0.09333333333333334,8
CBF,shape,0.5,23,raw_centroid,0.21666666666666667,8
CBF,shape,0.5,23,mech_logistic_project,0.1622222222222222,8
CBF,shape,0.5,23,mech_logistic_solve,0.14555555555555555,8
CBF,shape,0.25,23,law_cosine,0.1622222222222222,8
CBF,shape,0.25,23,raw_1nn_ed,0.14555555555555555,8
CBF,shape,0.25,23,raw_centroid,0.2922222222222222,8
CBF,shape,0.25,23,mech_logistic_project,0.19333333333333333,8
CBF,shape,0.25,23,mech_logistic_solve,0.19666666666666666,8
CBF,shape,0.1,23,law_cosine,0.27111111111111114,8
CBF,shape,0.1,23,raw_1nn_ed,0.3011111111111111,8
CBF,shape,0.1,23,raw_centroid,0.3566666666666667,8
CBF,shape,0.1,23,mech_logistic_project,0.2922222222222222,8
CBF,shape,0.1,23,mech_logistic_solve,0.29555555555555557,8
CBF,shape,0.5,42,law_cosine,0.12777777777777777,8
CBF,shape,0.5,42,raw_1nn_ed,0.14666666666666667,8
CBF,shape,0.5,42,raw_centroid,0.22333333333333333,8
CBF,shape,0.5,42,mech_logistic_project,0.1322222222222222,8
CBF,shape,0.5,42,mech_logistic_solve,0.07555555555555556,8
CBF,shape,0.25,42,law_cosine,0.13777777777777778,8
CBF,shape,0.25,42,raw_1nn_ed,0.1511111111111111,8
CBF,shape,0.25,42,raw_centroid,0.25555555555555554,8
CBF,shape,0.25,42,mech_logistic_project,0.16,8
CBF,shape,0.25,42,mech_logistic_solve,0.18888888888888888,8
CBF,shape,0.1,42,law_cosine,0.37222222222222223,8
CBF,shape,0.1,42,raw_1nn_ed,0.3088888888888889,8
CBF,shape,0.1,42,raw_centroid,0.37555555555555553,8
CBF,shape,0.1,42,mech_logistic_project,0.24888888888888888,8
CBF,shape,0.1,42,mech_logistic_solve,0.6533333333333333,8
TwoPatterns,shape,1.0,11,law_cosine,0.0575,16
TwoPatterns,shape,1.0,11,raw_1nn_ed,0.09325,16
TwoPatterns,shape,1.0,11,raw_centroid,0.53525,16
TwoPatterns,shape,1.0,11,mech_logistic_project,0.1205,16
TwoPatterns,shape,1.0,11,mech_logistic_solve,0.1205,16
TwoPatterns,shape,0.5,11,law_cosine,0.10375,16
TwoPatterns,shape,0.5,11,raw_1nn_ed,0.0935,16
TwoPatterns,shape,0.5,11,raw_centroid,0.524,16
TwoPatterns,shape,0.5,11,mech_logistic_project,0.3585,16
TwoPatterns,shape,0.5,11,mech_logistic_solve,0.29175,16
TwoPatterns,shape,0.25,11,law_cosine,0.27425,16
TwoPatterns,shape,0.25,11,raw_1nn_ed,0.21225,16
TwoPatterns,shape,0.25,11,raw_centroid,0.542,16
TwoPatterns,shape,0.25,11,mech_logistic_project,0.48725,16
TwoPatterns,shape,0.25,11,mech_logistic_solve,0.51425,16
TwoPatterns,shape,0.1,11,law_cosine,0.6285,6
TwoPatterns,shape,0.1,11,raw_1nn_ed,0.58125,6
TwoPatterns,shape,0.1,11,raw_centroid,0.6045,6
TwoPatterns,shape,0.1,11,mech_logistic_project,0.60525,6
TwoPatterns,shape,0.1,11,mech_logistic_solve,0.67975,6
TwoPatterns,shape,0.5,23,law_cosine,0.10375,16
TwoPatterns,shape,0.5,23,raw_1nn_ed,0.09175,16
TwoPatterns,shape,0.5,23,raw_centroid,0.53575,16
TwoPatterns,shape,0.5,23,mech_logistic_project,0.3475,16
TwoPatterns,shape,0.5,23,mech_logistic_solve,0.2845,16
TwoPatterns,shape,0.25,23,law_cosine,0.273,16
TwoPatterns,shape,0.25,23,raw_1nn_ed,0.21625,16
TwoPatterns,shape,0.25,23,raw_centroid,0.5425,16
TwoPatterns,shape,0.25,23,mech_logistic_project,0.464,16
TwoPatterns,shape,0.25,23,mech_logistic_solve,0.51825,16
TwoPatterns,shape,0.1,23,law_cosine,0.63,6
TwoPatterns,shape,0.1,23,raw_1nn_ed,0.56475,6
TwoPatterns,shape,0.1,23,raw_centroid,0.6155,6
TwoPatterns,shape,0.1,23,mech_logistic_project,0.597,6
TwoPatterns,shape,0.1,23,mech_logistic_solve,0.67,6
TwoPatterns,shape,0.5,42,law_cosine,0.1045,16
TwoPatterns,shape,0.5,42,raw_1nn_ed,0.097,16
TwoPatterns,shape,0.5,42,raw_centroid,0.525,16
TwoPatterns,shape,0.5,42,mech_logistic_project,0.34925,16
TwoPatterns,shape,0.5,42,mech_logistic_solve,0.275,16
TwoPatterns,shape,0.25,42,law_cosine,0.27775,16
TwoPatterns,shape,0.25,42,raw_1nn_ed,0.217,16
TwoPatterns,shape,0.25,42,raw_centroid,0.55175,16
TwoPatterns,shape,0.25,42,mech_logistic_project,0.48925,16
TwoPatterns,shape,0.25,42,mech_logistic_solve,0.531,16
TwoPatterns,shape,0.1,42,law_cosine,0.64525,6
TwoPatterns,shape,0.1,42,raw_1nn_ed,0.5835,6
TwoPatterns,shape,0.1,42,raw_centroid,0.6045,6
TwoPatterns,shape,0.1,42,mech_logistic_project,0.5875,6
TwoPatterns,shape,0.1,42,mech_logistic_solve,0.68475,6
Coffee,shape,1.0,11,law_cosine,0.0,16
Coffee,shape,1.0,11,raw_1nn_ed,0.0,16
Coffee,shape,1.0,11,raw_centroid,0.03571428571428571,16
Coffee,shape,1.0,11,mech_logistic_project,0.03571428571428571,16
Coffee,shape,1.0,11,mech_logistic_solve,0.03571428571428571,16
Coffee,shape,0.5,11,law_cosine,0.10714285714285714,16
Coffee,shape,0.5,11,raw_1nn_ed,0.03571428571428571,16
Coffee,shape,0.5,11,raw_centroid,0.07142857142857142,16
Coffee,shape,0.5,11,mech_logistic_project,0.07142857142857142,16
Coffee,shape,0.5,11,mech_logistic_solve,0.07142857142857142,16
Coffee,shape,0.25,11,law_cosine,0.21428571428571427,16
Coffee,shape,0.25,11,raw_1nn_ed,0.03571428571428571,16
Coffee,shape,0.25,11,raw_centroid,0.14285714285714285,16
Coffee,shape,0.25,11,mech_logistic_project,0.25,16
Coffee,shape,0.25,11,mech_logistic_solve,0.17857142857142858,16
Coffee,shape,0.1,11,law_cosine,0.4642857142857143,14
Coffee,shape,0.1,11,raw_1nn_ed,0.25,14
Coffee,shape,0.1,11,raw_centroid,0.42857142857142855,14
Coffee,shape,0.1,11,mech_logistic_project,0.32142857142857145,14
Coffee,shape,0.1,11,mech_logistic_solve,0.5357142857142857,14
Coffee,shape,0.5,23,law_cosine,0.10714285714285714,16
Coffee,shape,0.5,23,raw_1nn_ed,0.03571428571428571,16
Coffee,shape,0.5,23,raw_centroid,0.07142857142857142,16
Coffee,shape,0.5,23,mech_logistic_project,0.07142857142857142,16
Coffee,shape,0.5,23,mech_logistic_solve,0.03571428571428571,16
Coffee,shape,0.25,23,law_cosine,0.21428571428571427,16
Coffee,shape,0.25,23,raw_1nn_ed,0.17857142857142858,16
Coffee,shape,0.25,23,raw_centroid,0.14285714285714285,16
Coffee,shape,0.25,23,mech_logistic_project,0.07142857142857142,16
Coffee,shape,0.25,23,mech_logistic_solve,0.17857142857142858,16
Coffee,shape,0.1,23,law_cosine,0.42857142857142855,14
Coffee,shape,0.1,23,raw_1nn_ed,0.2857142857142857,14
Coffee,shape,0.1,23,raw_centroid,0.4642857142857143,14
Coffee,shape,0.1,23,mech_logistic_project,0.25,14
Coffee,shape,0.1,23,mech_logistic_solve,0.35714285714285715,14
Coffee,shape,0.5,42,law_cosine,0.07142857142857142,16
Coffee,shape,0.5,42,raw_1nn_ed,0.03571428571428571,16
Coffee,shape,0.5,42,raw_centroid,0.03571428571428571,16
Coffee,shape,0.5,42,mech_logistic_project,0.07142857142857142,16
Coffee,shape,0.5,42,mech_logistic_solve,0.10714285714285714,16
Coffee,shape,0.25,42,law_cosine,0.21428571428571427,16
Coffee,shape,0.25,42,raw_1nn_ed,0.10714285714285714,16
Coffee,shape,0.25,42,raw_centroid,0.21428571428571427,16
Coffee,shape,0.25,42,mech_logistic_project,0.10714285714285714,16
Coffee,shape,0.25,42,mech_logistic_solve,0.2857142857142857,16
Coffee,shape,0.1,42,law_cosine,0.32142857142857145,14
Coffee,shape,0.1,42,raw_1nn_ed,0.5,14
Coffee,shape,0.1,42,raw_centroid,0.4642857142857143,14
Coffee,shape,0.1,42,mech_logistic_project,0.25,14
Coffee,shape,0.1,42,mech_logistic_solve,0.39285714285714285,14
Wafer,shape,1.0,11,law_cosine,0.008760545100584036,4
Wafer,shape,1.0,11,raw_1nn_ed,0.004542504866969501,4
Wafer,shape,1.0,11,raw_centroid,0.345554834523037,4
Wafer,shape,1.0,11,mech_logistic_project,0.10074626865671642,4
Wafer,shape,1.0,11,mech_logistic_solve,0.10074626865671642,4
Wafer,shape,0.5,11,law_cosine,0.017845554834523037,4
Wafer,shape,0.5,11,raw_1nn_ed,0.006651524983776768,4
Wafer,shape,0.5,11,raw_centroid,0.3457170668397145,4
Wafer,shape,0.5,11,mech_logistic_project,0.1072355613238157,4
Wafer,shape,0.5,11,mech_logistic_solve,0.1054510058403634,4
Wafer,shape,0.25,11,law_cosine,0.03780012978585334,4
Wafer,shape,0.25,11,raw_1nn_ed,0.01427644386761843,4
Wafer,shape,0.25,11,raw_centroid,0.34539260220635953,4
Wafer,shape,0.25,11,mech_logistic_project,0.10674886437378325,4
Wafer,shape,0.25,11,mech_logistic_solve,0.10658663205710578,4
Wafer,shape,0.1,11,law_cosine,0.08225178455548346,4
Wafer,shape,0.1,11,raw_1nn_ed,0.038449059052563274,4
Wafer,shape,0.1,11,raw_centroid,0.38659961064244,4
Wafer,shape,0.1,11,mech_logistic_project,0.10788449059052563,4
Wafer,shape,0.1,11,mech_logistic_solve,0.10804672290720312,4
Wafer,shape,0.5,23,law_cosine,0.016872160934458143,4
Wafer,shape,0.5,23,raw_1nn_ed,0.008922777417261519,4
Wafer,shape,0.5,23,raw_centroid,0.34587929915639193,4
Wafer,shape,0.5,23,mech_logistic_project,0.10528877352368592,4
Wafer,shape,0.5,23,mech_logistic_solve,0.10399091499026607,4
Wafer,shape,0.25,23,law_cosine,0.037962362102530824,4
Wafer,shape,0.25,23,raw_1nn_ed,0.012491888384166126,4
Wafer,shape,0.25,23,raw_centroid,0.34782608695652173,4
Wafer,shape,0.25,23,mech_logistic_project,0.10691109669046074,4
Wafer,shape,0.25,23,mech_logistic_solve,0.10772225827384815,4
Wafer,shape,0.1,23,law_cosine,0.08306294613887086,4
Wafer,shape,0.1,23,raw_1nn_ed,0.03958468526930565,4
Wafer,shape,0.1,23,raw_centroid,0.35885788449059053,4
Wafer,shape,0.1,23,mech_logistic_project,0.10788449059052563,4
Wafer,shape,0.1,23,mech_logistic_solve,0.10691109669046074,4
Wafer,shape,0.5,42,law_cosine,0.015574302401038288,4
Wafer,shape,0.5,42,raw_1nn_ed,0.008111615833874108,4
Wafer,shape,0.5,42,raw_centroid,0.3463659961064244,4
Wafer,shape,0.5,42,mech_logistic_project,0.10366645035691109,4
Wafer,shape,0.5,42,mech_logistic_solve,0.10415314730694354,4
Wafer,shape,0.25,42,law_cosine,0.040882543802725504,4
Wafer,shape,0.25,42,raw_1nn_ed,0.013303049967553536,4
Wafer,shape,0.25,42,raw_centroid,0.3491239454899416,4
Wafer,shape,0.25,42,mech_logistic_project,0.10788449059052563,4
Wafer,shape,0.25,42,mech_logistic_solve,0.10593770279039584,4
Wafer,shape,0.1,42,law_cosine,0.08436080467229072,4
Wafer,shape,0.1,42,raw_1nn_ed,0.04169370538611292,4
Wafer,shape,0.1,42,raw_centroid,0.37913692407527577,4
Wafer,shape,0.1,42,mech_logistic_project,0.10788449059052563,4
Wafer,shape,0.1,42,mech_logistic_solve,0.10804672290720312,4
Plane,shape,1.0,11,law_cosine,0.02857142857142857,16
Plane,shape,1.0,11,raw_1nn_ed,0.0380952380952381,16
Plane,shape,1.0,11,raw_centroid,0.0380952380952381,16
Plane,shape,1.0,11,mech_logistic_project,0.01904761904761905,16
Plane,shape,1.0,11,mech_logistic_solve,0.01904761904761905,16
Plane,shape,0.5,11,law_cosine,0.02857142857142857,16
Plane,shape,0.5,11,raw_1nn_ed,0.0380952380952381,16
Plane,shape,0.5,11,raw_centroid,0.02857142857142857,16
Plane,shape,0.5,11,mech_logistic_project,0.02857142857142857,16
Plane,shape,0.5,11,mech_logistic_solve,0.0380952380952381,16
Plane,shape,0.25,11,law_cosine,0.05714285714285714,16
Plane,shape,0.25,11,raw_1nn_ed,0.06666666666666667,16
Plane,shape,0.25,11,raw_centroid,0.08571428571428572,16
Plane,shape,0.25,11,mech_logistic_project,0.10476190476190476,16
Plane,shape,0.25,11,mech_logistic_solve,0.12380952380952381,16
Plane,shape,0.1,11,law_cosine,0.580952380952381,7
Plane,shape,0.1,11,raw_1nn_ed,0.580952380952381,7
Plane,shape,0.1,11,raw_centroid,0.4380952380952381,7
Plane,shape,0.1,11,mech_logistic_project,0.42857142857142855,7
Plane,shape,0.1,11,mech_logistic_solve,0.6666666666666666,7
Plane,shape,0.5,23,law_cosine,0.047619047619047616,16
Plane,shape,0.5,23,raw_1nn_ed,0.0380952380952381,16
Plane,shape,0.5,23,raw_centroid,0.0380952380952381,16
Plane,shape,0.5,23,mech_logistic_project,0.05714285714285714,16
Plane,shape,0.5,23,mech_logistic_solve,0.0380952380952381,16
Plane,shape,0.25,23,law_cosine,0.06666666666666667,16
Plane,shape,0.25,23,raw_1nn_ed,0.08571428571428572,16
Plane,shape,0.25,23,raw_centroid,0.06666666666666667,16
Plane,shape,0.25,23,mech_logistic_project,0.10476190476190476,16
Plane,shape,0.25,23,mech_logistic_solve,0.06666666666666667,16
Plane,shape,0.1,23,law_cosine,0.5333333333333333,7
Plane,shape,0.1,23,raw_1nn_ed,0.47619047619047616,7
Plane,shape,0.1,23,raw_centroid,0.4380952380952381,7
Plane,shape,0.1,23,mech_logistic_project,0.5428571428571428,7
Plane,shape,0.1,23,mech_logistic_solve,0.7428571428571429,7
Plane,shape,0.5,42,law_cosine,0.0380952380952381,16
Plane,shape,0.5,42,raw_1nn_ed,0.0380952380952381,16
Plane,shape,0.5,42,raw_centroid,0.0380952380952381,16
Plane,shape,0.5,42,mech_logistic_project,0.047619047619047616,16
Plane,shape,0.5,42,mech_logistic_solve,0.047619047619047616,16
Plane,shape,0.25,42,law_cosine,0.06666666666666667,16
Plane,shape,0.25,42,raw_1nn_ed,0.08571428571428572,16
Plane,shape,0.25,42,raw_centroid,0.06666666666666667,16
Plane,shape,0.25,42,mech_logistic_project,0.1619047619047619,16
Plane,shape,0.25,42,mech_logistic_solve,0.08571428571428572,16
Plane,shape,0.1,42,law_cosine,0.5142857142857142,7
Plane,shape,0.1,42,raw_1nn_ed,0.580952380952381,7
Plane,shape,0.1,42,raw_centroid,0.580952380952381,7
Plane,shape,0.1,42,mech_logistic_project,0.5714285714285714,7
Plane,shape,0.1,42,mech_logistic_solve,0.7333333333333333,7
ArrowHead,shape,1.0,11,law_cosine,0.18857142857142858,32
ArrowHead,shape,1.0,11,raw_1nn_ed,0.2,32
ArrowHead,shape,1.0,11,raw_centroid,0.38857142857142857,32
ArrowHead,shape,1.0,11,mech_logistic_project,0.22857142857142856,32
ArrowHead,shape,1.0,11,mech_logistic_solve,0.22857142857142856,32
ArrowHead,shape,0.5,11,law_cosine,0.18857142857142858,32
ArrowHead,shape,0.5,11,raw_1nn_ed,0.19428571428571428,32
ArrowHead,shape,0.5,11,raw_centroid,0.3942857142857143,32
ArrowHead,shape,0.5,11,mech_logistic_project,0.25142857142857145,32
ArrowHead,shape,0.5,11,mech_logistic_solve,0.2571428571428571,32
ArrowHead,shape,0.25,11,law_cosine,0.2342857142857143,31
ArrowHead,shape,0.25,11,raw_1nn_ed,0.22857142857142856,31
ArrowHead,shape,0.25,11,raw_centroid,0.38285714285714284,31
ArrowHead,shape,0.25,11,mech_logistic_project,0.36,31
ArrowHead,shape,0.25,11,mech_logistic_solve,0.2742857142857143,31
ArrowHead,shape,0.1,11,law_cosine,0.44571428571428573,12
ArrowHead,shape,0.1,11,raw_1nn_ed,0.48,12
ArrowHead,shape,0.1,11,raw_centroid,0.4685714285714286,12
ArrowHead,shape,0.1,11,mech_logistic_project,0.3657142857142857,12
ArrowHead,shape,0.1,11,mech_logistic_solve,0.29714285714285715,12
ArrowHead,shape,0.5,23,law_cosine,0.18285714285714286,32
ArrowHead,shape,0.5,23,raw_1nn_ed,0.2,32
ArrowHead,shape,0.5,23,raw_centroid,0.4,32
ArrowHead,shape,0.5,23,mech_logistic_project,0.29714285714285715,32
ArrowHead,shape,0.5,23,mech_logistic_solve,0.2571428571428571,32
ArrowHead,shape,0.25,23,law_cosine,0.21714285714285714,31
ArrowHead,shape,0.25,23,raw_1nn_ed,0.21142857142857144,31
ArrowHead,shape,0.25,23,raw_centroid,0.38857142857142857,31
ArrowHead,shape,0.25,23,mech_logistic_project,0.35428571428571426,31
ArrowHead,shape,0.25,23,mech_logistic_solve,0.24571428571428572,31
ArrowHead,shape,0.1,23,law_cosine,0.3314285714285714,12
ArrowHead,shape,0.1,23,raw_1nn_ed,0.4228571428571429,12
ArrowHead,shape,0.1,23,raw_centroid,0.45714285714285713,12
ArrowHead,shape,0.1,23,mech_logistic_project,0.38857142857142857,12
ArrowHead,shape,0.1,23,mech_logistic_solve,0.3657142857142857,12
ArrowHead,shape,0.5,42,law_cosine,0.2057142857142857,32
ArrowHead,shape,0.5,42,raw_1nn_ed,0.2057142857142857,32
ArrowHead,shape,0.5,42,raw_centroid,0.38857142857142857,32
ArrowHead,shape,0.5,42,mech_logistic_project,0.37142857142857144,32
ArrowHead,shape,0.5,42,mech_logistic_solve,0.2914285714285714,32
ArrowHead,shape,0.25,42,law_cosine,0.21142857142857144,31
ArrowHead,shape,0.25,42,raw_1nn_ed,0.21714285714285714,31
ArrowHead,shape,0.25,42,raw_centroid,0.38857142857142857,31
ArrowHead,shape,0.25,42,mech_logistic_project,0.3485714285714286,31
ArrowHead,shape,0.25,42,mech_logistic_solve,0.2857142857142857,31
ArrowHead,shape,0.1,42,law_cosine,0.32571428571428573,12
ArrowHead,shape,0.1,42,raw_1nn_ed,0.4685714285714286,12
ArrowHead,shape,0.1,42,raw_centroid,0.5085714285714286,12
ArrowHead,shape,0.1,42,mech_logistic_project,0.3942857142857143,12
ArrowHead,shape,0.1,42,mech_logistic_solve,0.46285714285714286,12
FaceFour,shape,1.0,11,law_cosine,0.1590909090909091,16
FaceFour,shape,1.0,11,raw_1nn_ed,0.2159090909090909,16
FaceFour,shape,1.0,11,raw_centroid,0.1590909090909091,16
FaceFour,shape,1.0,11,mech_logistic_project,0.06818181818181818,16
FaceFour,shape,1.0,11,mech_logistic_solve,0.06818181818181818,16
FaceFour,shape,0.5,11,law_cosine,0.2159090909090909,16
FaceFour,shape,0.5,11,raw_1nn_ed,0.2159090909090909,16
FaceFour,shape,0.5,11,raw_centroid,0.17045454545454544,16
FaceFour,shape,0.5,11,mech_logistic_project,0.19318181818181818,16
FaceFour,shape,0.5,11,mech_logistic_solve,0.2159090909090909,16
FaceFour,shape,0.25,11,law_cosine,0.38636363636363635,16
FaceFour,shape,0.25,11,raw_1nn_ed,0.23863636363636365,16
FaceFour,shape,0.25,11,raw_centroid,0.23863636363636365,16
FaceFour,shape,0.25,11,mech_logistic_project,0.45454545454545453,16
FaceFour,shape,0.25,11,mech_logistic_solve,0.32954545454545453,16
FaceFour,shape,0.1,11,law_cosine,0.5681818181818182,16
FaceFour,shape,0.1,11,raw_1nn_ed,0.48863636363636365,16
FaceFour,shape,0.1,11,raw_centroid,0.5568181818181818,16
FaceFour,shape,0.1,11,mech_logistic_project,0.5,16
FaceFour,shape,0.1,11,mech_logistic_solve,0.6590909090909091,16
FaceFour,shape,0.5,23,law_cosine,0.23863636363636365,16
FaceFour,shape,0.5,23,raw_1nn_ed,0.25,16
FaceFour,shape,0.5,23,raw_centroid,0.22727272727272727,16
FaceFour,shape,0.5,23,mech_logistic_project,0.20454545454545456,16
FaceFour,shape,0.5,23,mech_logistic_solve,0.32954545454545453,16
FaceFour,shape,0.25,23,law_cosine,0.5,16
FaceFour,shape,0.25,23,raw_1nn_ed,0.3181818181818182,16
FaceFour,shape,0.25,23,raw_centroid,0.25,16
FaceFour,shape,0.25,23,mech_logistic_project,0.6136363636363636,16
FaceFour,shape,0.25,23,mech_logistic_solve,0.6022727272727273,16
FaceFour,shape,0.1,23,law_cosine,0.5909090909090909,16
FaceFour,shape,0.1,23,raw_1nn_ed,0.45454545454545453,16
FaceFour,shape,0.1,23,raw_centroid,0.4090909090909091,16
FaceFour,shape,0.1,23,mech_logistic_project,0.5909090909090909,16
FaceFour,shape,0.1,23,mech_logistic_solve,0.5,16
FaceFour,shape,0.5,42,law_cosine,0.23863636363636365,16
FaceFour,shape,0.5,42,raw_1nn_ed,0.2159090909090909,16
FaceFour,shape,0.5,42,raw_centroid,0.18181818181818182,16
FaceFour,shape,0.5,42,mech_logistic_project,0.11363636363636363,16
FaceFour,shape,0.5,42,mech_logistic_solve,0.14772727272727273,16
FaceFour,shape,0.25,42,law_cosine,0.38636363636363635,16
FaceFour,shape,0.25,42,raw_1nn_ed,0.22727272727272727,16
FaceFour,shape,0.25,42,raw_centroid,0.23863636363636365,16
FaceFour,shape,0.25,42,mech_logistic_project,0.3409090909090909,16
FaceFour,shape,0.25,42,mech_logistic_solve,0.3181818181818182,16
FaceFour,shape,0.1,42,law_cosine,0.5,16
FaceFour,shape,0.1,42,raw_1nn_ed,0.5454545454545454,16
FaceFour,shape,0.1,42,raw_centroid,0.6022727272727273,16
FaceFour,shape,0.1,42,mech_logistic_project,0.42045454545454547,16
FaceFour,shape,0.1,42,mech_logistic_solve,0.6363636363636364,16
Lightning2,shape,1.0,11,law_cosine,0.2459016393442623,8
Lightning2,shape,1.0,11,raw_1nn_ed,0.2459016393442623,8
Lightning2,shape,1.0,11,raw_centroid,0.3114754098360656,8
Lightning2,shape,1.0,11,mech_logistic_project,0.19672131147540983,8
Lightning2,shape,1.0,11,mech_logistic_solve,0.19672131147540983,8
Lightning2,shape,0.5,11,law_cosine,0.2459016393442623,8
Lightning2,shape,0.5,11,raw_1nn_ed,0.21311475409836064,8
Lightning2,shape,0.5,11,raw_centroid,0.3114754098360656,8
Lightning2,shape,0.5,11,mech_logistic_project,0.3114754098360656,8
Lightning2,shape,0.5,11,mech_logistic_solve,0.2786885245901639,8
Lightning2,shape,0.25,11,law_cosine,0.2459016393442623,8
Lightning2,shape,0.25,11,raw_1nn_ed,0.2459016393442623,8
Lightning2,shape,0.25,11,raw_centroid,0.3442622950819672,8
Lightning2,shape,0.25,11,mech_logistic_project,0.2459016393442623,8
Lightning2,shape,0.25,11,mech_logistic_solve,0.22950819672131148,8
Lightning2,shape,0.1,11,law_cosine,0.26229508196721313,8
Lightning2,shape,0.1,11,raw_1nn_ed,0.2786885245901639,8
Lightning2,shape,0.1,11,raw_centroid,0.39344262295081966,8
Lightning2,shape,0.1,11,mech_logistic_project,0.2459016393442623,8
Lightning2,shape,0.1,11,mech_logistic_solve,0.26229508196721313,8
Lightning2,shape,0.5,23,law_cosine,0.2786885245901639,8
Lightning2,shape,0.5,23,raw_1nn_ed,0.18032786885245902,8
Lightning2,shape,0.5,23,raw_centroid,0.3114754098360656,8
Lightning2,shape,0.5,23,mech_logistic_project,0.22950819672131148,8
Lightning2,shape,0.5,23,mech_logistic_solve,0.2459016393442623,8
Lightning2,shape,0.25,23,law_cosine,0.19672131147540983,8
Lightning2,shape,0.25,23,raw_1nn_ed,0.16393442622950818,8
Lightning2,shape,0.25,23,raw_centroid,0.3770491803278688,8
Lightning2,shape,0.25,23,mech_logistic_project,0.2459016393442623,8
Lightning2,shape,0.25,23,mech_logistic_solve,0.2459016393442623,8
Lightning2,shape,0.1,23,law_cosine,0.26229508196721313,8
Lightning2,shape,0.1,23,raw_1nn_ed,0.26229508196721313,8
Lightning2,shape,0.1,23,raw_centroid,0.36065573770491804,8
Lightning2,shape,0.1,23,mech_logistic_project,0.3770491803278688,8
Lightning2,shape,0.1,23,mech_logistic_solve,0.3114754098360656,8
Lightning2,shape,0.5,42,law_cosine,0.21311475409836064,8
Lightning2,shape,0.5,42,raw_1nn_ed,0.21311475409836064,8
Lightning2,shape,0.5,42,raw_centroid,0.3114754098360656,8
Lightning2,shape,0.5,42,mech_logistic_project,0.19672131147540983,8
Lightning2,shape,0.5,42,mech_logistic_solve,0.21311475409836064,8
Lightning2,shape,0.25,42,law_cosine,0.21311475409836064,8
Lightning2,shape,0.25,42,raw_1nn_ed,0.22950819672131148,8
Lightning2,shape,0.25,42,raw_centroid,0.3442622950819672,8
Lightning2,shape,0.25,42,mech_logistic_project,0.2459016393442623,8
Lightning2,shape,0.25,42,mech_logistic_solve,0.26229508196721313,8
Lightning2,shape,0.1,42,law_cosine,0.21311475409836064,8
Lightning2,shape,0.1,42,raw_1nn_ed,0.22950819672131148,8
Lightning2,shape,0.1,42,raw_centroid,0.32786885245901637,8
Lightning2,shape,0.1,42,mech_logistic_project,0.22950819672131148,8
Lightning2,shape,0.1,42,mech_logistic_solve,0.2459016393442623,8
Lightning7,shape,1.0,11,law_cosine,0.3561643835616438,32
Lightning7,shape,1.0,11,raw_1nn_ed,0.4246575342465753,32
Lightning7,shape,1.0,11,raw_centroid,0.410958904109589,32
Lightning7,shape,1.0,11,mech_logistic_project,0.3287671232876712,32
Lightning7,shape,1.0,11,mech_logistic_solve,0.3287671232876712,32
Lightning7,shape,0.5,11,law_cosine,0.4246575342465753,32
Lightning7,shape,0.5,11,raw_1nn_ed,0.3698630136986301,32
Lightning7,shape,0.5,11,raw_centroid,0.3972602739726027,32
Lightning7,shape,0.5,11,mech_logistic_project,0.4383561643835616,32
Lightning7,shape,0.5,11,mech_logistic_solve,0.3972602739726027,32
Lightning7,shape,0.25,11,law_cosine,0.4657534246575342,32
Lightning7,shape,0.25,11,raw_1nn_ed,0.4383561643835616,32
Lightning7,shape,0.25,11,raw_centroid,0.3698630136986301,32
Lightning7,shape,0.25,11,mech_logistic_project,0.5205479452054794,32
Lightning7,shape,0.25,11,mech_logistic_solve,0.5342465753424658,32
Lightning7,shape,0.1,11,law_cosine,0.4794520547945205,16
Lightning7,shape,0.1,11,raw_1nn_ed,0.4383561643835616,16
Lightning7,shape,0.1,11,raw_centroid,0.4931506849315068,16
Lightning7,shape,0.1,11,mech_logistic_project,0.4657534246575342,16
Lightning7,shape,0.1,11,mech_logistic_solve,0.547945205479452,16
Lightning7,shape,0.5,23,law_cosine,0.4794520547945205,32
Lightning7,shape,0.5,23,raw_1nn_ed,0.4246575342465753,32
Lightning7,shape,0.5,23,raw_centroid,0.4520547945205479,32
Lightning7,shape,0.5,23,mech_logistic_project,0.3835616438356164,32
Lightning7,shape,0.5,23,mech_logistic_solve,0.3698630136986301,32
Lightning7,shape,0.25,23,law_cosine,0.4931506849315068,32
Lightning7,shape,0.25,23,raw_1nn_ed,0.3972602739726027,32
Lightning7,shape,0.25,23,raw_centroid,0.3835616438356164,32
Lightning7,shape,0.25,23,mech_logistic_project,0.4246575342465753,32
Lightning7,shape,0.25,23,mech_logistic_solve,0.4246575342465753,32
Lightning7,shape,0.1,23,law_cosine,0.5068493150684932,16
Lightning7,shape,0.1,23,raw_1nn_ed,0.4794520547945205,16
Lightning7,shape,0.1,23,raw_centroid,0.4520547945205479,16
Lightning7,shape,0.1,23,mech_logistic_project,0.5068493150684932,16
Lightning7,shape,0.1,23,mech_logistic_solve,0.547945205479452,16
Lightning7,shape,0.5,42,law_cosine,0.3835616438356164,32
Lightning7,shape,0.5,42,raw_1nn_ed,0.3561643835616438,32
Lightning7,shape,0.5,42,raw_centroid,0.4246575342465753,32
Lightning7,shape,0.5,42,mech_logistic_project,0.410958904109589,32
Lightning7,shape,0.5,42,mech_logistic_solve,0.3835616438356164,32
Lightning7,shape,0.25,42,law_cosine,0.4383561643835616,32
Lightning7,shape,0.25,42,raw_1nn_ed,0.410958904109589,32
Lightning7,shape,0.25,42,raw_centroid,0.410958904109589,32
Lightning7,shape,0.25,42,mech_logistic_project,0.4794520547945205,32
Lightning7,shape,0.25,42,mech_logistic_solve,0.4794520547945205,32
Lightning7,shape,0.1,42,law_cosine,0.4383561643835616,16
Lightning7,shape,0.1,42,raw_1nn_ed,0.4657534246575342,16
Lightning7,shape,0.1,42,raw_centroid,0.4520547945205479,16
Lightning7,shape,0.1,42,mech_logistic_project,0.4657534246575342,16
Lightning7,shape,0.1,42,mech_logistic_solve,0.5205479452054794,16
SonyAIBORobotSurface1,shape,1.0,11,law_cosine,0.2878535773710483,8
SonyAIBORobotSurface1,shape,1.0,11,raw_1nn_ed,0.30449251247920134,8
SonyAIBORobotSurface1,shape,1.0,11,raw_centroid,0.18801996672212978,8
SonyAIBORobotSurface1,shape,1.0,11,mech_logistic_project,0.37271214642262895,8
SonyAIBORobotSurface1,shape,1.0,11,mech_logistic_solve,0.37271214642262895,8
SonyAIBORobotSurface1,shape,0.5,11,law_cosine,0.32945091514143093,8
SonyAIBORobotSurface1,shape,0.5,11,raw_1nn_ed,0.4043261231281198,8
SonyAIBORobotSurface1,shape,0.5,11,raw_centroid,0.3011647254575707,8
SonyAIBORobotSurface1,shape,0.5,11,mech_logistic_project,0.47420965058236275,8
SonyAIBORobotSurface1,shape,0.5,11,mech_logistic_solve,0.4292845257903494,8
SonyAIBORobotSurface1,shape,0.25,11,law_cosine,0.39600665557404324,8
SonyAIBORobotSurface1,shape,0.25,11,raw_1nn_ed,0.46755407653910147,8
SonyAIBORobotSurface1,shape,0.25,11,raw_centroid,0.39267886855241263,8
SonyAIBORobotSurface1,shape,0.25,11,mech_logistic_project,0.46256239600665555,8
SonyAIBORobotSurface1,shape,0.25,11,mech_logistic_solve,0.502495840266223,8
SonyAIBORobotSurface1,shape,0.1,11,law_cosine,0.4442595673876872,8
SonyAIBORobotSurface1,shape,0.1,11,raw_1nn_ed,0.519134775374376,8
SonyAIBORobotSurface1,shape,0.1,11,raw_centroid,0.4209650582362729,8
SonyAIBORobotSurface1,shape,0.1,11,mech_logistic_project,0.5707154742096506,8
SonyAIBORobotSurface1,shape,0.1,11,mech_logistic_solve,0.5707154742096506,8
SonyAIBORobotSurface1,shape,0.5,23,law_cosine,0.3876871880199667,8
SonyAIBORobotSurface1,shape,0.5,23,raw_1nn_ed,0.36772046589018303,8
SonyAIBORobotSurface1,shape,0.5,23,raw_centroid,0.30449251247920134,8
SonyAIBORobotSurface1,shape,0.5,23,mech_logistic_project,0.4525790349417637,8
SonyAIBORobotSurface1,shape,0.5,23,mech_logistic_solve,0.5707154742096506,8
SonyAIBORobotSurface1,shape,0.25,23,law_cosine,0.4492512479201331,8
SonyAIBORobotSurface1,shape,0.25,23,raw_1nn_ed,0.46755407653910147,8
SonyAIBORobotSurface1,shape,0.25,23,raw_centroid,0.34442595673876875,8
SonyAIBORobotSurface1,shape,0.25,23,mech_logistic_project,0.41430948419301167,8
SonyAIBORobotSurface1,shape,0.25,23,mech_logistic_solve,0.4492512479201331,8
SonyAIBORobotSurface1,shape,0.1,23,law_cosine,0.5474209650582362,8
SonyAIBORobotSurface1,shape,0.1,23,raw_1nn_ed,0.5374376039933444,8
SonyAIBORobotSurface1,shape,0.1,23,raw_centroid,0.5391014975041597,8
SonyAIBORobotSurface1,shape,0.1,23,mech_logistic_project,0.5524126455906821,8
SonyAIBORobotSurface1,shape,0.1,23,mech_logistic_solve,0.5474209650582362,8
SonyAIBORobotSurface1,shape,0.5,42,law_cosine,0.4442595673876872,8
SonyAIBORobotSurface1,shape,0.5,42,raw_1nn_ed,0.41430948419301167,8
SonyAIBORobotSurface1,shape,0.5,42,raw_centroid,0.2995008319467554,8
SonyAIBORobotSurface1,shape,0.5,42,mech_logistic_project,0.4875207986688852,8
SonyAIBORobotSurface1,shape,0.5,42,mech_logistic_solve,0.41264559068219636,8
SonyAIBORobotSurface1,shape,0.25,42,law_cosine,0.47420965058236275,8
SonyAIBORobotSurface1,shape,0.25,42,raw_1nn_ed,0.5041597337770383,8
SonyAIBORobotSurface1,shape,0.25,42,raw_centroid,0.41430948419301167,8
SonyAIBORobotSurface1,shape,0.25,42,mech_logistic_project,0.5707154742096506,8
SonyAIBORobotSurface1,shape,0.25,42,mech_logistic_solve,0.5690515806988353,8
SonyAIBORobotSurface1,shape,0.1,42,law_cosine,0.5041597337770383,8
SonyAIBORobotSurface1,shape,0.1,42,raw_1nn_ed,0.5391014975041597,8
SonyAIBORobotSurface1,shape,0.1,42,raw_centroid,0.49916805324459235,8
SonyAIBORobotSurface1,shape,0.1,42,mech_logistic_project,0.5707154742096506,8
SonyAIBORobotSurface1,shape,0.1,42,mech_logistic_solve,0.5707154742096506,8
MoteStrain,shape,1.0,11,law_cosine,0.1573482428115016,32
MoteStrain,shape,1.0,11,raw_1nn_ed,0.12140575079872204,32
MoteStrain,shape,1.0,11,raw_centroid,0.1389776357827476,32
MoteStrain,shape,1.0,11,mech_logistic_project,0.13738019169329074,32
MoteStrain,shape,1.0,11,mech_logistic_solve,0.13738019169329074,32
MoteStrain,shape,0.5,11,law_cosine,0.16853035143769968,32
MoteStrain,shape,0.5,11,raw_1nn_ed,0.17731629392971246,32
MoteStrain,shape,0.5,11,raw_centroid,0.1501597444089457,32
MoteStrain,shape,0.5,11,mech_logistic_project,0.14376996805111822,32
MoteStrain,shape,0.5,11,mech_logistic_solve,0.14936102236421725,32
MoteStrain,shape,0.25,11,law_cosine,0.23242811501597443,32
MoteStrain,shape,0.25,11,raw_1nn_ed,0.17891373801916932,32
MoteStrain,shape,0.25,11,raw_centroid,0.1805111821086262,32
MoteStrain,shape,0.25,11,mech_logistic_project,0.24680511182108625,32
MoteStrain,shape,0.25,11,mech_logistic_solve,0.3402555910543131,32
MoteStrain,shape,0.1,11,law_cosine,0.40175718849840253,32
MoteStrain,shape,0.1,11,raw_1nn_ed,0.2539936102236422,32
MoteStrain,shape,0.1,11,raw_centroid,0.3330670926517572,32
MoteStrain,shape,0.1,11,mech_logistic_project,0.2795527156549521,32
MoteStrain,shape,0.1,11,mech_logistic_solve,0.3450479233226837,32
MoteStrain,shape,0.5,23,law_cosine,0.15415335463258786,32
MoteStrain,shape,0.5,23,raw_1nn_ed,0.1509584664536741,32
MoteStrain,shape,0.5,23,raw_centroid,0.152555910543131,32
MoteStrain,shape,0.5,23,mech_logistic_project,0.1869009584664537,32
MoteStrain,shape,0.5,23,mech_logistic_solve,0.17412140575079874,32
MoteStrain,shape,0.25,23,law_cosine,0.17092651757188498,32
MoteStrain,shape,0.25,23,raw_1nn_ed,0.19089456869009586,32
MoteStrain,shape,0.25,23,raw_centroid,0.19089456869009586,32
MoteStrain,shape,0.25,23,mech_logistic_project,0.2124600638977636,32
MoteStrain,shape,0.25,23,mech_logistic_solve,0.1964856230031949,32
MoteStrain,shape,0.1,23,law_cosine,0.4145367412140575,32
MoteStrain,shape,0.1,23,raw_1nn_ed,0.37140575079872207,32
MoteStrain,shape,0.1,23,raw_centroid,0.2963258785942492,32
MoteStrain,shape,0.1,23,mech_logistic_project,0.41773162939297126,32
MoteStrain,shape,0.1,23,mech_logistic_solve,0.43690095846645366,32
MoteStrain,shape,0.5,42,law_cosine,0.15814696485623003,32
MoteStrain,shape,0.5,42,raw_1nn_ed,0.14616613418530353,32
MoteStrain,shape,0.5,42,raw_centroid,0.15335463258785942,32
MoteStrain,shape,0.5,42,mech_logistic_project,0.16613418530351437,32
MoteStrain,shape,0.5,42,mech_logistic_solve,0.15495207667731628,32
MoteStrain,shape,0.25,42,law_cosine,0.22284345047923323,32
MoteStrain,shape,0.25,42,raw_1nn_ed,0.16293929712460065,32
MoteStrain,shape,0.25,42,raw_centroid,0.20447284345047922,32
MoteStrain,shape,0.25,42,mech_logistic_project,0.2108626198083067,32
MoteStrain,shape,0.25,42,mech_logistic_solve,0.22523961661341854,32
MoteStrain,shape,0.1,42,law_cosine,0.3730031948881789,32
MoteStrain,shape,0.1,42,raw_1nn_ed,0.2971246006389776,32
MoteStrain,shape,0.1,42,raw_centroid,0.273961661341853,32
MoteStrain,shape,0.1,42,mech_logistic_project,0.25798722044728434,32
MoteStrain,shape,0.1,42,mech_logistic_solve,0.31789137380191695,32
