dataset,group,length,n_train,n_test,n_classes,missing_share,ragged
Chinatown,daily,24,20,343,2,0.0,False
ItalyPowerDemand,daily,24,67,1029,2,0.0,False
MelbournePedestrian,daily,24,1194,2439,10,0.0026957579094684194,True
PowerCons,daily,144,180,180,2,0.0,False
DodgerLoopDay,daily,288,78,80,7,0.007405942334739803,False
DodgerLoopWeekend,daily,288,20,138,2,0.007405942334739803,False
DodgerLoopGame,daily,288,20,138,2,0.007405942334739803,False
ElectricDevices,daily,96,8926,7711,7,0.0,False
SmallKitchenAppliances,daily,720,375,375,3,0.0,False
GunPoint,shape,150,50,150,2,0.0,False
ECG200,shape,96,100,100,2,0.0,False
Trace,shape,275,100,100,4,0.0,False
SyntheticControl,shape,60,300,300,6,0.0,False
CBF,shape,128,30,900,3,0.0,False
TwoPatterns,shape,128,1000,4000,4,0.0,False
Coffee,shape,286,28,28,2,0.0,False
Wafer,shape,152,1000,6164,2,0.0,False
Plane,shape,144,105,105,7,0.0,False
ArrowHead,shape,251,36,175,3,0.0,False
FaceFour,shape,350,24,88,4,0.0,False
Lightning2,shape,637,60,61,2,0.0,False
Lightning7,shape,319,70,73,7,0.0,False
SonyAIBORobotSurface1,shape,70,20,601,2,0.0,False
MoteStrain,shape,84,20,1252,2,0.0,False
