design,D2,p,m,simulated,band,oracle_simulated,ceiling,predicted_exact,predicted_first_order,n_training_sets,excess_simulated,excess_predicted,p_over_mn,pmn_bin,predicted_random_design,predicted,in_band_applicable,in_band_exact,in_band_first_order,predicted_design_exact,in_band_design_exact
random,4.0,3,1,0.3162833333333333,0.0234679014747061,0.1597916666666666,0.158655253931457,0.3094779493555222,0.263544628432769,120,0.1564916666666667,0.1508226954240651,0.0625,"(0.05, 0.1]",0.3184989552907677,0.3184989552907677,True,True,False,0.3153161523648776,True
random,4.0,3,2,0.2616166666666666,0.0183420379131815,0.1610708333333333,0.158655253931457,0.2500594713536562,0.2248458989844454,120,0.1005458333333333,0.0914042174221991,0.03125,"(0.0, 0.05]",0.2557819071707672,0.2557819071707672,True,True,False,0.2541274567106577,True
random,4.0,3,4,0.2053333333333333,0.0064325125381679,0.1598916666666666,0.158655253931457,0.2064080689872195,0.1968843173214963,120,0.0454416666666666,0.0477528150557624,0.015625,"(0.0, 0.05]",0.2086669707357278,0.2086669707357278,True,True,False,0.20785383642600805,True
random,4.0,3,8,0.1880875,0.0045607579364818,0.1607208333333333,0.158655253931457,0.1820884971529621,0.1793976789434708,120,0.0273666666666666,0.023433243221505,0.0078125,"(0.0, 0.05]",0.1844077708263418,0.1844077708263418,True,False,False,0.18380135720028462,True
random,4.0,3,32,0.1654749999999999,0.0018565445599503,0.1595166666666666,0.158655253931457,0.1643813635115359,0.1641965791776562,120,0.0059583333333333,0.0057261095800788,0.001953125,"(0.0, 0.05]",0.1652578451729827,0.1652578451729827,True,True,True,0.16608118760701443,True
random,4.0,7,1,0.3874458333333333,0.0191121809744808,0.1610083333333333,0.158655253931457,0.3553454149329104,0.3186759441169685,120,0.2264375,0.1966901610014533,0.1458333333333333,"(0.1, 0.2]",0.3718800560259678,0.3718800560259678,True,False,False,0.37372678117629365,True
random,4.0,7,2,0.3182583333333333,0.0159481257441922,0.1607958333333333,0.158655253931457,0.2986234805505801,0.2732467977032909,120,0.1574625,0.139968226619123,0.0729166666666666,"(0.05, 0.1]",0.3079001351071528,0.3079001351071528,True,False,False,0.3082538350106825,True
random,4.0,7,4,0.2597416666666666,0.0120067323746135,0.1607958333333333,0.158655253931457,0.2461115492875845,0.2326044092260709,120,0.0989458333333333,0.0874562953561274,0.0364583333333333,"(0.0, 0.05]",0.2511431153273405,0.2511431153273405,True,False,False,0.2513417418783771,True
random,4.0,7,8,0.2120583333333333,0.0058029885004953,0.1597749999999999,0.158655253931457,0.2074835086105,0.2021242473697355,120,0.0522833333333333,0.0488282546790429,0.0182291666666666,"(0.0, 0.05]",0.20953494690329,0.20953494690329,True,True,False,0.21118665377852627,True
random,4.0,7,32,0.1719083333333333,0.0020237726969791,0.1600708333333333,0.158655253931457,0.1716868965548386,0.1712021671547641,120,0.0118374999999999,0.0130316426233815,0.0045572916666666,"(0.0, 0.05]",0.1731694843831488,0.1731694843831488,True,True,True,0.1738111809388669,True
random,4.0,15,1,0.4326875,0.0119378295120756,0.1616083333333333,0.158655253931457,0.392434719199212,0.3658002944799506,120,0.2710791666666666,0.2337794652677549,0.3125,"(0.2, inf]",0.419669631939459,0.419669631939459,False,False,False,0.4376933048988135,True
random,4.0,15,2,0.3672,0.0144806854844941,0.1602708333333333,0.158655253931457,0.3437720012309015,0.3231775977697451,120,0.2069291666666667,0.1851167472994444,0.15625,"(0.1, 0.2]",0.3588670368975535,0.3588670368975535,True,False,False,0.3644903405966253,True
random,4.0,15,4,0.30005,0.0093044852290791,0.1600291666666666,0.158655253931457,0.2911512239818284,0.277673158335711,120,0.1400208333333333,0.1324959700503713,0.078125,"(0.05, 0.1]",0.2990640366932748,0.2990640366932748,True,True,False,0.30169731748813594,True
random,4.0,15,8,0.245875,0.0058211707939008,0.1592541666666666,0.158655253931457,0.2432723394187462,0.2362488070003442,120,0.0866208333333333,0.0846170854872891,0.0390625,"(0.0, 0.05]",0.2465113373207385,0.2465113373207385,True,True,False,0.24944919399379165,True
random,4.0,15,32,0.1866083333333333,0.0027476290602713,0.1590458333333333,0.158655253931457,0.1849828073687962,0.1840414146269755,120,0.0275625,0.0263275534373391,0.009765625,"(0.0, 0.05]",0.1856293656730026,0.1856293656730026,True,True,True,0.18683922595470617,True
random,4.0,31,1,0.5001374999999999,0.0012927270428373,0.1606375,0.158655253931457,0.421532654615697,0.4027702943337469,120,0.3394999999999999,0.26287740068424,0.6458333333333334,"(0.2, inf]",0.4659359560941092,0.4659359560941092,False,False,False,0.49916019767773745,True
random,4.0,31,2,0.4483750000000001,0.0097675450843489,0.1614583333333333,0.158655253931457,0.3828004789198327,0.3676583453186702,120,0.2869166666666667,0.2241452249883757,0.3229166666666667,"(0.2, inf]",0.4093497769366899,0.4093497769366899,False,False,False,0.44069714135568216,True
random,4.0,31,4,0.3604916666666666,0.0093413554709946,0.1607916666666666,0.158655253931457,0.3363485922350722,0.3253064819663769,120,0.1997,0.1776933383036151,0.1614583333333333,"(0.1, 0.2]",0.351259338525356,0.351259338525356,True,False,False,0.36179467859418735,True
random,4.0,31,8,0.3045833333333333,0.0072099500704702,0.1587416666666666,0.158655253931457,0.2867684143458028,0.2797918498876214,120,0.1458416666666666,0.1281131604143457,0.0807291666666666,"(0.05, 0.1]",0.2930053863916237,0.2930053863916237,False,False,False,0.3008862457411722,True
random,4.0,31,32,0.2124083333333333,0.0033729643374983,0.1596541666666667,0.158655253931457,0.2073436054309608,0.2058850324510712,120,0.0527541666666666,0.0486883514995037,0.0201822916666666,"(0.0, 0.05]",0.209196077006331,0.209196077006331,True,False,False,0.21073234149362238,True
random,9.0,3,1,0.1833041666666666,0.0196604057444977,0.0689958333333333,0.066807201268858,0.1748274649733592,0.1226390584033864,120,0.1143083333333333,0.1080202637045012,0.0625,"(0.05, 0.1]",0.1860037014582148,0.1860037014582148,True,True,False,0.18381374353141364,True
random,9.0,3,2,0.1171625,0.0091586251651635,0.068925,0.066807201268858,0.1197418663351567,0.0969654261412052,120,0.0482375,0.0529346650662986,0.03125,"(0.0, 0.05]",0.1243723540770471,0.1243723540770471,True,True,False,0.1251711875356547,True
random,9.0,3,4,0.0937666666666666,0.0040661018113474,0.0686208333333333,0.066807201268858,0.0916692111367,0.0824574112766506,120,0.0251458333333333,0.024862009867842,0.015625,"(0.0, 0.05]",0.0940517147096698,0.0940517147096698,True,True,False,0.09481531611309804,True
random,9.0,3,8,0.0807875,0.0023246837229534,0.0688833333333333,0.066807201268858,0.078768895979402,0.0747706772923075,120,0.0119041666666666,0.0119616947105439,0.0078125,"(0.0, 0.05]",0.0809759889101554,0.0809759889101554,True,True,False,0.08117784471560503,True
random,9.0,3,32,0.0711083333333333,0.0010845349939618,0.0684916666666666,0.066807201268858,0.0697079977349181,0.0688229227591323,120,0.0026166666666666,0.0029007964660601,0.001953125,"(0.0, 0.05]",0.071400116020991,0.071400116020991,True,False,False,0.07175623376159337,True
random,9.0,7,1,0.2439666666666666,0.0209816971504402,0.0703708333333333,0.066807201268858,0.2291782632591076,0.1740413118164619,120,0.1735958333333333,0.1623710619902495,0.1458333333333333,"(0.1, 0.2]",0.2536388735589606,0.2536388735589606,True,True,False,0.2558697309302361,True
random,9.0,7,2,0.1649624999999999,0.0111644767439583,0.06865,0.066807201268858,0.1596061173631112,0.1302945171368087,120,0.0963124999999999,0.0927989160942532,0.0729166666666666,"(0.05, 0.1]",0.1689794096069192,0.1689794096069192,True,True,False,0.17039885052488907,True
random,9.0,7,4,0.1211291666666666,0.0066141294287235,0.0686125,0.066807201268858,0.1141432949871955,0.101545893788584,120,0.0525166666666666,0.0473360937183374,0.0364583333333333,"(0.0, 0.05]",0.1180328749066467,0.1180328749066467,True,False,False,0.11955358365701028,True
random,9.0,7,8,0.0935708333333333,0.0032338869223455,0.0683125,0.066807201268858,0.0900471677336715,0.084955920865746,120,0.0252583333333333,0.0232399664648135,0.0182291666666666,"(0.0, 0.05]",0.0920620367946684,0.0920620367946684,True,False,False,0.0930984476019991,True
random,9.0,7,32,0.0745,0.0012412156325548,0.0690249999999999,0.066807201268858,0.0724474804817444,0.071485122519471,120,0.005475,0.0056402792128864,0.0045572916666666,"(0.0, 0.05]",0.0746951725342969,0.0746951725342969,True,False,False,0.07472895643103335,True
random,9.0,15,1,0.3767541666666666,0.0184711827789659,0.0684958333333333,0.066807201268858,0.284086133988219,0.2355849992450278,120,0.3082583333333333,0.2172789327193609,0.3125,"(0.2, inf]",0.3289283819919064,0.3289283819919064,False,False,False,0.37406147875577267,True
random,9.0,15,2,0.2483166666666666,0.0131746931532593,0.0692291666666666,0.066807201268858,0.2100817909270448,0.1791632333744401,120,0.1790874999999999,0.1432745896581867,0.15625,"(0.1, 0.2]",0.231259503590462,0.231259503590462,False,False,False,0.24490562921083156,True
random,9.0,15,4,0.1597208333333333,0.0084909805156244,0.0693458333333333,0.066807201268858,0.1496020889538501,0.1339690420170898,120,0.090375,0.082794887684992,0.078125,"(0.05, 0.1]",0.1585929542333917,0.1585929542333917,True,False,False,0.1628763697598048,True
random,9.0,15,8,0.1208374999999999,0.0039048766913681,0.0679583333333333,0.066807201268858,0.1104272442562829,0.1037892211678121,120,0.0528791666666666,0.0436200429874248,0.0390625,"(0.0, 0.05]",0.1134029773672993,0.1134029773672993,False,False,False,0.11664169654591007,True
random,9.0,15,32,0.0809583333333333,0.0013226418333148,0.0688208333333333,0.066807201268858,0.0778311803525651,0.0767189417052863,120,0.0121374999999999,0.011023979083707,0.009765625,"(0.0, 0.05]",0.0799611665028054,0.0799611665028054,True,False,False,0.08089587565594085,True
random,9.0,31,1,0.4986833333333333,0.0022392579970198,0.0686208333333333,0.066807201268858,0.3347186344638182,0.2966528666819625,120,0.4300624999999999,0.2679114331949601,0.6458333333333334,"(0.2, inf]",0.4225874338061721,0.4225874338061721,False,False,False,0.4973984519795645,True
random,9.0,31,2,0.3715,0.0154746200452941,0.0688541666666666,0.066807201268858,0.2658710088548417,0.23838336199929,120,0.3026458333333333,0.1990638075859836,0.3229166666666667,"(0.2, inf]",0.3088852916549263,0.3088852916549263,False,False,False,0.3753622167499765,True
random,9.0,31,4,0.2350083333333333,0.0096612076491483,0.06895,0.066807201268858,0.1981329517951806,0.1816388304680468,120,0.1660583333333333,0.1313257505263226,0.1614583333333333,"(0.1, 0.2]",0.2172297583750748,0.2172297583750748,False,False,False,0.23308133657558813,True
random,9.0,31,8,0.1578416666666666,0.0054506826768143,0.0698,0.066807201268858,0.1438492139826062,0.1357695679382851,120,0.0880416666666666,0.0770420127137481,0.0807291666666666,"(0.05, 0.1]",0.1526368121421631,0.1526368121421631,True,False,False,0.15782683993505592,True
random,9.0,31,32,0.09335,0.0018176538576468,0.0693875,0.066807201268858,0.0881708165135318,0.0868086672124717,120,0.0239624999999999,0.0213636152446737,0.0201822916666666,"(0.0, 0.05]",0.0911940682901241,0.0911940682901241,False,False,False,0.09222160268309723,True
random,16.0,3,1,0.0882083333333333,0.0102781388257677,0.0249208333333333,0.0227501319481791,0.0821012714955427,0.0440407558310951,120,0.0632875,0.0593511395473635,0.0625,"(0.05, 0.1]",0.0908690290020288,0.0908690290020288,True,True,False,0.08792132994626944,True
random,16.0,3,2,0.0508791666666666,0.0050381457483581,0.0243166666666666,0.0227501319481791,0.0481199713340041,0.0332287100084655,120,0.0265625,0.0253698393858249,0.03125,"(0.0, 0.05]",0.0510154139151371,0.0510154139151371,True,True,False,0.05129334979745798,True
random,16.0,3,4,0.0360875,0.0019446350280083,0.0247916666666666,0.0227501319481791,0.0341631873887736,0.02791464731962,120,0.0112958333333333,0.0114130554405944,0.015625,"(0.0, 0.05]",0.0364753778746209,0.0364753778746209,True,True,False,0.03672471335115537,True
random,16.0,3,8,0.0303,0.0013377413130827,0.0244708333333333,0.0227501319481791,0.0281366458105325,0.0253085890261588,120,0.0058291666666666,0.0053865138623533,0.0078125,"(0.0, 0.05]",0.0299174498378463,0.0299174498378463,True,False,False,0.029933680714082554,True
random,16.0,3,32,0.0257583333333333,0.0006775701492757,0.0244583333333333,0.0227501319481791,0.0240368001098283,0.0233846598637896,120,0.0012999999999999,0.0012866681616491,0.001953125,"(0.0, 0.05]",0.0257484132760248,0.0257484132760248,True,False,False,0.02587840662181828,True
random,16.0,7,1,0.158875,0.0192517133363904,0.0246666666666666,0.0227501319481791,0.1226402557014041,0.0720635174080076,120,0.1342083333333333,0.0998901237532249,0.1458333333333333,"(0.1, 0.2]",0.1445873827032573,0.1445873827032573,True,False,False,0.14932886568157977,True
random,16.0,7,2,0.0772458333333333,0.0068066431942107,0.0246333333333333,0.0227501319481791,0.0685748631360089,0.0476464190117283,120,0.0526124999999999,0.0458247311878297,0.0729166666666666,"(0.05, 0.1]",0.0753883247822462,0.0753883247822462,True,False,False,0.07729471697572725,True
random,16.0,7,4,0.0465416666666666,0.003150998759749,0.0246916666666666,0.0227501319481791,0.0430738196852886,0.035020668437308,120,0.0218499999999999,0.0203236877371094,0.0364583333333333,"(0.0, 0.05]",0.0460391159553506,0.0460391159553506,True,False,False,0.047382977109129615,True
random,16.0,7,8,0.033575,0.0013093955883241,0.0244416666666666,0.0227501319481791,0.0320844969810243,0.0287920575364379,120,0.0091333333333333,0.0093343650328451,0.0182291666666666,"(0.0, 0.05]",0.033993545030809,0.033993545030809,True,False,False,0.03487233171665288,True
random,16.0,7,32,0.026775,0.0007321020347982,0.0241166666666666,0.0227501319481791,0.0249160619479765,0.0242361322266942,120,0.0026583333333333,0.0021659299997973,0.0045572916666666,"(0.0, 0.05]",0.0262942369561508,0.0262942369561508,True,False,False,0.026681296177175205,True
random,16.0,15,1,0.2789958333333333,0.0231508676832308,0.024675,0.0227501319481791,0.1755426965479455,0.1190924749960112,120,0.2543208333333333,0.1527925645997663,0.3125,"(0.2, inf]",0.2301804260880295,0.2301804260880295,False,False,False,0.29608038316348373,True
random,16.0,15,2,0.1397833333333333,0.0151669039905093,0.024225,0.0227501319481791,0.1029339161654837,0.0753813875133226,120,0.1155583333333333,0.0801837842173045,0.15625,"(0.1, 0.2]",0.1206304602501461,0.1206304602501461,False,False,False,0.1340754691049541,True
random,16.0,15,4,0.0781708333333333,0.0057483220768626,0.0240291666666666,0.0227501319481791,0.060413571548659,0.0494434543896418,120,0.0541416666666666,0.0376634396004798,0.078125,"(0.05, 0.1]",0.0655497567547215,0.0655497567547215,False,False,False,0.07090307139471572,True
random,16.0,15,8,0.0430416666666666,0.0019290490296335,0.023875,0.0227501319481791,0.0400949422081719,0.0359192168510773,120,0.0191666666666666,0.0173448102599927,0.0390625,"(0.0, 0.05]",0.0420563952212924,0.0420563952212924,True,False,False,0.04506844189780029,True
random,16.0,15,32,0.0287041666666666,0.0007659138765508,0.0247,0.0227501319481791,0.0266958868401579,0.0259560735751962,120,0.0040041666666666,0.0039457548919787,0.009765625,"(0.0, 0.05]",0.0286888291707816,0.0286888291707816,True,False,False,0.02912011464190679,True
random,16.0,31,1,0.4973166666666666,0.0016211976990664,0.0251875,0.0227501319481791,0.2356840796190721,0.182515135919152,120,0.4721291666666666,0.2129339476708929,0.6458333333333334,"(0.2, inf]",0.3667642151455119,0.3667642151455119,False,False,False,0.49660113111393533,True
random,16.0,31,2,0.2889875,0.0212416649084113,0.0243458333333333,0.0227501319481791,0.1528836436513784,0.1216213528713283,120,0.2646416666666666,0.1301335117031992,0.3229166666666667,"(0.2, inf]",0.201360529749178,0.201360529749178,False,False,False,0.29722354107424487,True
random,16.0,31,4,0.1254833333333333,0.009259864399771,0.0245458333333333,0.0227501319481791,0.091399122244474,0.0770217732718754,120,0.1009375,0.0686489902962948,0.1614583333333333,"(0.1, 0.2]",0.1067177128026595,0.1067177128026595,False,False,False,0.12443441591498741,True
random,16.0,31,8,0.0688708333333333,0.0033458133844475,0.024525,0.0227501319481791,0.0559408193234688,0.050340055363507,120,0.0443458333333333,0.0331906873752896,0.0807291666666666,"(0.05, 0.1]",0.0609652357333845,0.0609652357333845,False,False,False,0.06688992850634536,True
random,16.0,31,32,0.033025,0.000822210077635,0.0245166666666666,0.0227501319481791,0.0303072285853397,0.029452596279165,120,0.0085083333333333,0.0075570966371605,0.0201822916666666,"(0.0, 0.05]",0.0322421130517701,0.0322421130517701,True,False,False,0.03337102083676228,True
