design,D2,p,m,simulated,band,oracle_simulated,ceiling,predicted_exact,predicted_first_order,n_training_sets,excess_simulated,excess_predicted,p_over_mn,pmn_bin,predicted_random_design,predicted,in_band_applicable,in_band_exact,in_band_first_order
fixed,4.0,3,1,0.2920041666666667,0.021609727475035,0.1591125,0.158655253931457,0.3094779493555222,0.263544628432769,120,0.1328916666666666,0.1508226954240651,0.0625,"(0.05, 0.1]",0.3178197886241011,0.3094779493555222,True,True,False
fixed,4.0,3,2,0.2597125,0.0162394790871631,0.1588416666666666,0.158655253931457,0.2500594713536562,0.2248458989844454,120,0.1008708333333333,0.0914042174221991,0.03125,"(0.0, 0.05]",0.2535527405041006,0.2500594713536562,True,True,False
fixed,4.0,3,4,0.2139708333333333,0.0098081334212555,0.1585708333333333,0.158655253931457,0.2064080689872195,0.1968843173214963,120,0.0553999999999999,0.0477528150557624,0.015625,"(0.0, 0.05]",0.20734613740239452,0.2064080689872195,True,True,False
fixed,4.0,3,8,0.1855833333333333,0.0038815142828434,0.1590041666666666,0.158655253931457,0.1820884971529621,0.1793976789434708,120,0.0265791666666666,0.023433243221505,0.0078125,"(0.0, 0.05]",0.1826911041596751,0.1820884971529621,True,True,False
fixed,4.0,3,32,0.1651583333333333,0.0019746993294279,0.1593125,0.158655253931457,0.1643813635115359,0.1641965791776562,120,0.0058458333333333,0.0057261095800788,0.001953125,"(0.0, 0.05]",0.1650536785063161,0.1643813635115359,True,True,True
fixed,4.0,7,1,0.3600958333333333,0.0176267252203426,0.1581208333333333,0.158655253931457,0.3553454149329104,0.3186759441169685,120,0.201975,0.1966901610014533,0.14583333333333334,"(0.1, 0.2]",0.36899255602596787,0.3553454149329104,True,True,False
fixed,4.0,7,2,0.2923583333333334,0.0131413037105133,0.1582791666666666,0.158655253931457,0.2986234805505801,0.2732467977032909,120,0.1340791666666667,0.139968226619123,0.07291666666666667,"(0.05, 0.1]",0.30538346844048614,0.2986234805505801,True,True,False
fixed,4.0,7,4,0.2534625,0.0106069329007128,0.1600125,0.158655253931457,0.2461115492875845,0.2326044092260709,120,0.0934499999999999,0.0874562953561274,0.036458333333333336,"(0.0, 0.05]",0.2503597819940072,0.2461115492875845,True,True,False
fixed,4.0,7,8,0.2106958333333333,0.007425534111389,0.1586291666666666,0.158655253931457,0.2074835086105,0.2021242473697355,120,0.0520666666666666,0.0488282546790429,0.018229166666666668,"(0.0, 0.05]",0.20838911356995674,0.2074835086105,True,True,False
fixed,4.0,7,32,0.1706125,0.0019220984717266,0.1583041666666666,0.158655253931457,0.1716868965548386,0.1712021671547641,120,0.0123083333333333,0.0130316426233815,0.004557291666666667,"(0.0, 0.05]",0.1714028177164821,0.1716868965548386,True,True,True
fixed,4.0,15,1,0.3925458333333333,0.0148454408577977,0.1583458333333333,0.158655253931457,0.392434719199212,0.3658002944799506,120,0.2342,0.2337794652677549,0.3125,"(0.2, inf]",0.4164071319394591,0.392434719199212,True,True,False
fixed,4.0,15,2,0.3422208333333333,0.0120009266439217,0.1577958333333333,0.158655253931457,0.3437720012309015,0.3231775977697451,120,0.184425,0.1851167472994444,0.15625,"(0.1, 0.2]",0.3563920368975535,0.3437720012309015,True,True,False
fixed,4.0,15,4,0.2929541666666667,0.0104190288358089,0.1578708333333333,0.158655253931457,0.2911512239818284,0.277673158335711,120,0.1350833333333333,0.1324959700503713,0.078125,"(0.05, 0.1]",0.2969057033599415,0.2911512239818284,True,True,False
fixed,4.0,15,8,0.2443,0.0065802778073884,0.1589708333333333,0.158655253931457,0.2432723394187462,0.2362488070003442,120,0.0853291666666666,0.0846170854872891,0.0390625,"(0.0, 0.05]",0.2462280039874052,0.2432723394187462,True,True,False
fixed,4.0,15,32,0.1866249999999999,0.0028070851235322,0.1589375,0.158655253931457,0.1849828073687962,0.1840414146269755,120,0.0276874999999999,0.0263275534373391,0.009765625,"(0.0, 0.05]",0.18552103233966935,0.1849828073687962,True,True,True
fixed,4.0,31,1,0.4264083333333333,0.0104946230285642,0.1590666666666666,0.158655253931457,0.421532654615697,0.4027702943337469,120,0.2673416666666667,0.26287740068424,0.6458333333333334,"(0.2, inf]",0.4643651227607758,0.421532654615697,True,True,False
fixed,4.0,31,2,0.3905083333333333,0.0103981318574596,0.1584333333333333,0.158655253931457,0.3828004789198327,0.3676583453186702,120,0.232075,0.2241452249883757,0.3229166666666667,"(0.2, inf]",0.4063247769366899,0.3828004789198327,True,True,False
fixed,4.0,31,4,0.3307458333333333,0.0086537260302339,0.1576,0.158655253931457,0.3363485922350722,0.3253064819663769,120,0.1731458333333333,0.1776933383036151,0.16145833333333334,"(0.1, 0.2]",0.3480676718586895,0.3363485922350722,True,True,True
fixed,4.0,31,8,0.2864125,0.0072119635132942,0.159225,0.158655253931457,0.2867684143458028,0.2797918498876214,120,0.1271875,0.1281131604143457,0.08072916666666667,"(0.05, 0.1]",0.29348871972495716,0.2867684143458028,True,True,True
fixed,4.0,31,32,0.2070083333333333,0.0032304786121397,0.1591708333333333,0.158655253931457,0.2073436054309608,0.2058850324510712,120,0.0478375,0.0486883514995037,0.020182291666666668,"(0.0, 0.05]",0.20871274367299766,0.2073436054309608,True,True,True
fixed,9.0,3,1,0.1848916666666666,0.0183314953878817,0.0658791666666666,0.066807201268858,0.1748274649733592,0.1226390584033864,120,0.1190124999999999,0.1080202637045012,0.0625,"(0.05, 0.1]",0.18288703479154816,0.1748274649733592,True,True,False
fixed,9.0,3,2,0.1212791666666666,0.0086486733801873,0.0674625,0.066807201268858,0.1197418663351567,0.0969654261412052,120,0.0538166666666666,0.0529346650662986,0.03125,"(0.0, 0.05]",0.12290985407704712,0.1197418663351567,True,True,False
fixed,9.0,3,4,0.095525,0.0042798441357519,0.0669125,0.066807201268858,0.0916692111367,0.0824574112766506,120,0.0286125,0.024862009867842,0.015625,"(0.0, 0.05]",0.09234338137633658,0.0916692111367,True,True,False
fixed,9.0,3,8,0.0822083333333333,0.0034918790005165,0.0678458333333333,0.066807201268858,0.078768895979402,0.0747706772923075,120,0.0143625,0.0119616947105439,0.0078125,"(0.0, 0.05]",0.07993848891015544,0.078768895979402,True,True,False
fixed,9.0,3,32,0.06945,0.0012118347318702,0.0664416666666666,0.066807201268858,0.0697079977349181,0.0688229227591323,120,0.0030083333333333,0.0029007964660601,0.001953125,"(0.0, 0.05]",0.06935011602099106,0.0697079977349181,True,True,True
fixed,9.0,7,1,0.2260958333333333,0.0176195448511297,0.0667249999999999,0.066807201268858,0.2291782632591076,0.1740413118164619,120,0.1593708333333333,0.1623710619902495,0.14583333333333334,"(0.1, 0.2]",0.24999304022562718,0.2291782632591076,True,True,False
fixed,9.0,7,2,0.1637166666666666,0.0139123996712469,0.0673666666666666,0.066807201268858,0.1596061173631112,0.1302945171368087,120,0.09635,0.0927989160942532,0.07291666666666667,"(0.05, 0.1]",0.1676960762735858,0.1596061173631112,True,True,False
fixed,9.0,7,4,0.1150875,0.0063352827145147,0.0670916666666666,0.066807201268858,0.1141432949871955,0.101545893788584,120,0.0479958333333333,0.0473360937183374,0.036458333333333336,"(0.0, 0.05]",0.11651204157331335,0.1141432949871955,True,True,False
fixed,9.0,7,8,0.09175,0.0029769657253606,0.0672416666666666,0.066807201268858,0.0900471677336715,0.084955920865746,120,0.0245083333333333,0.0232399664648135,0.018229166666666668,"(0.0, 0.05]",0.09099120346133509,0.0900471677336715,True,True,False
fixed,9.0,7,32,0.0717416666666666,0.0011613514375637,0.06725,0.066807201268858,0.0724474804817444,0.071485122519471,120,0.0044916666666666,0.0056402792128864,0.004557291666666667,"(0.0, 0.05]",0.07292017253429706,0.0724474804817444,True,True,True
fixed,9.0,15,1,0.2793666666666666,0.0147334331466763,0.0663791666666666,0.066807201268858,0.284086133988219,0.2355849992450278,120,0.2129875,0.2172789327193609,0.3125,"(0.2, inf]",0.32681171532523967,0.284086133988219,True,True,False
fixed,9.0,15,2,0.2113166666666666,0.0123287537867637,0.0669541666666666,0.066807201268858,0.2100817909270448,0.1791632333744401,120,0.1443624999999999,0.1432745896581867,0.15625,"(0.1, 0.2]",0.22898450359046207,0.2100817909270448,True,True,False
fixed,9.0,15,4,0.1517666666666666,0.0087338962121085,0.0665625,0.066807201268858,0.1496020889538501,0.1339690420170898,120,0.0852041666666666,0.082794887684992,0.078125,"(0.05, 0.1]",0.15580962090005845,0.1496020889538501,True,True,False
fixed,9.0,15,8,0.1092083333333333,0.0040156832483958,0.0666166666666666,0.066807201268858,0.1104272442562829,0.1037892211678121,120,0.0425916666666666,0.0436200429874248,0.0390625,"(0.0, 0.05]",0.11206131070063266,0.1104272442562829,True,True,False
fixed,9.0,15,32,0.0782083333333333,0.0013305073342801,0.0675125,0.066807201268858,0.0778311803525651,0.0767189417052863,120,0.0106958333333333,0.011023979083707,0.009765625,"(0.0, 0.05]",0.07865283316947219,0.0778311803525651,True,True,False
fixed,9.0,31,1,0.3332333333333333,0.0155662177011653,0.0671958333333333,0.066807201268858,0.3347186344638182,0.2966528666819625,120,0.2660375,0.2679114331949601,0.6458333333333334,"(0.2, inf]",0.42116243380617213,0.3347186344638182,True,True,False
fixed,9.0,31,2,0.2550041666666666,0.0117005739512633,0.0668874999999999,0.066807201268858,0.2658710088548417,0.23838336199929,120,0.1881166666666666,0.1990638075859836,0.3229166666666667,"(0.2, inf]",0.3069186249882596,0.2658710088548417,True,True,False
fixed,9.0,31,4,0.1995958333333333,0.0078263658371912,0.0665458333333333,0.066807201268858,0.1981329517951806,0.1816388304680468,120,0.13305,0.1313257505263226,0.16145833333333334,"(0.1, 0.2]",0.2148255917084081,0.1981329517951806,True,True,False
fixed,9.0,31,8,0.138275,0.0046415920491465,0.0669458333333333,0.066807201268858,0.1438492139826062,0.1357695679382851,120,0.0713291666666666,0.0770420127137481,0.08072916666666667,"(0.05, 0.1]",0.1497826454754964,0.1438492139826062,False,False,True
fixed,9.0,31,32,0.0874541666666666,0.0016099739821363,0.0671833333333333,0.066807201268858,0.0881708165135318,0.0868086672124717,120,0.0202708333333333,0.0213636152446737,0.020182291666666668,"(0.0, 0.05]",0.08898990162345746,0.0881708165135318,True,True,True
fixed,16.0,3,1,0.0918083333333333,0.014782438021389,0.0226708333333333,0.0227501319481791,0.0821012714955427,0.0440407558310951,120,0.0691374999999999,0.0593511395473635,0.0625,"(0.05, 0.1]",0.08861902900202881,0.0821012714955427,True,True,False
fixed,16.0,3,2,0.049225,0.0056040932669378,0.0229833333333333,0.0227501319481791,0.0481199713340041,0.0332287100084655,120,0.0262416666666666,0.0253698393858249,0.03125,"(0.0, 0.05]",0.04968208058180386,0.0481199713340041,True,True,False
fixed,16.0,3,4,0.0349958333333333,0.0022481706174391,0.0224666666666666,0.0227501319481791,0.0341631873887736,0.02791464731962,120,0.0125291666666666,0.0114130554405944,0.015625,"(0.0, 0.05]",0.03415037787462098,0.0341631873887736,True,True,False
fixed,16.0,3,8,0.0282333333333333,0.0012053762231778,0.0233083333333333,0.0227501319481791,0.0281366458105325,0.0253085890261588,120,0.004925,0.0053865138623533,0.0078125,"(0.0, 0.05]",0.028754949837846395,0.0281366458105325,True,True,False
fixed,16.0,3,32,0.024425,0.0005931034552955,0.0229291666666666,0.0227501319481791,0.0240368001098283,0.0233846598637896,120,0.0014958333333333,0.0012866681616491,0.001953125,"(0.0, 0.05]",0.024219246609358147,0.0240368001098283,True,True,False
fixed,16.0,7,1,0.1385124999999999,0.0151964330479541,0.0231125,0.0227501319481791,0.1226402557014041,0.0720635174080076,120,0.1153999999999999,0.0998901237532249,0.14583333333333334,"(0.1, 0.2]",0.14303321603659075,0.1226402557014041,False,False,False
fixed,16.0,7,2,0.0749083333333333,0.0094013973522842,0.0224041666666666,0.0227501319481791,0.0685748631360089,0.0476464190117283,120,0.0525041666666666,0.0458247311878297,0.07291666666666667,"(0.05, 0.1]",0.07315915811557952,0.0685748631360089,True,True,False
fixed,16.0,7,4,0.0432041666666666,0.0028024972815458,0.02305,0.0227501319481791,0.0430738196852886,0.035020668437308,120,0.0201541666666666,0.0203236877371094,0.036458333333333336,"(0.0, 0.05]",0.04439744928868401,0.0430738196852886,True,True,False
fixed,16.0,7,8,0.0308625,0.0013986769708934,0.02265,0.0227501319481791,0.0320844969810243,0.0287920575364379,120,0.0082125,0.0093343650328451,0.018229166666666668,"(0.0, 0.05]",0.03220187836414247,0.0320844969810243,True,True,False
fixed,16.0,7,32,0.0249041666666666,0.0007465415905394,0.0226291666666666,0.0227501319481791,0.0249160619479765,0.0242361322266942,120,0.002275,0.0021659299997973,0.004557291666666667,"(0.0, 0.05]",0.024806736956150804,0.0249160619479765,True,True,True
fixed,16.0,15,1,0.1768541666666666,0.0164956721080404,0.0228833333333333,0.0227501319481791,0.1755426965479455,0.1190924749960112,120,0.1539708333333333,0.1527925645997663,0.3125,"(0.2, inf]",0.22838875942136283,0.1755426965479455,True,True,False
fixed,16.0,15,2,0.1127958333333333,0.0101727136526046,0.0231916666666666,0.0227501319481791,0.1029339161654837,0.0753813875133226,120,0.0896041666666666,0.0801837842173045,0.15625,"(0.1, 0.2]",0.11959712691681279,0.1029339161654837,True,True,False
fixed,16.0,15,4,0.0596708333333333,0.0037204389637648,0.022625,0.0227501319481791,0.060413571548659,0.0494434543896418,120,0.0370458333333333,0.0376634396004798,0.078125,"(0.05, 0.1]",0.06414559008805495,0.060413571548659,True,True,False
fixed,16.0,15,8,0.0401249999999999,0.0019122650713437,0.0224249999999999,0.0227501319481791,0.0400949422081719,0.0359192168510773,120,0.0176999999999999,0.0173448102599927,0.0390625,"(0.0, 0.05]",0.04060639522129237,0.0400949422081719,True,True,False
fixed,16.0,15,32,0.0272708333333333,0.0007256693841472,0.0229,0.0227501319481791,0.0266958868401579,0.0259560735751962,120,0.0043708333333333,0.0039457548919787,0.009765625,"(0.0, 0.05]",0.026888829170781673,0.0266958868401579,True,True,False
fixed,16.0,31,1,0.2362416666666666,0.0148208724767152,0.02245,0.0227501319481791,0.2356840796190721,0.182515135919152,120,0.2137916666666666,0.2129339476708929,0.6458333333333334,"(0.2, inf]",0.3640267151455119,0.2356840796190721,True,True,False
fixed,16.0,31,2,0.1478999999999999,0.0101513518300564,0.0224458333333333,0.0227501319481791,0.1528836436513784,0.1216213528713283,120,0.1254541666666666,0.1301335117031992,0.3229166666666667,"(0.2, inf]",0.19946052974917805,0.1528836436513784,True,True,False
fixed,16.0,31,4,0.0876541666666666,0.0054975904555535,0.02235,0.0227501319481791,0.091399122244474,0.0770217732718754,120,0.0653041666666666,0.0686489902962948,0.16145833333333334,"(0.1, 0.2]",0.10452187946932623,0.091399122244474,True,True,False
fixed,16.0,31,8,0.056225,0.0022459378207505,0.0228083333333333,0.0227501319481791,0.0559408193234688,0.050340055363507,120,0.0334166666666666,0.0331906873752896,0.08072916666666667,"(0.05, 0.1]",0.0592485690667178,0.0559408193234688,True,True,False
fixed,16.0,31,32,0.0304666666666666,0.0007565524537748,0.0227208333333333,0.0227501319481791,0.0303072285853397,0.029452596279165,120,0.0077458333333333,0.0075570966371605,0.020182291666666668,"(0.0, 0.05]",0.030446279718436862,0.0303072285853397,True,True,False
random,4.0,3,1,0.3162833333333333,0.0234679014747061,0.1597916666666666,0.158655253931457,0.3094779493555222,0.263544628432769,120,0.1564916666666667,0.1508226954240651,0.0625,"(0.05, 0.1]",0.31849895529076777,0.31849895529076777,True,True,False
random,4.0,3,2,0.2616166666666666,0.0183420379131815,0.1610708333333333,0.158655253931457,0.2500594713536562,0.2248458989844454,120,0.1005458333333333,0.0914042174221991,0.03125,"(0.0, 0.05]",0.25578190717076726,0.25578190717076726,True,True,False
random,4.0,3,4,0.2053333333333333,0.0064325125381679,0.1598916666666666,0.158655253931457,0.2064080689872195,0.1968843173214963,120,0.0454416666666666,0.0477528150557624,0.015625,"(0.0, 0.05]",0.20866697073572782,0.20866697073572782,True,True,False
random,4.0,3,8,0.1880875,0.0045607579364818,0.1607208333333333,0.158655253931457,0.1820884971529621,0.1793976789434708,120,0.0273666666666666,0.023433243221505,0.0078125,"(0.0, 0.05]",0.1844077708263418,0.1844077708263418,True,False,False
random,4.0,3,32,0.1654749999999999,0.0018565445599503,0.1595166666666666,0.158655253931457,0.1643813635115359,0.1641965791776562,120,0.0059583333333333,0.0057261095800788,0.001953125,"(0.0, 0.05]",0.16525784517298273,0.16525784517298273,True,True,True
random,4.0,7,1,0.3874458333333333,0.0191121809744808,0.1610083333333333,0.158655253931457,0.3553454149329104,0.3186759441169685,120,0.2264375,0.1966901610014533,0.14583333333333334,"(0.1, 0.2]",0.37188005602596785,0.37188005602596785,True,False,False
random,4.0,7,2,0.3182583333333333,0.0159481257441922,0.1607958333333333,0.158655253931457,0.2986234805505801,0.2732467977032909,120,0.1574625,0.139968226619123,0.07291666666666667,"(0.05, 0.1]",0.30790013510715286,0.30790013510715286,True,False,False
random,4.0,7,4,0.2597416666666666,0.0120067323746135,0.1607958333333333,0.158655253931457,0.2461115492875845,0.2326044092260709,120,0.0989458333333333,0.0874562953561274,0.036458333333333336,"(0.0, 0.05]",0.25114311532734057,0.25114311532734057,True,False,False
random,4.0,7,8,0.2120583333333333,0.0058029885004953,0.1597749999999999,0.158655253931457,0.2074835086105,0.2021242473697355,120,0.0522833333333333,0.0488282546790429,0.018229166666666668,"(0.0, 0.05]",0.20953494690329003,0.20953494690329003,True,True,False
random,4.0,7,32,0.1719083333333333,0.0020237726969791,0.1600708333333333,0.158655253931457,0.1716868965548386,0.1712021671547641,120,0.0118374999999999,0.0130316426233815,0.004557291666666667,"(0.0, 0.05]",0.1731694843831488,0.1731694843831488,True,True,True
random,4.0,15,1,0.4326875,0.0119378295120756,0.1616083333333333,0.158655253931457,0.392434719199212,0.3658002944799506,120,0.2710791666666666,0.2337794652677549,0.3125,"(0.2, inf]",0.41966963193945905,0.41966963193945905,False,False,False
random,4.0,15,2,0.3672,0.0144806854844941,0.1602708333333333,0.158655253931457,0.3437720012309015,0.3231775977697451,120,0.2069291666666667,0.1851167472994444,0.15625,"(0.1, 0.2]",0.3588670368975535,0.3588670368975535,True,False,False
random,4.0,15,4,0.30005,0.0093044852290791,0.1600291666666666,0.158655253931457,0.2911512239818284,0.277673158335711,120,0.1400208333333333,0.1324959700503713,0.078125,"(0.05, 0.1]",0.29906403669327486,0.29906403669327486,True,True,False
random,4.0,15,8,0.245875,0.0058211707939008,0.1592541666666666,0.158655253931457,0.2432723394187462,0.2362488070003442,120,0.0866208333333333,0.0846170854872891,0.0390625,"(0.0, 0.05]",0.2465113373207385,0.2465113373207385,True,True,False
random,4.0,15,32,0.1866083333333333,0.0027476290602713,0.1590458333333333,0.158655253931457,0.1849828073687962,0.1840414146269755,120,0.0275625,0.0263275534373391,0.009765625,"(0.0, 0.05]",0.18562936567300264,0.18562936567300264,True,True,True
random,4.0,31,1,0.5001374999999999,0.0012927270428373,0.1606375,0.158655253931457,0.421532654615697,0.4027702943337469,120,0.3394999999999999,0.26287740068424,0.6458333333333334,"(0.2, inf]",0.4659359560941092,0.4659359560941092,False,False,False
random,4.0,31,2,0.4483750000000001,0.0097675450843489,0.1614583333333333,0.158655253931457,0.3828004789198327,0.3676583453186702,120,0.2869166666666667,0.2241452249883757,0.3229166666666667,"(0.2, inf]",0.4093497769366899,0.4093497769366899,False,False,False
random,4.0,31,4,0.3604916666666666,0.0093413554709946,0.1607916666666666,0.158655253931457,0.3363485922350722,0.3253064819663769,120,0.1997,0.1776933383036151,0.16145833333333334,"(0.1, 0.2]",0.35125933852535607,0.35125933852535607,True,False,False
random,4.0,31,8,0.3045833333333333,0.0072099500704702,0.1587416666666666,0.158655253931457,0.2867684143458028,0.2797918498876214,120,0.1458416666666666,0.1281131604143457,0.08072916666666667,"(0.05, 0.1]",0.2930053863916237,0.2930053863916237,False,False,False
random,4.0,31,32,0.2124083333333333,0.0033729643374983,0.1596541666666667,0.158655253931457,0.2073436054309608,0.2058850324510712,120,0.0527541666666666,0.0486883514995037,0.020182291666666668,"(0.0, 0.05]",0.20919607700633108,0.20919607700633108,True,False,False
random,9.0,3,1,0.1833041666666666,0.0196604057444977,0.0689958333333333,0.066807201268858,0.1748274649733592,0.1226390584033864,120,0.1143083333333333,0.1080202637045012,0.0625,"(0.05, 0.1]",0.18600370145821488,0.18600370145821488,True,True,False
random,9.0,3,2,0.1171625,0.0091586251651635,0.068925,0.066807201268858,0.1197418663351567,0.0969654261412052,120,0.0482375,0.0529346650662986,0.03125,"(0.0, 0.05]",0.12437235407704712,0.12437235407704712,True,True,False
random,9.0,3,4,0.0937666666666666,0.0040661018113474,0.0686208333333333,0.066807201268858,0.0916692111367,0.0824574112766506,120,0.0251458333333333,0.024862009867842,0.015625,"(0.0, 0.05]",0.09405171470966987,0.09405171470966987,True,True,False
random,9.0,3,8,0.0807875,0.0023246837229534,0.0688833333333333,0.066807201268858,0.078768895979402,0.0747706772923075,120,0.0119041666666666,0.0119616947105439,0.0078125,"(0.0, 0.05]",0.08097598891015544,0.08097598891015544,True,True,False
random,9.0,3,32,0.0711083333333333,0.0010845349939618,0.0684916666666666,0.066807201268858,0.0697079977349181,0.0688229227591323,120,0.0026166666666666,0.0029007964660601,0.001953125,"(0.0, 0.05]",0.07140011602099107,0.07140011602099107,True,False,False
random,9.0,7,1,0.2439666666666666,0.0209816971504402,0.0703708333333333,0.066807201268858,0.2291782632591076,0.1740413118164619,120,0.1735958333333333,0.1623710619902495,0.14583333333333334,"(0.1, 0.2]",0.2536388735589606,0.2536388735589606,True,True,False
random,9.0,7,2,0.1649624999999999,0.0111644767439583,0.06865,0.066807201268858,0.1596061173631112,0.1302945171368087,120,0.0963124999999999,0.0927989160942532,0.07291666666666667,"(0.05, 0.1]",0.1689794096069192,0.1689794096069192,True,True,False
random,9.0,7,4,0.1211291666666666,0.0066141294287235,0.0686125,0.066807201268858,0.1141432949871955,0.101545893788584,120,0.0525166666666666,0.0473360937183374,0.036458333333333336,"(0.0, 0.05]",0.11803287490664675,0.11803287490664675,True,False,False
random,9.0,7,8,0.0935708333333333,0.0032338869223455,0.0683125,0.066807201268858,0.0900471677336715,0.084955920865746,120,0.0252583333333333,0.0232399664648135,0.018229166666666668,"(0.0, 0.05]",0.09206203679466848,0.09206203679466848,True,False,False
random,9.0,7,32,0.0745,0.0012412156325548,0.0690249999999999,0.066807201268858,0.0724474804817444,0.071485122519471,120,0.005475,0.0056402792128864,0.004557291666666667,"(0.0, 0.05]",0.07469517253429696,0.07469517253429696,True,False,False
random,9.0,15,1,0.3767541666666666,0.0184711827789659,0.0684958333333333,0.066807201268858,0.284086133988219,0.2355849992450278,120,0.3082583333333333,0.2172789327193609,0.3125,"(0.2, inf]",0.3289283819919064,0.3289283819919064,False,False,False
random,9.0,15,2,0.2483166666666666,0.0131746931532593,0.0692291666666666,0.066807201268858,0.2100817909270448,0.1791632333744401,120,0.1790874999999999,0.1432745896581867,0.15625,"(0.1, 0.2]",0.23125950359046205,0.23125950359046205,False,False,False
random,9.0,15,4,0.1597208333333333,0.0084909805156244,0.0693458333333333,0.066807201268858,0.1496020889538501,0.1339690420170898,120,0.090375,0.082794887684992,0.078125,"(0.05, 0.1]",0.15859295423339176,0.15859295423339176,True,False,False
random,9.0,15,8,0.1208374999999999,0.0039048766913681,0.0679583333333333,0.066807201268858,0.1104272442562829,0.1037892211678121,120,0.0528791666666666,0.0436200429874248,0.0390625,"(0.0, 0.05]",0.11340297736729936,0.11340297736729936,False,False,False
random,9.0,15,32,0.0809583333333333,0.0013226418333148,0.0688208333333333,0.066807201268858,0.0778311803525651,0.0767189417052863,120,0.0121374999999999,0.011023979083707,0.009765625,"(0.0, 0.05]",0.07996116650280549,0.07996116650280549,True,False,False
random,9.0,31,1,0.4986833333333333,0.0022392579970198,0.0686208333333333,0.066807201268858,0.3347186344638182,0.2966528666819625,120,0.4300624999999999,0.2679114331949601,0.6458333333333334,"(0.2, inf]",0.42258743380617214,0.42258743380617214,False,False,False
random,9.0,31,2,0.3715,0.0154746200452941,0.0688541666666666,0.066807201268858,0.2658710088548417,0.23838336199929,120,0.3026458333333333,0.1990638075859836,0.3229166666666667,"(0.2, inf]",0.3088852916549263,0.3088852916549263,False,False,False
random,9.0,31,4,0.2350083333333333,0.0096612076491483,0.06895,0.066807201268858,0.1981329517951806,0.1816388304680468,120,0.1660583333333333,0.1313257505263226,0.16145833333333334,"(0.1, 0.2]",0.2172297583750748,0.2172297583750748,False,False,False
random,9.0,31,8,0.1578416666666666,0.0054506826768143,0.0698,0.066807201268858,0.1438492139826062,0.1357695679382851,120,0.0880416666666666,0.0770420127137481,0.08072916666666667,"(0.05, 0.1]",0.1526368121421631,0.1526368121421631,True,False,False
random,9.0,31,32,0.09335,0.0018176538576468,0.0693875,0.066807201268858,0.0881708165135318,0.0868086672124717,120,0.0239624999999999,0.0213636152446737,0.020182291666666668,"(0.0, 0.05]",0.09119406829012416,0.09119406829012416,False,False,False
random,16.0,3,1,0.0882083333333333,0.0102781388257677,0.0249208333333333,0.0227501319481791,0.0821012714955427,0.0440407558310951,120,0.0632875,0.0593511395473635,0.0625,"(0.05, 0.1]",0.09086902900202881,0.09086902900202881,True,True,False
random,16.0,3,2,0.0508791666666666,0.0050381457483581,0.0243166666666666,0.0227501319481791,0.0481199713340041,0.0332287100084655,120,0.0265625,0.0253698393858249,0.03125,"(0.0, 0.05]",0.051015413915137156,0.051015413915137156,True,True,False
random,16.0,3,4,0.0360875,0.0019446350280083,0.0247916666666666,0.0227501319481791,0.0341631873887736,0.02791464731962,120,0.0112958333333333,0.0114130554405944,0.015625,"(0.0, 0.05]",0.03647537787462099,0.03647537787462099,True,True,False
random,16.0,3,8,0.0303,0.0013377413130827,0.0244708333333333,0.0227501319481791,0.0281366458105325,0.0253085890261588,120,0.0058291666666666,0.0053865138623533,0.0078125,"(0.0, 0.05]",0.029917449837846395,0.029917449837846395,True,False,False
random,16.0,3,32,0.0257583333333333,0.0006775701492757,0.0244583333333333,0.0227501319481791,0.0240368001098283,0.0233846598637896,120,0.0012999999999999,0.0012866681616491,0.001953125,"(0.0, 0.05]",0.025748413276024847,0.025748413276024847,True,False,False
random,16.0,7,1,0.158875,0.0192517133363904,0.0246666666666666,0.0227501319481791,0.1226402557014041,0.0720635174080076,120,0.1342083333333333,0.0998901237532249,0.14583333333333334,"(0.1, 0.2]",0.14458738270325733,0.14458738270325733,True,False,False
random,16.0,7,2,0.0772458333333333,0.0068066431942107,0.0246333333333333,0.0227501319481791,0.0685748631360089,0.0476464190117283,120,0.0526124999999999,0.0458247311878297,0.07291666666666667,"(0.05, 0.1]",0.07538832478224622,0.07538832478224622,True,False,False
random,16.0,7,4,0.0465416666666666,0.003150998759749,0.0246916666666666,0.0227501319481791,0.0430738196852886,0.035020668437308,120,0.0218499999999999,0.0203236877371094,0.036458333333333336,"(0.0, 0.05]",0.04603911595535062,0.04603911595535062,True,False,False
random,16.0,7,8,0.033575,0.0013093955883241,0.0244416666666666,0.0227501319481791,0.0320844969810243,0.0287920575364379,120,0.0091333333333333,0.0093343650328451,0.018229166666666668,"(0.0, 0.05]",0.03399354503080907,0.03399354503080907,True,False,False
random,16.0,7,32,0.026775,0.0007321020347982,0.0241166666666666,0.0227501319481791,0.0249160619479765,0.0242361322266942,120,0.0026583333333333,0.0021659299997973,0.004557291666666667,"(0.0, 0.05]",0.026294236956150803,0.026294236956150803,True,False,False
random,16.0,15,1,0.2789958333333333,0.0231508676832308,0.024675,0.0227501319481791,0.1755426965479455,0.1190924749960112,120,0.2543208333333333,0.1527925645997663,0.3125,"(0.2, inf]",0.23018042608802955,0.23018042608802955,False,False,False
random,16.0,15,2,0.1397833333333333,0.0151669039905093,0.024225,0.0227501319481791,0.1029339161654837,0.0753813875133226,120,0.1155583333333333,0.0801837842173045,0.15625,"(0.1, 0.2]",0.12063046025014619,0.12063046025014619,False,False,False
random,16.0,15,4,0.0781708333333333,0.0057483220768626,0.0240291666666666,0.0227501319481791,0.060413571548659,0.0494434543896418,120,0.0541416666666666,0.0376634396004798,0.078125,"(0.05, 0.1]",0.06554975675472156,0.06554975675472156,False,False,False
random,16.0,15,8,0.0430416666666666,0.0019290490296335,0.023875,0.0227501319481791,0.0400949422081719,0.0359192168510773,120,0.0191666666666666,0.0173448102599927,0.0390625,"(0.0, 0.05]",0.04205639522129247,0.04205639522129247,True,False,False
random,16.0,15,32,0.0287041666666666,0.0007659138765508,0.0247,0.0227501319481791,0.0266958868401579,0.0259560735751962,120,0.0040041666666666,0.0039457548919787,0.009765625,"(0.0, 0.05]",0.028688829170781673,0.028688829170781673,True,False,False
random,16.0,31,1,0.4973166666666666,0.0016211976990664,0.0251875,0.0227501319481791,0.2356840796190721,0.182515135919152,120,0.4721291666666666,0.2129339476708929,0.6458333333333334,"(0.2, inf]",0.3667642151455119,0.3667642151455119,False,False,False
random,16.0,31,2,0.2889875,0.0212416649084113,0.0243458333333333,0.0227501319481791,0.1528836436513784,0.1216213528713283,120,0.2646416666666666,0.1301335117031992,0.3229166666666667,"(0.2, inf]",0.20136052974917804,0.20136052974917804,False,False,False
random,16.0,31,4,0.1254833333333333,0.009259864399771,0.0245458333333333,0.0227501319481791,0.091399122244474,0.0770217732718754,120,0.1009375,0.0686489902962948,0.16145833333333334,"(0.1, 0.2]",0.10671771280265953,0.10671771280265953,False,False,False
random,16.0,31,8,0.0688708333333333,0.0033458133844475,0.024525,0.0227501319481791,0.0559408193234688,0.050340055363507,120,0.0443458333333333,0.0331906873752896,0.08072916666666667,"(0.05, 0.1]",0.060965235733384505,0.060965235733384505,False,False,False
random,16.0,31,32,0.033025,0.000822210077635,0.0245166666666666,0.0227501319481791,0.0303072285853397,0.029452596279165,120,0.0085083333333333,0.0075570966371605,0.020182291666666668,"(0.0, 0.05]",0.03224211305177016,0.03224211305177016,True,False,False
