problem,K,d,rho,geometry,lrdsr,mechanism_kmeans,oracle,profile_kmeans,soft_em,lrdsr_gap,soft_em_gap,mechanism_kmeans_gap,geometry_gap,profile_kmeans_gap,lrdsr_law_nmse_median
damping,2,1,0.1,0.3244444444444444,0.17333333333333334,0.1688888888888889,0.15111111111111108,0.4000000000000001,0.20666666666666667,0.022222222222222254,0.05555555555555558,0.01777777777777782,0.17333333333333334,0.24888888888888894,0.033057600380178215
damping,2,1,0.25,0.15555555555555553,0.04444444444444443,0.053333333333333344,0.044444444444444474,0.3955555555555555,0.055555555555555546,-3.700743415417188e-17,0.011111111111111072,0.008888888888888872,0.11111111111111105,0.3511111111111111,0.01505309419781305
damping,2,1,1.0,0.006666666666666672,0.0,0.0,0.0,0.24888888888888885,0.0,0.0,0.0,0.0,0.006666666666666672,0.24888888888888885,0.0022212243212427025
four_way,4,1,0.1,0.5111111111111111,0.10666666666666665,0.1577777777777778,0.0911111111111111,0.2622222222222222,0.13333333333333333,0.015555555555555545,0.04222222222222224,0.0666666666666667,0.42,0.1711111111111111,0.004984789758207018
four_way,4,1,0.25,0.3511111111111111,0.008888888888888872,0.04666666666666667,0.01777777777777778,0.10888888888888888,0.015555555555555581,-0.00888888888888891,-0.0022222222222221997,0.02888888888888889,0.3333333333333333,0.0911111111111111,0.0017502422232680815
four_way,4,1,1.0,0.0822222222222222,0.0,0.011111111111111108,0.0,0.011111111111111108,0.0,0.0,0.0,0.011111111111111108,0.0822222222222222,0.011111111111111108,0.0005333891682530589
frequency_shift,2,1,0.1,0.3888888888888889,0.15777777777777777,0.14888888888888888,0.13333333333333333,0.2511111111111111,0.14666666666666664,0.024444444444444418,0.013333333333333308,0.015555555555555545,0.2555555555555556,0.11777777777777776,0.009977365541445106
frequency_shift,2,1,0.25,0.34,0.04444444444444443,0.033333333333333326,0.04,0.12888888888888886,0.04,0.004444444444444436,0.0,-0.006666666666666672,0.3,0.08888888888888886,0.001755025697942207
frequency_shift,2,1,1.0,0.20444444444444446,0.0,0.0,0.0,0.044444444444444474,0.0,0.0,0.0,0.0,0.20444444444444446,0.044444444444444474,0.0004239492337806373
high_frequency,2,1,0.1,0.46222222222222226,0.39111111111111113,0.2733333333333334,0.12000000000000004,0.4488888888888889,0.3311111111111111,0.271111111111111,0.21111111111111105,0.15333333333333332,0.3422222222222222,0.32888888888888884,1.0100155793212389
high_frequency,2,1,0.25,0.42444444444444446,0.38222222222222224,0.11555555555555552,0.0377777777777778,0.36000000000000004,0.10444444444444445,0.3444444444444444,0.06666666666666665,0.07777777777777772,0.38666666666666666,0.3222222222222222,0.9726719785671727
high_frequency,2,1,1.0,0.43555555555555553,0.09555555555555557,0.004444444444444473,0.0,0.35555555555555557,0.00888888888888891,0.09555555555555557,0.00888888888888891,0.004444444444444473,0.43555555555555553,0.35555555555555557,0.8876334756297201
interaction,2,2,0.1,0.4177777777777778,0.1511111111111111,0.14444444444444446,0.14222222222222222,,0.14222222222222222,0.00888888888888891,0.0,0.0022222222222222365,0.2755555555555556,,0.009394768923936536
interaction,2,2,0.25,0.3711111111111111,0.04,0.053333333333333344,0.04222222222222224,,0.05777777777777778,-0.0022222222222222365,0.015555555555555545,0.011111111111111108,0.32888888888888884,,0.003071605907762014
interaction,2,2,1.0,0.32666666666666666,0.0,0.0,0.0,,0.0,0.0,0.0,0.0,0.32666666666666666,,0.0004957864254767364
kink,2,1,0.1,0.35333333333333333,0.15333333333333332,0.15777777777777777,0.14222222222222222,0.3022222222222222,0.16222222222222218,0.011111111111111108,0.01999999999999998,0.015555555555555545,0.21111111111111114,0.16000000000000003,0.01961866329178628
kink,2,1,0.25,0.18000000000000002,0.04666666666666667,0.04888888888888887,0.044444444444444474,0.10888888888888888,0.04222222222222224,0.0022222222222221997,-0.0022222222222222365,0.004444444444444399,0.13555555555555554,0.06444444444444442,0.014265357627191402
kink,2,1,1.0,0.03555555555555556,0.0,0.0,0.0,0.03555555555555556,0.0,0.0,0.0,0.0,0.03555555555555556,0.03555555555555556,0.005721034395839347
moment_matched,2,1,0.1,0.3866666666666667,0.16666666666666663,0.17999999999999997,0.16444444444444448,0.27111111111111114,0.1822222222222222,0.0022222222222221624,0.017777777777777743,0.015555555555555508,0.2222222222222222,0.10666666666666665,0.058516681794600706
moment_matched,2,1,0.25,0.3644444444444444,0.05777777777777778,0.05777777777777782,0.0444444444444444,0.08222222222222224,0.05333333333333331,0.013333333333333383,0.00888888888888891,0.01333333333333342,0.32,0.037777777777777834,0.009363831264957177
moment_matched,2,1,1.0,0.3466666666666667,0.0022222222222222365,0.0022222222222222365,0.0022222222222222365,0.0022222222222222365,0.0022222222222222365,0.0,0.0,0.0,0.3444444444444444,0.0,0.001355221516040221
moving_step,2,1,0.1,0.4000000000000001,0.17333333333333334,0.14,0.13777777777777778,0.3311111111111111,0.1711111111111111,0.03555555555555556,0.033333333333333326,0.0022222222222222365,0.26222222222222225,0.19333333333333333,0.09961922955399294
moving_step,2,1,0.25,0.4266666666666667,0.06888888888888889,0.07333333333333332,0.03111111111111109,0.19555555555555557,0.0666666666666667,0.0377777777777778,0.0355555555555556,0.04222222222222224,0.3955555555555556,0.16444444444444448,0.06713484938287886
moving_step,2,1,1.0,0.4155555555555555,0.006666666666666672,0.006666666666666672,0.0022222222222222365,0.16222222222222218,0.00888888888888891,0.004444444444444436,0.006666666666666672,0.004444444444444436,0.41333333333333333,0.15999999999999995,0.061549662695743385
power_exponent,2,1,0.1,0.26222222222222225,0.16666666666666666,0.17555555555555555,0.15333333333333332,0.2111111111111111,0.18000000000000002,0.013333333333333345,0.02666666666666669,0.022222222222222216,0.10888888888888892,0.05777777777777778,0.013406728533803298
power_exponent,2,1,0.25,0.14,0.048888888888888905,0.04222222222222224,0.05111111111111111,0.10666666666666669,0.04444444444444443,-0.0022222222222221997,-0.006666666666666672,-0.008888888888888872,0.0888888888888889,0.05555555555555558,0.0021326735967215626
power_exponent,2,1,1.0,0.00666666666666671,0.0022222222222222365,0.0022222222222222365,0.0022222222222222365,0.022222222222222216,0.0022222222222222365,0.0,0.0,0.0,0.004444444444444473,0.01999999999999998,0.0005581641282765183
rescaled_copy,2,1,0.1,0.23333333333333336,0.13555555555555554,0.1711111111111111,0.13111111111111115,0.2222222222222222,0.16444444444444442,0.004444444444444399,0.03333333333333329,0.03999999999999996,0.10222222222222221,0.09111111111111107,0.0037382300934295527
rescaled_copy,2,1,0.25,0.11555555555555556,0.028888888888888853,0.03555555555555553,0.037777777777777764,0.12444444444444443,0.04222222222222224,-0.00888888888888891,0.004444444444444473,-0.0022222222222222365,0.07777777777777779,0.08666666666666667,0.0006666899122605894
rescaled_copy,2,1,1.0,0.022222222222222216,0.0022222222222222365,0.0,0.0,0.0911111111111111,0.0,0.0022222222222222365,0.0,0.0,0.022222222222222216,0.0911111111111111,0.0001700288082891141
saturation,2,1,0.1,0.29777777777777775,0.13333333333333333,0.15333333333333332,0.12666666666666668,0.22222222222222224,0.14666666666666664,0.006666666666666672,0.01999999999999998,0.026666666666666655,0.1711111111111111,0.09555555555555557,0.002197493475971261
saturation,2,1,0.25,0.2777777777777778,0.0355555555555556,0.031111111111111128,0.02666666666666669,0.17999999999999997,0.02888888888888889,0.00888888888888891,0.0022222222222221997,0.004444444444444436,0.2511111111111111,0.1533333333333333,0.0005819138685120146
saturation,2,1,1.0,0.07777777777777779,0.0,0.0,0.0,0.13333333333333333,0.0,0.0,0.0,0.0,0.07777777777777779,0.13333333333333333,0.00015320514833542978
three_way,3,1,0.1,0.36000000000000004,0.11555555555555556,0.13111111111111115,0.11777777777777776,0.24222222222222223,0.1333333333333333,-0.0022222222222221997,0.015555555555555545,0.013333333333333383,0.24222222222222223,0.12444444444444447,0.003978656953554845
three_way,3,1,0.25,0.3,0.044444444444444474,0.048888888888888905,0.033333333333333326,0.09555555555555555,0.03555555555555556,0.011111111111111146,0.0022222222222222365,0.015555555555555581,0.26666666666666666,0.062222222222222213,0.0010759149213347137
three_way,3,1,1.0,0.22444444444444445,0.0,0.004444444444444436,0.0,0.011111111111111108,0.0,0.0,0.0,0.004444444444444436,0.22444444444444445,0.011111111111111108,0.0002689787303336714
