problem,K,d,truths,why,in_library,law_outside_library,gap_outside_library,x_lo,x_hi
frequency_shift,2,1,sin(x) | sin(1.3*x),"same shape, 30% faster: sin(1.3x) is not a library term",False,1.173241274784558e-06,2.9660005312224787e-06,-3.0,3.0
saturation,2,1,1 - exp(-x) | tanh(x),two saturating curves with the same slope at 0; neither in the library,False,6.186442416970245e-07,5.9185479856087305e-06,0.0,3.0
kink,2,1,"max(0, x) | max(0, x - 0.8)","a hinge that moves; identical on x < 0, non-smooth, out of library",False,0.003298846164259049,0.0016673581234056432,-2.0,2.0
interaction,2,2,x1*x2 | x1 + x2,two inputs; the regimes differ only in how they combine them,True,1.0321575521854177e-30,4.0585878562041395e-31,-2.0,2.0
damping,2,1,sin(2*x) | sin(2*x)*exp(-0.3*x),an envelope; the gap is zero at x=0 and grows; the damped law is out of library,False,5.723400691090275e-05,8.797866209797623e-05,0.0,4.0
power_exponent,2,1,x^1.5 | x^1.8,"two power laws, close exponents, both between library powers",False,2.9806296358844697e-10,2.1430024781636173e-10,0.2,4.0
three_way,3,1,x^2 | 0.5*x^3 | 2*sin(x),K = 3; cubic and 2 sin(x) nearly coincide on |x| < 1,True,1.274692059098387e-30,2.151465197365008e-30,-2.0,2.0
four_way,4,1,x | x^2 - 1 | 1.5*sin(2*x) | 2*log1p(|x|) - 1,"K = 4, six pairs, the tightest one sets the noise",True,2.3838046854302456e-30,6.439863058592831e-30,-2.0,2.0
rescaled_copy,2,1,x^2 + sin(x) | 0.7*(x^2 + sin(x)),"same shape, 70% amplitude: the gap is proportional to the law",True,1.1185450018680476e-30,1.9278259089419741e-31,-2.0,2.0
moment_matched,2,1,x | 0.9682*(x^2 - 1.333),y has the same mean and variance under both laws; only the shape differs,True,2.3838046854302456e-30,1.6371515692063986e-30,-2.0,2.0
high_frequency,2,1,sin(4*x) | sin(4.6*x),oscillation faster than any library term: ~37% of the gap is outside the span,False,0.7912881531319352,0.3740138685871776,-3.0,3.0
moving_step,2,1,sign(x - 0.3) | sign(x + 0.3),a discontinuity that moves; the laws differ only on |x| < 0.3,False,0.05661723369703908,0.16848321615823136,-2.0,2.0
