problem,gap_fast,gap_fast_sin,seconds_fast,seconds_fast_sin
damping,0.007407407407407406,0.007407407407407406,0.13674619462754992,2.203472720252143
four_way,0.002222222222222212,0.0007407407407407332,0.24325309859381783,1.7094957298702664
frequency_shift,0.009629629629629618,0.00962962962962963,0.18079421255323622,1.7216094599829779
high_frequency,0.23703703703703705,0.012592592592592575,0.40183141496446395,1.7125826941596136
interaction,0.0022222222222222244,0.0022222222222222244,0.3687558174133301,3.7594690057966442
kink,0.004444444444444436,0.002962962962962945,0.2762026786804199,3.0687823825412326
moment_matched,0.005185185185185182,0.007407407407407406,0.1632560888926188,1.2016290028889973
moving_step,0.025925925925925932,0.02370370370370372,0.36366616355048287,2.9591722753312855
power_exponent,0.003703703703703715,0.004444444444444449,0.2109679381052653,1.6626023981306288
rescaled_copy,-0.0007407407407407578,-0.0007407407407407578,0.23013689782884386,2.0919801394144693
saturation,0.005185185185185194,0.005185185185185194,0.20782234933641222,2.7527986897362604
three_way,0.002962962962962982,0.002962962962962982,0.14233122931586373,0.9400787088606093
