problem,K,rho,seed,backend,error,oracle,seconds,laws,fitted_freqs
frequency_shift,2,0.1,11,fast,0.1333333333333333,0.1266666666666667,0.22678089141845703,0.04073 +1.5351*sin(x) -0.39653*x | -0.069043 +1.0393*sin(x),
frequency_shift,2,0.1,11,fast_sin,0.1266666666666667,0.1266666666666667,5.112153768539429,0.039827 +1.0064*sin(1.303*x) | -0.066897 +1.0394*sin(x),1.303
frequency_shift,2,0.25,11,fast,0.040000000000000036,0.033333333333333326,0.11883330345153809,-0.031024 +1.0162*sin(x) | 0.017676 +1.3764*sin(x) -0.31987*x +0.12933*sin(2*x),2
frequency_shift,2,0.25,11,fast_sin,0.040000000000000036,0.033333333333333326,0.6409168243408203,-0.031024 +1.0162*sin(x) | 0.017373 +0.99846*sin(1.306*x),1.306
frequency_shift,2,1.0,11,fast,0.0,0.0,0.08939909934997559,-0.01477 +1.0055*sin(x) | 0.0078632 +1.3617*sin(x) -0.30933*x +0.13915*sin(2*x),2
frequency_shift,2,1.0,11,fast_sin,0.0,0.0,0.44582390785217285,-0.01477 +1.0055*sin(x) | 0.0077018 +1.0011*sin(1.303*x),1.303
frequency_shift,2,0.1,23,fast,0.16666666666666663,0.12,0.49613094329833984,-0.024885 +1.3056*sin(x) -0.31283*x +0.17493*sin(2*x) | 0.0048776 +0.97778*sin(x),2
frequency_shift,2,0.1,23,fast_sin,0.17333333333333334,0.12,4.157526969909668,-0.02717 +0.95226*sin(1.331*x) | 0.0078985 +0.99248*sin(x),1.331
frequency_shift,2,0.25,23,fast,0.046666666666666634,0.033333333333333326,0.18314409255981445,-0.0049863 +0.95979*sin(x) | -0.0070034 +1.3359*sin(x) -0.30181*x +0.17752*sin(2*x),2
frequency_shift,2,0.25,23,fast_sin,0.046666666666666634,0.033333333333333326,1.2227122783660889,-0.0031334 +0.95928*sin(x) | -0.0098245 +1.0043*sin(1.316*x),1.316
frequency_shift,2,1.0,23,fast,0.0,0.0,0.0686330795288086,-0.0022409 +0.98264*sin(x) | -0.0034501 +1.3416*sin(x) -0.29955*x +0.15419*sin(2*x),2
frequency_shift,2,1.0,23,fast_sin,0.0,0.0,0.4872548580169678,-0.0022409 +0.98264*sin(x) | -0.0031829 +1.0003*sin(1.304*x),1.304
frequency_shift,2,0.1,42,fast,0.17333333333333334,0.15333333333333332,0.15117430686950684,0.010048 +0.99928*sin(x) | 0.028141 +3.2686*sin(x) -1.9719*x +0.17467*(x)^3,
frequency_shift,2,0.1,42,fast_sin,0.17333333333333334,0.15333333333333332,0.7194502353668213,0.010048 +0.99928*sin(x) | 0.027942 +0.98208*sin(1.351*x),1.351
frequency_shift,2,0.25,42,fast,0.046666666666666634,0.053333333333333344,0.08365011215209961,0.0096642 +2.9533*sin(x) -1.6683*x +0.14364*(x)^3 | 0.013623 +0.98072*sin(x),
frequency_shift,2,0.25,42,fast_sin,0.046666666666666634,0.053333333333333344,1.793626070022583,0.0095334 +1.0007*sin(1.316*x) | 0.013623 +0.98072*sin(x),1.316
frequency_shift,2,1.0,42,fast,0.0,0.0,0.20940208435058594,0.0016939 +2.8121*sin(x) -1.5504*x +0.13211*(x)^3 | 0.0085605 +0.99939*sin(x),
frequency_shift,2,1.0,42,fast_sin,0.0,0.0,0.915020227432251,0.001569 +0.9913*sin(1.305*x) | 0.0085605 +0.99939*sin(x),1.305
saturation,2,0.1,11,fast,0.1266666666666667,0.12,0.1827869415283203,-0.0099689 +1.8142*log1p(abs(x)) -0.498*x | -0.010789 +1.4739*log1p(abs(x)) -0.37185*x,
saturation,2,0.1,11,fast_sin,0.1266666666666667,0.12,3.2315800189971924,-0.0099689 +1.8142*log1p(abs(x)) -0.498*x | -0.010789 +1.4739*log1p(abs(x)) -0.37185*x,
saturation,2,0.25,11,fast,0.00666666666666671,0.00666666666666671,0.508328914642334,0.005364 +1.3726*log1p(abs(x)) -0.3227*x | 0.0013782 +0.34466*log1p(abs(x)) +0.45378*x +0.11362*sin(2*x) -0.029718*(x)^3,2
saturation,2,0.25,11,fast_sin,0.00666666666666671,0.00666666666666671,3.198720932006836,0.005364 +1.3726*log1p(abs(x)) -0.3227*x | 0.0013782 +0.34466*log1p(abs(x)) +0.45378*x +0.11362*sin(2*x) -0.029718*(x)^3,2
saturation,2,1.0,11,fast,0.0,0.0,0.06126689910888672,-0.0034004 +0.5412*log1p(abs(x)) +0.32821*x +0.09972*sin(2*x) -0.026205*(x)^3 | 0.0017965 +1.3655*log1p(abs(x)) -0.31731*x,2
saturation,2,1.0,11,fast_sin,0.0,0.0,0.8794419765472412,-0.0034004 +0.5412*log1p(abs(x)) +0.32821*x +0.09972*sin(2*x) -0.026205*(x)^3 | 0.0017965 +1.3655*log1p(abs(x)) -0.31731*x,2
saturation,2,0.1,23,fast,0.1333333333333333,0.1333333333333333,0.40648794174194336,0.019513 +1.2516*log1p(abs(x)) -0.26782*x | -0.056466 +1.9957*log1p(abs(x)) -0.58519*x,
saturation,2,0.1,23,fast_sin,0.1333333333333333,0.1333333333333333,8.023949146270752,0.019513 +1.2516*log1p(abs(x)) -0.26782*x | -0.056466 +1.9957*log1p(abs(x)) -0.58519*x,
saturation,2,0.25,23,fast,0.040000000000000036,0.040000000000000036,0.14612579345703125,0.007036 +1.3193*log1p(abs(x)) -0.29493*x | -0.046782 +1.9772*log1p(abs(x)) -0.57856*x,
saturation,2,0.25,23,fast_sin,0.040000000000000036,0.040000000000000036,1.3883581161499023,0.007036 +1.3193*log1p(abs(x)) -0.29493*x | -0.046782 +1.9772*log1p(abs(x)) -0.57856*x,
saturation,2,1.0,23,fast,0.0,0.0,0.0771641731262207,0.00037303 +1.3512*log1p(abs(x)) -0.30843*x | -0.038164 +1.9554*log1p(abs(x)) -0.56932*x,
saturation,2,1.0,23,fast_sin,0.0,0.0,1.5344550609588623,0.00037303 +1.3512*log1p(abs(x)) -0.30843*x | 0.29668 +0.30736*x -0.25707*cos(2.226*x) +0.11009*sin(3.092*x),2.226 3.092
saturation,2,0.1,42,fast,0.14,0.1266666666666667,0.2723121643066406,-0.030634 +1.9002*log1p(abs(x)) -0.53642*x | -0.020271 +1.3978*log1p(abs(x)) -0.32841*x,
saturation,2,0.1,42,fast_sin,0.14,0.1266666666666667,3.9629249572753906,-0.030634 +1.9002*log1p(abs(x)) -0.53642*x | -0.020271 +1.3978*log1p(abs(x)) -0.32841*x,
saturation,2,0.25,42,fast,0.06000000000000005,0.033333333333333326,0.12862324714660645,-0.030788 +1.8863*log1p(abs(x)) -0.53203*x | -0.014678 +1.4066*log1p(abs(x)) -0.33352*x,
saturation,2,0.25,42,fast_sin,0.06000000000000005,0.033333333333333326,1.7158730030059814,-0.030788 +1.8863*log1p(abs(x)) -0.53203*x | -0.014678 +1.4066*log1p(abs(x)) -0.33352*x,
saturation,2,1.0,42,fast,0.0,0.0,0.08730506896972656,-0.03045 +1.9146*log1p(abs(x)) -0.54848*x | -0.010245 +1.3962*log1p(abs(x)) -0.32801*x,
saturation,2,1.0,42,fast_sin,0.0,0.0,0.8398849964141846,0.29436 +0.31173*x -0.25534*cos(2.231*x) +0.11309*sin(3.098*x) | -0.010245 +1.3962*log1p(abs(x)) -0.32801*x,2.231 3.098
kink,2,0.1,11,fast,0.16000000000000003,0.15333333333333332,0.21986889839172363,-0.1822 +0.54128*x +0.95895*log1p(abs(x)) | -0.049775 +0.084861*(x)^3 +0.15361*(x)^2,
kink,2,0.1,11,fast_sin,0.1466666666666666,0.15333333333333332,7.010321855545044,-0.15597 +0.5408*x +0.92931*log1p(abs(x)) | -0.066241 +0.084382*(x)^3 +0.16165*(x)^2,
kink,2,0.25,11,fast,0.053333333333333344,0.040000000000000036,0.5418701171875,-0.059404 +0.092724*(x)^3 +0.17356*(x)^2 | -0.096248 +0.52936*x +0.88712*log1p(abs(x)),
kink,2,0.25,11,fast_sin,0.053333333333333344,0.040000000000000036,5.7143261432647705,-0.059404 +0.092724*(x)^3 +0.17356*(x)^2 | -0.096248 +0.52936*x +0.88712*log1p(abs(x)),
kink,2,1.0,11,fast,0.0,0.0,0.06711101531982422,-0.057235 -0.38164*(x)^3 +0.17115*(x)^2 +3.3652*x -3.4043*sin(x) | 0.25161 +0.50844*x +0.54422*log1p(abs(x)) -0.25006*cos(x),
kink,2,1.0,11,fast_sin,0.0,0.0,0.7329909801483154,-0.057235 -0.38164*(x)^3 +0.17115*(x)^2 +3.3652*x -3.4043*sin(x) | 0.25161 +0.50844*x +0.54422*log1p(abs(x)) -0.25006*cos(x),
kink,2,0.1,23,fast,0.1333333333333333,0.11333333333333329,0.24805402755737305,-0.11725 +0.085384*(x)^3 +0.19828*(x)^2 | 0.1978 +0.52767*x +0.23196*(x)^2,
kink,2,0.1,23,fast_sin,0.1333333333333333,0.11333333333333329,3.3698952198028564,-0.11725 +0.085384*(x)^3 +0.19828*(x)^2 | 0.1978 +0.52767*x +0.23196*(x)^2,
kink,2,0.25,23,fast,0.040000000000000036,0.040000000000000036,0.3388328552246094,0.78832 +0.50565*x -0.66086*cos(x) | -0.069189 +0.088195*(x)^3 +0.17665*(x)^2,
kink,2,0.25,23,fast_sin,0.040000000000000036,0.040000000000000036,1.5510330200195312,0.78832 +0.50565*x -0.66086*cos(x) | -0.069189 +0.088195*(x)^3 +0.17665*(x)^2,
kink,2,1.0,23,fast,0.0,0.0,0.11455512046813965,-0.021871 +0.49655*x +0.57385*log1p(abs(x)) +0.10357*(x)^2 | 0.01818 +0.088387*(x)^3 +0.22206*(x)^2 -0.22024*log1p(abs(x)),
kink,2,1.0,23,fast_sin,0.0,0.0,0.9077539443969727,-0.021871 +0.49655*x +0.57385*log1p(abs(x)) +0.10357*(x)^2 | 0.01818 +0.088387*(x)^3 +0.22206*(x)^2 -0.22024*log1p(abs(x)),
kink,2,0.1,42,fast,0.16666666666666663,0.16000000000000003,0.5844559669494629,-0.095891 +0.5035*x +0.98487*log1p(abs(x)) | -0.024354 +0.091335*(x)^3 +0.16469*(x)^2,
kink,2,0.1,42,fast_sin,0.16666666666666663,0.16000000000000003,5.534454822540283,-0.095891 +0.5035*x +0.98487*log1p(abs(x)) | -0.024354 +0.091335*(x)^3 +0.16469*(x)^2,
kink,2,0.25,42,fast,0.046666666666666634,0.053333333333333344,0.2722311019897461,-0.087435 +0.47906*x +0.9322*log1p(abs(x)) | -0.042491 +0.093552*(x)^3 +0.16647*(x)^2,
kink,2,0.25,42,fast_sin,0.046666666666666634,0.053333333333333344,2.018942356109619,-0.087435 +0.47906*x +0.9322*log1p(abs(x)) | -0.042491 +0.093552*(x)^3 +0.16647*(x)^2,
kink,2,1.0,42,fast,0.0,0.0,0.09884500503540039,-0.040833 +0.49254*x +0.71193*log1p(abs(x)) +0.063606*(x)^2 | -0.032179 +0.089681*(x)^3 +0.16318*(x)^2,
kink,2,1.0,42,fast_sin,0.0,0.0,0.7793231010437012,-0.040833 +0.49254*x +0.71193*log1p(abs(x)) +0.063606*(x)^2 | -0.032071 +0.087913*(x)^3 +0.1631*(x)^2 -0.055675*sin(3.544*x),3.544
interaction,2,0.1,11,fast,0.16000000000000003,0.1333333333333333,0.8368639945983887,-0.041709 +1.0048*(x1)*(x2) | 0.23209 +1.2208*x2 +1.4189*sin(x1),
interaction,2,0.1,11,fast_sin,0.16000000000000003,0.1333333333333333,8.840618133544922,-0.041709 +1.0048*(x1)*(x2) | 0.23209 +1.2208*x2 +1.4189*sin(x1),
interaction,2,0.25,11,fast,0.033333333333333326,0.033333333333333326,0.7848868370056152,0.062965 +1.0957*x2 +1.4372*sin(x1) | 0.049691 +0.9607*(x1)*(x2),
interaction,2,0.25,11,fast_sin,0.033333333333333326,0.033333333333333326,8.160129070281982,0.062965 +1.0957*x2 +1.4372*sin(x1) | 0.049691 +0.9607*(x1)*(x2),
interaction,2,1.0,11,fast,0.0,0.0,0.12566280364990234,0.021186 +1.0243*x2 +0.98604*x1 | 0.024059 +0.99112*(x1)*(x2),
interaction,2,1.0,11,fast_sin,0.0,0.0,1.350630760192871,0.021186 +1.0243*x2 +0.98604*x1 | 0.024059 +0.99112*(x1)*(x2),
interaction,2,0.1,23,fast,0.18000000000000005,0.15333333333333332,0.2520310878753662,-0.087359 +1.2549*x2 +1.2097*x1 | 0.013714 +1.0326*(x1)*(x2),
interaction,2,0.1,23,fast_sin,0.18000000000000005,0.15333333333333332,2.77183198928833,-0.087359 +1.2549*x2 +1.2097*x1 | 0.013714 +1.0326*(x1)*(x2),
interaction,2,0.25,23,fast,0.07333333333333336,0.07333333333333336,0.4132709503173828,-0.025522 +1.0761*x2 +1.0514*x1 | -0.034858 +1.0488*(x1)*(x2),
interaction,2,0.25,23,fast_sin,0.07333333333333336,0.07333333333333336,3.9145491123199463,-0.025522 +1.0761*x2 +1.0514*x1 | -0.034858 +1.0488*(x1)*(x2),
interaction,2,1.0,23,fast,0.0,0.0,0.1296980381011963,-0.021681 +1.0509*x2 +1.0301*x1 | -0.012805 +0.99461*(x1)*(x2),
interaction,2,1.0,23,fast_sin,0.0,0.0,1.1099088191986084,-0.021681 +1.0509*x2 +1.0301*x1 | -0.012805 +0.99461*(x1)*(x2),
interaction,2,0.1,42,fast,0.11333333333333329,0.14,0.46393704414367676,0.019792 +1.0239*(x1)*(x2) | 0.047515 +1.179*x2 +1.0376*x1,
interaction,2,0.1,42,fast_sin,0.11333333333333329,0.14,4.957028150558472,0.019792 +1.0239*(x1)*(x2) | 0.047515 +1.179*x2 +1.0376*x1,
interaction,2,0.25,42,fast,0.013333333333333308,0.020000000000000018,0.18578171730041504,0.0038144 +1.0333*x2 +0.95487*x1 | 0.032584 +1.0476*(x1)*(x2),
interaction,2,0.25,42,fast_sin,0.013333333333333308,0.020000000000000018,1.7442538738250732,0.0038144 +1.0333*x2 +0.95487*x1 | 0.032584 +1.0476*(x1)*(x2),
interaction,2,1.0,42,fast,0.0,0.0,0.12666988372802734,-0.0060978 +1.015*x2 +0.98215*x1 | 0.020361 +1.0199*(x1)*(x2),
interaction,2,1.0,42,fast_sin,0.0,0.0,0.9862711429595947,-0.0060978 +1.015*x2 +0.98215*x1 | 0.020361 +1.0199*(x1)*(x2),
damping,2,0.1,11,fast,0.1266666666666667,0.11333333333333329,0.15264296531677246,0.15031 +0.51948*sin(2*x) -0.0063656*(x)^3 | -0.035482 +1.0355*sin(2*x),2 2
damping,2,0.1,11,fast_sin,0.1266666666666667,0.11333333333333329,4.20643424987793,-0.025741 +0.59841*sin(2*x) +0.19047*sin(2.953*x) +0.145*sin(x) | -0.03666 +1.0509*sin(2*x),2 2 2.953
damping,2,0.25,11,fast,0.033333333333333326,0.020000000000000018,0.12838292121887207,0.14232 +0.56357*sin(2*x) -0.0063715*(x)^3 | -0.020343 +1.0177*sin(2*x),2 2
damping,2,0.25,11,fast_sin,0.026666666666666616,0.020000000000000018,1.1135880947113037,0.012362 +0.60897*sin(1.937*x) +0.18671*sin(2.887*x) +0.083599*sin(x) | -0.022336 +1.0203*sin(2*x),1.937 2 2.887
damping,2,1.0,11,fast,0.0,0.0,0.0742030143737793,-0.0092271 +1.0063*sin(2*x) | -0.12538 +0.2716*sin(2*x) +0.12086*(x)^3 -2.4818*sin(x) +5.1999*log1p(abs(x)) -1.1175*(x)^2,2 2
damping,2,1.0,11,fast_sin,0.0,0.0,0.6423559188842773,-0.0092271 +1.0063*sin(2*x) | 0.0059017 +0.60843*sin(1.941*x) +0.17488*sin(2.878*x) +0.087531*sin(x),1.941 2 2.878
damping,2,0.1,23,fast,0.14,0.14,0.19050288200378418,0.13053 +0.51727*sin(2*x) -0.0067968*(x)^3 | -0.020783 +0.99579*sin(2*x),2 2
damping,2,0.1,23,fast_sin,0.14,0.14,5.093713045120239,0.10239 +0.51996*sin(2*x) -0.17384*cos(3.394*x) -0.016353*(x)^2 | -0.00911 +0.99897*sin(2*x),2 2 3.394
damping,2,0.25,23,fast,0.026666666666666616,0.040000000000000036,0.10576772689819336,-0.0039231 +0.99338*sin(2*x) | 0.1215 +0.57736*sin(2*x) -0.0067796*(x)^3,2 2
damping,2,0.25,23,fast_sin,0.046666666666666634,0.040000000000000036,1.4870750904083252,-0.0058695 +0.99035*sin(2*x) | -0.034145 +0.61182*sin(1.944*x) +0.18596*sin(2.846*x) +0.11371*sin(x),1.944 2 2.846
damping,2,1.0,23,fast,0.0,0.0,0.09790492057800293,-0.0020352 +0.99457*sin(2*x) | -0.11837 +0.3515*sin(2*x) +0.09262*(x)^3 -2.192*sin(x) +4.5151*log1p(abs(x)) -0.93126*(x)^2,2 2
damping,2,1.0,23,fast_sin,0.0,0.0,0.6382858753204346,-0.0020352 +0.99457*sin(2*x) | -0.010477 +0.61858*sin(1.939*x) +0.16816*sin(2.85*x) +0.093609*sin(x) +0.036812*sin(4.512*x),1.939 2 2.85 4.512
damping,2,0.1,42,fast,0.2533333333333333,0.19999999999999996,0.14748096466064453,0.0069919 +1.0658*sin(2*x) -0.16306*cos(x) | 0.14737 +0.72191*sin(2*x) -0.0091736*(x)^3,2 2
damping,2,0.1,42,fast_sin,0.2533333333333333,0.19999999999999996,1.606442928314209,0.0069919 +1.0658*sin(2*x) -0.16306*cos(x) | 0.14737 +0.72191*sin(2*x) -0.0091736*(x)^3,2 2
damping,2,0.25,42,fast,0.07333333333333336,0.07333333333333336,0.26235532760620117,0.14755 +0.64617*sin(2*x) -0.0072821*(x)^3 | 0.0094096 +0.97442*sin(2*x),2 2
damping,2,0.25,42,fast_sin,0.06000000000000005,0.07333333333333336,4.431622266769409,0.084559 +0.64834*sin(1.945*x) +0.15431*sin(2.859*x) -0.0030352*(x)^3 | 0.0086468 +0.9744*sin(2*x),1.945 2 2.859
damping,2,1.0,42,fast,0.0,0.0,0.07147502899169922,0.005114 +0.98371*sin(2*x) | -0.064995 +0.36611*sin(2*x) +0.093702*(x)^3 -2.1383*sin(x) +4.3629*log1p(abs(x)) -0.91771*(x)^2,2 2
damping,2,1.0,42,fast_sin,0.0,0.0,0.6117370128631592,0.005114 +0.98371*sin(2*x) | 0.086103 +0.62241*sin(1.947*x) +0.14591*sin(2.862*x) -0.002878*(x)^3,1.947 2 2.862
power_exponent,2,0.1,11,fast,0.15333333333333332,0.16666666666666663,0.2388019561767578,0.18691 +0.79531*(x)^2 | -0.9037 +2.0563*x,
power_exponent,2,0.1,11,fast_sin,0.15333333333333332,0.16666666666666663,1.6434369087219238,0.18691 +0.79531*(x)^2 | -0.9037 +2.0563*x,
power_exponent,2,0.25,11,fast,0.053333333333333344,0.053333333333333344,0.09895205497741699,0.23248 +0.77614*(x)^2 | 0.048843 +3.3209*x -3.3726*log1p(abs(x)),
power_exponent,2,0.25,11,fast_sin,0.053333333333333344,0.053333333333333344,0.8560500144958496,0.23248 +0.77614*(x)^2 | 0.048843 +3.3209*x -3.3726*log1p(abs(x)),
power_exponent,2,1.0,11,fast,0.00666666666666671,0.00666666666666671,0.05998373031616211,-0.26169 +0.25107*(x)^2 +1.0801*x | -0.09032 +0.66999*(x)^2 +0.42494*x,
power_exponent,2,1.0,11,fast_sin,0.00666666666666671,0.00666666666666671,0.6157310009002686,-0.26169 +0.25107*(x)^2 +1.0801*x | -0.09032 +0.66999*(x)^2 +0.42494*x,
power_exponent,2,0.1,23,fast,0.20666666666666667,0.15333333333333332,0.44501805305480957,-1.1705 +2.0768*x | 0.41488 +0.74611*(x)^2,
power_exponent,2,0.1,23,fast_sin,0.20666666666666667,0.15333333333333332,3.116956949234009,-1.1705 +2.0768*x | 0.41488 +0.74611*(x)^2,
power_exponent,2,0.25,23,fast,0.053333333333333344,0.06666666666666665,0.10587000846862793,0.29652 +0.74601*(x)^2 -0.069793*(x)^3 | 0.38862 +0.74963*(x)^2 -0.30793*sin(2*x),2
power_exponent,2,0.25,23,fast_sin,0.053333333333333344,0.06666666666666665,1.0569090843200684,0.29652 +0.74601*(x)^2 -0.069793*(x)^3 | 0.38862 +0.74963*(x)^2 -0.30793*sin(2*x),2
power_exponent,2,1.0,23,fast,0.0,0.0,0.06978487968444824,0.2504 +0.78453*(x)^2 -0.076596*(x)^3 | 0.53911 +0.69768*(x)^2 -0.4865*cos(x),
power_exponent,2,1.0,23,fast_sin,0.0,0.0,0.5935239791870117,0.2504 +0.78453*(x)^2 -0.076596*(x)^3 | 0.53911 +0.69768*(x)^2 -0.4865*cos(x),
power_exponent,2,0.1,42,fast,0.14,0.14,0.3955230712890625,0.78948 +0.71674*(x)^2 | 0.61188 +0.46208*(x)^2,
power_exponent,2,0.1,42,fast_sin,0.1466666666666666,0.14,2.296219825744629,0.78848 +0.71842*(x)^2 | 0.61682 +0.46347*(x)^2,
power_exponent,2,0.25,42,fast,0.040000000000000036,0.033333333333333326,0.42041659355163574,-0.033026 +0.2832*(x)^2 +0.85282*x | 0.55802 +0.73178*(x)^2,
power_exponent,2,0.25,42,fast_sin,0.040000000000000036,0.033333333333333326,4.223121881484985,-0.033026 +0.2832*(x)^2 +0.85282*x | 0.55802 +0.73178*(x)^2,
power_exponent,2,1.0,42,fast,0.0,0.0,0.0643610954284668,-0.025088 +0.30232*(x)^2 +0.8109*x | -0.072475 +0.61672*(x)^2 +0.58066*x,
power_exponent,2,1.0,42,fast_sin,0.0,0.0,0.5614719390869141,-0.025088 +0.30232*(x)^2 +0.8109*x | -0.072475 +0.61672*(x)^2 +0.58066*x,
three_way,3,0.1,11,fast,0.12,0.11333333333333329,0.16808390617370605,0.014447 +2.2013*sin(x) | 0.072864 +0.52039*(x)^3 | 0.093453 +0.89296*(x)^2,
three_way,3,0.1,11,fast_sin,0.12,0.11333333333333329,1.0518519878387451,0.014447 +2.2013*sin(x) | 0.072864 +0.52039*(x)^3 | 0.093453 +0.89296*(x)^2,
three_way,3,0.25,11,fast,0.040000000000000036,0.026666666666666616,0.10655689239501953,0.054931 +0.94438*(x)^2 | 0.064936 +0.50622*(x)^3 | 0.0087124 +2.1071*sin(x),
three_way,3,0.25,11,fast_sin,0.040000000000000036,0.026666666666666616,0.7075181007385254,0.054931 +0.94438*(x)^2 | 0.064936 +0.50622*(x)^3 | 0.0087124 +2.1071*sin(x),
three_way,3,1.0,11,fast,0.0,0.0,0.057421207427978516,0.027465 +0.97219*(x)^2 | 0.014978 +2.0358*sin(x) | 0.027476 +0.50464*(x)^3,
three_way,3,1.0,11,fast_sin,0.0,0.0,0.4099462032318115,0.027465 +0.97219*(x)^2 | 0.014978 +2.0358*sin(x) | 0.027476 +0.50464*(x)^3,
three_way,3,0.1,23,fast,0.12,0.1266666666666667,0.11010599136352539,-0.0064956 +2.3177*sin(x) -0.10248*(x)^3 | -0.09329 +1.056*(x)^2 | 0.054922 +0.50592*(x)^3,
three_way,3,0.1,23,fast_sin,0.12,0.1266666666666667,0.8732779026031494,-0.0064956 +2.3177*sin(x) -0.10248*(x)^3 | -0.09329 +1.056*(x)^2 | 0.054922 +0.50592*(x)^3,
three_way,3,0.25,23,fast,0.053333333333333344,0.053333333333333344,0.16239404678344727,-0.057127 +1.0289*(x)^2 | 0.0053275 +1.9574*sin(x) | 0.0114 +0.50463*(x)^3,
three_way,3,0.25,23,fast_sin,0.053333333333333344,0.053333333333333344,1.0823781490325928,-0.057127 +1.0289*(x)^2 | 0.0053275 +1.9574*sin(x) | 0.0114 +0.50463*(x)^3,
three_way,3,1.0,23,fast,0.0,0.0,0.0710749626159668,-0.028564 +1.0144*(x)^2 | -0.0051431 +1.9806*sin(x) | 0.014218 +0.50094*(x)^3,
three_way,3,1.0,23,fast_sin,0.0,0.0,0.4363830089569092,-0.028564 +1.0144*(x)^2 | -0.0051431 +1.9806*sin(x) | 0.014218 +0.50094*(x)^3,
three_way,3,0.1,42,fast,0.10666666666666669,0.11333333333333329,0.3850381374359131,0.064777 +0.92554*(x)^2 | 0.074854 +2.0311*sin(x) | -0.057375 +0.48412*(x)^3,
three_way,3,0.1,42,fast_sin,0.10666666666666669,0.11333333333333329,2.4791290760040283,0.064777 +0.92554*(x)^2 | 0.074854 +2.0311*sin(x) | -0.057375 +0.48412*(x)^3,
three_way,3,0.25,42,fast,0.040000000000000036,0.020000000000000018,0.12240171432495117,0.029756 +1.9869*sin(x) | 0.040968 +0.95291*(x)^2 | -0.021218 +0.48897*(x)^3,
three_way,3,0.25,42,fast_sin,0.040000000000000036,0.020000000000000018,0.7655580043792725,0.029756 +1.9869*sin(x) | 0.040968 +0.95291*(x)^2 | -0.021218 +0.48897*(x)^3,
three_way,3,1.0,42,fast,0.0,0.0,0.09790420532226562,0.0062172 +1.9961*sin(x) | 0.020484 +0.97645*(x)^2 | -0.0011707 +0.49219*(x)^3,
three_way,3,1.0,42,fast_sin,0.0,0.0,0.6546659469604492,0.0062172 +1.9961*sin(x) | 0.020484 +0.97645*(x)^2 | -0.0011707 +0.49219*(x)^3,
four_way,4,0.1,11,fast,0.09999999999999998,0.11333333333333329,0.3106708526611328,-0.039803 +1.0046*x | -0.96022 +0.96556*(x)^2 | -1.136 +2.2404*log1p(abs(x)) | 0.065273 +1.2927*sin(2*x),2
four_way,4,0.1,11,fast_sin,0.08666666666666667,0.11333333333333329,3.83332896232605,-0.037644 +0.99894*x | -0.93007 +0.95257*(x)^2 | -1.1152 +2.1855*log1p(abs(x)) | 0.065273 +1.2927*sin(2*x),2
four_way,4,0.25,11,fast,0.0,0.020000000000000018,0.14279890060424805,-0.018366 +0.99832*x | -1.1063 +2.1574*log1p(abs(x)) | 0.036362 +1.3743*sin(2*x) | -0.95788 +0.97926*(x)^2,2
four_way,4,0.25,11,fast_sin,0.0,0.020000000000000018,0.6738057136535645,-0.018366 +0.99832*x | -1.1063 +2.1574*log1p(abs(x)) | 0.036362 +1.3743*sin(2*x) | -0.95788 +0.97926*(x)^2,2
four_way,4,1.0,11,fast,0.0,0.0,0.13504791259765625,-1.0532 +2.0787*log1p(abs(x)) | 0.018181 +1.4371*sin(2*x) | -0.0091831 +0.99916*x | -0.97894 +0.98963*(x)^2,2
four_way,4,1.0,11,fast_sin,0.0,0.0,0.7277050018310547,-1.0532 +2.0787*log1p(abs(x)) | 0.018181 +1.4371*sin(2*x) | -0.0091831 +0.99916*x | -0.97894 +0.98963*(x)^2,2
four_way,4,0.1,23,fast,0.10666666666666669,0.09333333333333338,0.5056531429290771,-0.92639 +0.9972*(x)^2 | 0.036584 +1.0319*x | -0.10755 +1.5597*sin(2*x) | -1.0354 +2.0615*log1p(abs(x)),2
four_way,4,0.1,23,fast_sin,0.10666666666666669,0.09333333333333338,3.425062894821167,-0.92639 +0.9972*(x)^2 | 0.036584 +1.0319*x | -0.10755 +1.5597*sin(2*x) | -1.0354 +2.0615*log1p(abs(x)),2
four_way,4,0.25,23,fast,0.013333333333333308,0.013333333333333308,0.16587209701538086,-0.93358 +0.97737*(x)^2 | -0.071862 +1.5162*sin(2*x) | 0.02472 +1.009*x | -1.064 +2.1378*log1p(abs(x)),2
four_way,4,0.25,23,fast_sin,0.013333333333333308,0.013333333333333308,1.0497350692749023,-0.93358 +0.97737*(x)^2 | -0.071862 +1.5162*sin(2*x) | 0.02472 +1.009*x | -1.064 +2.1378*log1p(abs(x)),2
four_way,4,1.0,23,fast,0.0,0.0,0.1446540355682373,-0.96221 +0.98559*(x)^2 | -0.034198 +1.4948*sin(2*x) | 0.0084679 +1.0107*x | -1.0279 +2.0624*log1p(abs(x)),2
four_way,4,1.0,23,fast_sin,0.0,0.0,0.7674770355224609,-0.96221 +0.98559*(x)^2 | -0.034198 +1.4948*sin(2*x) | 0.0084679 +1.0107*x | -1.0279 +2.0624*log1p(abs(x)),2
four_way,4,0.1,42,fast,0.11333333333333329,0.06666666666666665,0.15440106391906738,-1.2618 +1.1174*(x)^2 | -0.067742 +0.95815*x | -0.037223 +1.5871*sin(2*x) | -0.71374 +1.7038*log1p(abs(x)),2
four_way,4,0.1,42,fast_sin,0.11333333333333329,0.06666666666666665,0.7666690349578857,-1.2618 +1.1174*(x)^2 | -0.067742 +0.95815*x | -0.037223 +1.5871*sin(2*x) | -0.71374 +1.7038*log1p(abs(x)),2
four_way,4,0.25,42,fast,0.013333333333333308,0.020000000000000018,0.5547139644622803,-0.84765 +1.8136*log1p(abs(x)) | -0.041652 +0.97353*x | -0.013747 +1.5058*sin(2*x) | -1.0689 +1.0318*(x)^2,2
four_way,4,0.25,42,fast_sin,0.013333333333333308,0.020000000000000018,3.595980644226074,-0.84765 +1.8136*log1p(abs(x)) | -0.041652 +0.97353*x | -0.013747 +1.5058*sin(2*x) | -1.0689 +1.0318*(x)^2,2
four_way,4,1.0,42,fast,0.0,0.0,0.07546591758728027,-0.95176 +1.9439*log1p(abs(x)) | -0.0068736 +1.5029*sin(2*x) | -0.020826 +0.98677*x | -1.0393 +1.0225*(x)^2,2
four_way,4,1.0,42,fast_sin,0.0,0.0,0.5456972122192383,-0.95176 +1.9439*log1p(abs(x)) | -0.0068736 +1.5029*sin(2*x) | -0.020826 +0.98677*x | -1.0393 +1.0225*(x)^2,2
rescaled_copy,2,0.1,11,fast,0.1466666666666666,0.14,0.33434391021728516,0.026546 +0.6805*(x)^2 +0.65918*sin(x) | -0.04743 +1.0605*(x)^2 +1.0567*sin(x),
rescaled_copy,2,0.1,11,fast_sin,0.1466666666666666,0.14,3.2353076934814453,0.026546 +0.6805*(x)^2 +0.65918*sin(x) | -0.04743 +1.0605*(x)^2 +1.0567*sin(x),
rescaled_copy,2,0.25,11,fast,0.026666666666666616,0.046666666666666634,0.1005868911743164,0.0060604 +1.0065*(x)^2 +1.0163*sin(x) | -0.013556 +0.69973*(x)^2 +0.67687*sin(x),
rescaled_copy,2,0.25,11,fast_sin,0.026666666666666616,0.046666666666666634,1.1204471588134766,0.0060604 +1.0065*(x)^2 +1.0163*sin(x) | -0.013556 +0.69973*(x)^2 +0.67687*sin(x),
rescaled_copy,2,1.0,11,fast,0.0,0.0,0.06982612609863281,0.0035104 +1.0019*(x)^2 +1.0048*sin(x) | -0.0062284 +0.69996*(x)^2 +0.69116*sin(x),
rescaled_copy,2,1.0,11,fast_sin,0.0,0.0,0.6460020542144775,0.0035104 +1.0019*(x)^2 +1.0048*sin(x) | -0.0062284 +0.69996*(x)^2 +0.69116*sin(x),
rescaled_copy,2,0.1,23,fast,0.1333333333333333,0.1266666666666667,0.5942671298980713,-0.032103 +1.071*(x)^2 +1.0065*sin(x) | -0.033538 +0.71579*(x)^2 +0.76929*sin(x),
rescaled_copy,2,0.1,23,fast_sin,0.1333333333333333,0.1266666666666667,4.9990620613098145,-0.032103 +1.071*(x)^2 +1.0065*sin(x) | -0.033538 +0.71579*(x)^2 +0.76929*sin(x),
rescaled_copy,2,0.25,23,fast,0.033333333333333326,0.040000000000000036,0.13147187232971191,-0.025525 +0.7114*(x)^2 +0.72946*sin(x) | -0.012561 +1.022*(x)^2 +0.99919*sin(x),
rescaled_copy,2,0.25,23,fast_sin,0.033333333333333326,0.040000000000000036,0.8073608875274658,-0.025525 +0.7114*(x)^2 +0.72946*sin(x) | -0.012561 +1.022*(x)^2 +0.99919*sin(x),
rescaled_copy,2,1.0,23,fast,0.00666666666666671,0.0,0.07924199104309082,-0.010426 +0.70994*(x)^2 +0.70917*sin(x) | -0.0081913 +1.0117*(x)^2 +1.0072*sin(x),
rescaled_copy,2,1.0,23,fast_sin,0.00666666666666671,0.0,0.8327641487121582,-0.010426 +0.70994*(x)^2 +0.70917*sin(x) | -0.0081913 +1.0117*(x)^2 +1.0072*sin(x),
rescaled_copy,2,0.1,42,fast,0.1266666666666667,0.1266666666666667,0.5255699157714844,0.076808 +0.63813*(x)^2 +0.67125*sin(x) | 0.044844 +1.0075*(x)^2 +0.94164*sin(x),
rescaled_copy,2,0.1,42,fast_sin,0.1266666666666667,0.1266666666666667,5.270404100418091,0.076808 +0.63813*(x)^2 +0.67125*sin(x) | 0.044844 +1.0075*(x)^2 +0.94164*sin(x),
rescaled_copy,2,0.25,42,fast,0.026666666666666616,0.026666666666666616,0.15878701210021973,0.025143 +1.001*(x)^2 +0.94883*sin(x) | 0.048142 +0.66632*(x)^2 +0.69169*sin(x),
rescaled_copy,2,0.25,42,fast_sin,0.026666666666666616,0.026666666666666616,1.2529921531677246,0.025143 +1.001*(x)^2 +0.94883*sin(x) | 0.048142 +0.66632*(x)^2 +0.69169*sin(x),
rescaled_copy,2,1.0,42,fast,0.0,0.0,0.07713723182678223,0.017271 +0.99695*(x)^2 +0.97845*sin(x) | 0.018767 +0.68663*(x)^2 +0.69386*sin(x),
rescaled_copy,2,1.0,42,fast_sin,0.0,0.0,0.6634809970855713,0.017271 +0.99695*(x)^2 +0.97845*sin(x) | 0.018767 +0.68663*(x)^2 +0.69386*sin(x),
moment_matched,2,0.1,11,fast,0.19999999999999996,0.20666666666666667,0.2673468589782715,0.97602 -2.4858*cos(x) | 0.077686 +1.6645*sin(x),
moment_matched,2,0.1,11,fast_sin,0.21999999999999997,0.20666666666666667,1.3533422946929932,0.97275 -2.5574*cos(x) | 0.11696 +1.5798*sin(x),
moment_matched,2,0.25,11,fast,0.07333333333333336,0.07999999999999996,0.43404293060302734,-1.3286 +0.92723*(x)^2 | -0.4039 +0.96789*x +0.65464*log1p(abs(x)),
moment_matched,2,0.25,11,fast_sin,0.07333333333333336,0.07999999999999996,4.27652382850647,-1.3286 +0.92723*(x)^2 | -0.4039 +0.96789*x +0.65464*log1p(abs(x)),
moment_matched,2,1.0,11,fast,0.0,0.0,0.07565593719482422,-1.2983 +0.93249*(x)^2 | 0.030053 +0.99272*x,
moment_matched,2,1.0,11,fast_sin,0.0,0.0,0.47473788261413574,-1.2983 +0.93249*(x)^2 | 0.030053 +0.99272*x,
moment_matched,2,0.1,23,fast,0.1333333333333333,0.1266666666666667,0.16739487648010254,0.16492 +1.4269*sin(x) | -1.7432 +1.2285*(x)^2,
moment_matched,2,0.1,23,fast_sin,0.1333333333333333,0.1266666666666667,1.2937109470367432,0.16492 +1.4269*sin(x) | -1.7432 +1.2285*(x)^2,
moment_matched,2,0.25,23,fast,0.046666666666666634,0.026666666666666616,0.09446287155151367,0.058355 +0.98951*x | -1.4567 +1.0814*(x)^2,
moment_matched,2,0.25,23,fast_sin,0.046666666666666634,0.026666666666666616,0.8861229419708252,0.058355 +0.98951*x | -1.4567 +1.0814*(x)^2,
moment_matched,2,1.0,23,fast,0.0,0.0,0.06371569633483887,0.017632 +1.0023*x | -1.3505 +1.0185*(x)^2,
moment_matched,2,1.0,23,fast_sin,0.0,0.0,0.47170209884643555,0.017632 +1.0023*x | -1.3505 +1.0185*(x)^2,
moment_matched,2,0.1,42,fast,0.16666666666666663,0.16000000000000003,0.0867149829864502,0.09238 +1.5374*sin(x) | -1.3364 +1.1088*(x)^2,
moment_matched,2,0.1,42,fast_sin,0.16666666666666663,0.16000000000000003,0.6780369281768799,0.09238 +1.5374*sin(x) | -1.3364 +1.1088*(x)^2,
moment_matched,2,0.25,42,fast,0.053333333333333344,0.026666666666666616,0.2264707088470459,0.034236 +0.97127*x | -1.2591 +1.0202*(x)^2,
moment_matched,2,0.25,42,fast_sin,0.053333333333333344,0.026666666666666616,0.7696981430053711,0.034236 +0.97127*x | -1.2591 +1.0202*(x)^2,
moment_matched,2,1.0,42,fast,0.00666666666666671,0.00666666666666671,0.05349993705749512,-1.2815 +0.99074*(x)^2 | 0.029082 +0.98077*x,
moment_matched,2,1.0,42,fast_sin,0.00666666666666671,0.00666666666666671,0.610785961151123,-1.2815 +0.99074*(x)^2 | 0.029082 +0.98077*x,
high_frequency,2,0.1,11,fast,0.3933333333333333,0.10666666666666669,0.4409208297729492,0.080865 -0.093214*(x)^3 -0.82295*sin(2*x) +0.60235*sin(x) | -0.047766,2
high_frequency,2,0.1,11,fast_sin,0.1333333333333333,0.10666666666666669,2.1125781536102295,-0.080796 +0.98743*sin(4.02*x) | 0.056657 +1.0918*sin(4.655*x),4.02 4.655
high_frequency,2,0.25,11,fast,0.28,0.040000000000000036,0.5301401615142822,0.0024703 -0.11711*sin(x) | -0.017755 -0.11135*(x)^3 +0.42533*x -0.47916*sin(2*x),2
high_frequency,2,0.25,11,fast_sin,0.046666666666666634,0.040000000000000036,1.321363925933838,0.019108 +1.0629*sin(4.607*x) | -0.039586 +0.96883*sin(3.999*x),3.999 4.607
high_frequency,2,1.0,11,fast,0.09333333333333338,0.0,0.24229192733764648,-0.037816 -0.45702*(x)^3 +3.7851*x -4.0531*sin(x) | 0.026668 -0.083045*sin(x),
high_frequency,2,1.0,11,fast_sin,0.0,0.0,0.4760618209838867,-0.018259 +0.97945*sin(4.006*x) | 0.012274 +1.0367*sin(4.606*x),4.006 4.606
high_frequency,2,0.1,23,fast,0.3733333333333333,0.1266666666666667,0.7053730487823486,0.43567 -0.11149*(x)^2 | 0.10158 -0.071415*(x)^3 +0.27654*x +0.18981*(x)^2 -0.89639*log1p(abs(x)),
high_frequency,2,0.1,23,fast_sin,0.15333333333333332,0.1266666666666667,4.774231195449829,0.054619 +1.0016*sin(4.619*x) +0.1961*cos(x) | -0.018006 +0.95658*sin(4.032*x),4.032 4.619
high_frequency,2,0.25,23,fast,0.41333333333333333,0.040000000000000036,0.3655738830566406,0.2092 -0.30061*log1p(abs(x)) | 0.078202 +1.219*(x)^3 -11.961*x -1.6316*sin(2*x) +14.539*sin(x),2
high_frequency,2,0.25,23,fast_sin,0.06000000000000005,0.040000000000000036,1.9010350704193115,0.01526 +0.99861*sin(4.613*x) +0.11094*cos(x) | 0.0095753 +0.95567*sin(4.039*x),4.039 4.613
high_frequency,2,1.0,23,fast,0.09333333333333338,0.0,0.1199338436126709,0.13673 -0.15928*log1p(abs(x)) | -0.0006718 -0.44053*(x)^3 +3.6269*x -3.8287*sin(x),
high_frequency,2,1.0,23,fast_sin,0.0,0.0,0.31407999992370605,0.0028891 +0.98966*sin(4.603*x) +0.050423*cos(x) | 0.0065504 +0.98484*sin(4.021*x),4.021 4.603
high_frequency,2,0.1,42,fast,0.4066666666666666,0.1266666666666667,0.5007679462432861,-0.11702 -0.070838*(x)^3 +0.19674*x | 0.12946,
high_frequency,2,0.1,42,fast_sin,0.15333333333333332,0.1266666666666667,3.437347173690796,0.030134 +0.92244*sin(4.041*x) | 0.013441 +1.0312*sin(4.652*x),4.041 4.652
high_frequency,2,0.25,42,fast,0.45333333333333337,0.033333333333333326,0.3520359992980957,0.076564 +2.1867*(x)^3 +24.868*sin(x) -2.5043*sin(2*x) -20.897*x | -0.023105,2
high_frequency,2,0.25,42,fast_sin,0.040000000000000036,0.033333333333333326,0.7628920078277588,0.01608 +0.95522*sin(4.045*x) | 0.015553 +0.98958*sin(4.627*x),4.045 4.627
high_frequency,2,1.0,42,fast,0.09999999999999998,0.0,0.35944509506225586,0.0086262 +0.086486*sin(2*x) | 0.014093 -0.086115*(x)^3 -0.37807*sin(2*x) +0.30743*x,2 2
high_frequency,2,1.0,42,fast_sin,0.0,0.0,0.31365489959716797,0.00869 +0.99005*sin(4.607*x) | 0.0056256 +0.98186*sin(4.018*x),4.018 4.607
moving_step,2,0.1,11,fast,0.24,0.15333333333333332,0.5782089233398438,-2.7381 -0.79101*sin(x) +1.6699*sin(2*x) +0.42264*(x)^3 +2.825*log1p(abs(x)) +1.5652*cos(x) | 1.0785 +1.0404*sin(x) -2.5046*log1p(abs(x)) +0.51317*(x)^2,2
moving_step,2,0.1,11,fast_sin,0.24,0.15333333333333332,5.283901214599609,-2.7381 -0.79101*sin(x) +1.6699*sin(2*x) +0.42264*(x)^3 +2.825*log1p(abs(x)) +1.5652*cos(x) | 1.0785 +1.0404*sin(x) -2.5046*log1p(abs(x)) +0.51317*(x)^2,2
moving_step,2,0.25,11,fast,0.06000000000000005,0.040000000000000036,0.45313191413879395,2.4762 -1.5556*sin(x) -2.6318*log1p(abs(x)) -1.3686*cos(x) +0.91279*sin(2*x) +1.5778*x | -2.4835 -2.5457*sin(x) +2.6035*log1p(abs(x)) +1.329*cos(x) +1.1785*sin(2*x) +2.2031*x,2 2
moving_step,2,0.25,11,fast_sin,0.06000000000000005,0.040000000000000036,4.148085117340088,2.4762 -1.5556*sin(x) -2.6318*log1p(abs(x)) -1.3686*cos(x) +0.91279*sin(2*x) +1.5778*x | -2.4835 -2.5457*sin(x) +2.6035*log1p(abs(x)) +1.329*cos(x) +1.1785*sin(2*x) +2.2031*x,2 2
moving_step,2,1.0,11,fast,0.0,0.0,0.045082807540893555,2.5215 -1.7354*sin(x) -2.6916*log1p(abs(x)) -1.3968*cos(x) +0.95571*sin(2*x) +1.693*x | -2.5091 -2.0445*sin(x) +2.6626*log1p(abs(x)) +1.3663*cos(x) +1.0273*sin(2*x) +1.8968*x,2 2
moving_step,2,1.0,11,fast_sin,0.0,0.0,0.5011579990386963,0.22907 +1.2181*sin(x) +0.41815*cos(2.435*x) +0.26944*sin(2.956*x) +0.29525*cos(4.898*x) +0.16325*cos(7.256*x) | -0.24845 +1.2377*sin(x) -0.40332*cos(2.405*x) +0.2723*sin(3.012*x) -0.2989*cos(4.896*x) -0.15773*cos(7.169*x),2.405 2.435 2.956 3.012 4.896 4.898 7.169 7.256
moving_step,2,0.1,23,fast,0.14,0.1333333333333333,0.6697981357574463,2.3881 -3.5023*sin(x) -2.5966*log1p(abs(x)) +1.5732*sin(2*x) +2.6959*x -1.0646*cos(x) | -2.7561 +1.2858*sin(x) +2.7885*log1p(abs(x)) +1.5554*cos(x),2
moving_step,2,0.1,23,fast_sin,0.14,0.1333333333333333,5.349900007247925,2.3881 -3.5023*sin(x) -2.5966*log1p(abs(x)) +1.5732*sin(2*x) +2.6959*x -1.0646*cos(x) | -2.7561 +1.2858*sin(x) +2.7885*log1p(abs(x)) +1.5554*cos(x),2
moving_step,2,0.25,23,fast,0.07999999999999996,0.026666666666666616,0.4202868938446045,-2.5986 -1.3792*sin(x) +2.6856*log1p(abs(x)) +1.4531*cos(x) +0.77413*sin(2*x) +1.5545*x | 2.3442 -2.5623*sin(x) -2.5398*log1p(abs(x)) +1.2285*sin(2*x) -1.1283*cos(x) +2.1739*x,2 2
moving_step,2,0.25,23,fast_sin,0.06666666666666665,0.026666666666666616,3.979255199432373,-2.5784 -1.4826*sin(x) +2.6599*log1p(abs(x)) +1.4499*cos(x) +0.81489*sin(2*x) +1.6166*x | 2.4436 -2.4376*sin(x) -2.6377*log1p(abs(x)) +1.1837*sin(2*x) -1.1872*cos(x) +2.0955*x,2 2
moving_step,2,1.0,23,fast,0.00666666666666671,0.0,0.14938592910766602,-2.6168 -1.8474*sin(x) +2.7537*log1p(abs(x)) +1.4763*cos(x) +0.94918*sin(2*x) +1.7967*x | 2.5824 -1.8776*sin(x) -2.7789*log1p(abs(x)) -1.3605*cos(x) +0.99063*sin(2*x) +1.7825*x,2 2
moving_step,2,1.0,23,fast_sin,0.00666666666666671,0.0,0.5006930828094482,-0.24061 +1.2474*sin(x) -0.41373*cos(2.503*x) -0.29268*cos(4.924*x) +0.24309*sin(3.067*x) -0.16351*cos(7.21*x) | 0.25124 +1.2242*sin(x) +0.44565*cos(2.321*x) +0.3272*cos(4.777*x) +0.28159*sin(3.019*x) +0.16747*cos(7.042*x),2.321 2.503 3.019 3.067 4.777 4.924 7.042 7.21
moving_step,2,0.1,42,fast,0.14,0.1266666666666667,0.7712597846984863,3.5091 -0.19702*sin(x) -3.7669*log1p(abs(x)) -1.9808*cos(x) +1.1818*sin(2*x) +0.25683*(x)^3 | -3.2927 +1.1355*sin(x) +3.4558*log1p(abs(x)) +1.8917*cos(x),2
moving_step,2,0.1,42,fast_sin,0.14,0.1266666666666667,4.767991065979004,3.5091 -0.19702*sin(x) -3.7669*log1p(abs(x)) -1.9808*cos(x) +1.1818*sin(2*x) +0.25683*(x)^3 | -3.2927 +1.1355*sin(x) +3.4558*log1p(abs(x)) +1.8917*cos(x),2
moving_step,2,0.25,42,fast,0.06666666666666665,0.026666666666666616,0.13645005226135254,-2.9863 -2.525*sin(x) +3.1331*log1p(abs(x)) +1.7191*cos(x) +1.0707*sin(2*x) +2.191*x | 3.2054 -1.5061*sin(x) -3.4186*log1p(abs(x)) -1.8148*cos(x) +0.96215*sin(2*x) +1.5346*x,2 2
moving_step,2,0.25,42,fast_sin,0.06666666666666665,0.026666666666666616,1.4839258193969727,-2.9863 -2.525*sin(x) +3.1331*log1p(abs(x)) +1.7191*cos(x) +1.0707*sin(2*x) +2.191*x | 3.2054 -1.5061*sin(x) -3.4186*log1p(abs(x)) -1.8148*cos(x) +0.96215*sin(2*x) +1.5346*x,2 2
moving_step,2,1.0,42,fast,0.013333333333333308,0.00666666666666671,0.04939103126525879,2.7355 -1.8304*sin(x) -2.918*log1p(abs(x)) -1.5254*cos(x) +0.99685*sin(2*x) +1.7419*x | -2.7887 -1.9954*sin(x) +2.9499*log1p(abs(x)) +1.561*cos(x) +0.9667*sin(2*x) +1.8715*x,2 2
moving_step,2,1.0,42,fast_sin,0.00666666666666671,0.00666666666666671,0.6176409721374512,0.24241 +1.2135*sin(x) +0.44833*cos(2.462*x) +0.28557*sin(2.938*x) +0.27999*cos(4.905*x) +0.1594*cos(7.244*x) | -0.2633 +1.2225*sin(x) -0.46141*cos(2.496*x) -0.2856*cos(4.9*x) +0.25395*sin(3.14*x) -0.14922*cos(7.289*x),2.462 2.496 2.938 3.14 4.9 4.905 7.244 7.289
