problem,rho,seed,best_rank_error,loo_min_size,loo_min_error,loo_1se_size,loo_1se_error,snr_size,snr_error
damping,0.1,3,0.19333333333333336,4,0.19333333333333336,4,0.19333333333333336,4,0.19333333333333336
damping,0.1,7,0.14,4,0.16000000000000003,4,0.16000000000000003,4,0.16000000000000003
damping,0.1,19,0.17333333333333334,4,0.17333333333333334,4,0.17333333333333334,4,0.17333333333333334
damping,0.25,3,0.053333333333333344,4,0.06000000000000005,4,0.06000000000000005,4,0.06000000000000005
damping,0.25,7,0.026666666666666616,4,0.033333333333333326,4,0.033333333333333326,4,0.033333333333333326
damping,0.25,19,0.026666666666666616,4,0.033333333333333326,4,0.033333333333333326,4,0.033333333333333326
damping,1.0,3,0.0,4,0.0,4,0.0,4,0.0
damping,1.0,7,0.0,4,0.0,4,0.0,4,0.0
damping,1.0,19,0.0,4,0.0,4,0.0,4,0.0
four_way,0.1,3,0.10666666666666669,4,0.1266666666666667,4,0.1266666666666667,4,0.1266666666666667
four_way,0.1,7,0.1333333333333333,4,0.1333333333333333,4,0.1333333333333333,4,0.1333333333333333
four_way,0.1,19,0.16000000000000003,4,0.16000000000000003,4,0.16000000000000003,4,0.16000000000000003
four_way,0.25,3,0.026666666666666616,4,0.046666666666666634,4,0.046666666666666634,4,0.046666666666666634
four_way,0.25,7,0.07333333333333336,4,0.07333333333333336,4,0.07333333333333336,4,0.07333333333333336
four_way,0.25,19,0.06000000000000005,4,0.07333333333333336,4,0.07333333333333336,4,0.07333333333333336
four_way,1.0,3,0.00666666666666671,4,0.013333333333333308,4,0.013333333333333308,4,0.013333333333333308
four_way,1.0,7,0.013333333333333308,4,0.013333333333333308,4,0.013333333333333308,4,0.013333333333333308
four_way,1.0,19,0.0,4,0.0,4,0.0,4,0.0
frequency_shift,0.1,3,0.16000000000000003,4,0.17333333333333334,4,0.17333333333333334,4,0.17333333333333334
frequency_shift,0.1,7,0.11333333333333329,4,0.11333333333333329,4,0.11333333333333329,4,0.11333333333333329
frequency_shift,0.1,19,0.09999999999999998,4,0.09999999999999998,4,0.09999999999999998,4,0.09999999999999998
frequency_shift,0.25,3,0.053333333333333344,4,0.053333333333333344,4,0.053333333333333344,4,0.053333333333333344
frequency_shift,0.25,7,0.046666666666666634,4,0.053333333333333344,4,0.053333333333333344,4,0.053333333333333344
frequency_shift,0.25,19,0.033333333333333326,4,0.033333333333333326,4,0.033333333333333326,4,0.033333333333333326
frequency_shift,1.0,3,0.0,4,0.0,4,0.0,4,0.0
frequency_shift,1.0,7,0.0,4,0.0,4,0.0,4,0.0
frequency_shift,1.0,19,0.0,4,0.0,4,0.0,4,0.0
high_frequency,0.1,3,0.1266666666666667,4,0.44666666666666666,4,0.44666666666666666,16,0.16000000000000003
high_frequency,0.1,7,0.18666666666666665,4,0.44666666666666666,4,0.44666666666666666,24,0.19999999999999996
high_frequency,0.1,19,0.1266666666666667,4,0.45999999999999996,4,0.45999999999999996,32,0.1266666666666667
high_frequency,0.25,3,0.06000000000000005,4,0.42666666666666664,4,0.42666666666666664,16,0.06666666666666665
high_frequency,0.25,7,0.06666666666666665,4,0.42666666666666664,4,0.42666666666666664,12,0.07333333333333336
high_frequency,0.25,19,0.046666666666666634,4,0.43333333333333335,4,0.43333333333333335,32,0.053333333333333344
high_frequency,1.0,3,0.0,12,0.0,12,0.0,12,0.0
high_frequency,1.0,7,0.0,4,0.3933333333333333,4,0.3933333333333333,12,0.0
high_frequency,1.0,19,0.0,12,0.0,12,0.0,12,0.0
interaction,0.1,3,0.16000000000000003,4,0.16000000000000003,4,0.16000000000000003,4,0.16000000000000003
interaction,0.1,7,0.19333333333333336,4,0.19333333333333336,4,0.19333333333333336,32,0.29333333333333333
interaction,0.1,19,0.09999999999999998,4,0.11333333333333329,4,0.11333333333333329,32,0.19333333333333336
interaction,0.25,3,0.06666666666666665,4,0.06666666666666665,4,0.06666666666666665,4,0.06666666666666665
interaction,0.25,7,0.046666666666666634,4,0.053333333333333344,4,0.053333333333333344,4,0.053333333333333344
interaction,0.25,19,0.033333333333333326,4,0.040000000000000036,4,0.040000000000000036,4,0.040000000000000036
interaction,1.0,3,0.0,4,0.0,4,0.0,4,0.0
interaction,1.0,7,0.0,4,0.0,4,0.0,4,0.0
interaction,1.0,19,0.0,4,0.0,4,0.0,4,0.0
kink,0.1,3,0.14,4,0.15333333333333332,4,0.15333333333333332,16,0.16000000000000003
kink,0.1,7,0.17333333333333334,4,0.17333333333333334,4,0.17333333333333334,32,0.31999999999999995
kink,0.1,19,0.16000000000000003,4,0.18666666666666665,4,0.18666666666666665,4,0.18666666666666665
kink,0.25,3,0.026666666666666616,4,0.026666666666666616,4,0.026666666666666616,4,0.026666666666666616
kink,0.25,7,0.013333333333333308,4,0.046666666666666634,4,0.046666666666666634,4,0.046666666666666634
kink,0.25,19,0.053333333333333344,4,0.06000000000000005,4,0.06000000000000005,4,0.06000000000000005
kink,1.0,3,0.0,4,0.0,4,0.0,4,0.0
kink,1.0,7,0.0,4,0.0,4,0.0,4,0.0
kink,1.0,19,0.0,4,0.0,4,0.0,4,0.0
moment_matched,0.1,3,0.09999999999999998,4,0.10666666666666669,4,0.10666666666666669,4,0.10666666666666669
moment_matched,0.1,7,0.10666666666666669,4,0.10666666666666669,4,0.10666666666666669,32,0.26
moment_matched,0.1,19,0.1333333333333333,4,0.1466666666666666,4,0.1466666666666666,4,0.1466666666666666
moment_matched,0.25,3,0.013333333333333308,4,0.026666666666666616,4,0.026666666666666616,4,0.026666666666666616
moment_matched,0.25,7,0.046666666666666634,4,0.06666666666666665,4,0.06666666666666665,4,0.06666666666666665
moment_matched,0.25,19,0.026666666666666616,4,0.040000000000000036,4,0.040000000000000036,4,0.040000000000000036
moment_matched,1.0,3,0.0,4,0.0,4,0.0,4,0.0
moment_matched,1.0,7,0.0,4,0.0,4,0.0,4,0.0
moment_matched,1.0,19,0.0,4,0.0,4,0.0,4,0.0
moving_step,0.1,3,0.17333333333333334,4,0.24,4,0.24,8,0.17333333333333334
moving_step,0.1,7,0.17333333333333334,4,0.2466666666666667,4,0.2466666666666667,8,0.28
moving_step,0.1,19,0.19999999999999996,4,0.2466666666666667,4,0.2466666666666667,32,0.24
moving_step,0.25,3,0.08666666666666667,4,0.10666666666666669,4,0.10666666666666669,8,0.10666666666666669
moving_step,0.25,7,0.07999999999999996,4,0.15333333333333332,4,0.15333333333333332,8,0.09999999999999998
moving_step,0.25,19,0.06000000000000005,4,0.14,4,0.14,32,0.07999999999999996
moving_step,1.0,3,0.00666666666666671,4,0.040000000000000036,4,0.040000000000000036,8,0.013333333333333308
moving_step,1.0,7,0.0,4,0.033333333333333326,4,0.033333333333333326,8,0.00666666666666671
moving_step,1.0,19,0.0,4,0.026666666666666616,4,0.026666666666666616,24,0.0
power_exponent,0.1,3,0.14,4,0.17333333333333334,4,0.17333333333333334,4,0.17333333333333334
power_exponent,0.1,7,0.1266666666666667,4,0.1266666666666667,4,0.1266666666666667,4,0.1266666666666667
power_exponent,0.1,19,0.1333333333333333,4,0.1333333333333333,4,0.1333333333333333,4,0.1333333333333333
power_exponent,0.25,3,0.06000000000000005,4,0.06000000000000005,4,0.06000000000000005,4,0.06000000000000005
power_exponent,0.25,7,0.06666666666666665,4,0.07333333333333336,4,0.07333333333333336,4,0.07333333333333336
power_exponent,0.25,19,0.046666666666666634,4,0.046666666666666634,4,0.046666666666666634,4,0.046666666666666634
power_exponent,1.0,3,0.0,4,0.0,4,0.0,4,0.0
power_exponent,1.0,7,0.0,4,0.0,4,0.0,4,0.0
power_exponent,1.0,19,0.0,4,0.0,4,0.0,4,0.0
rescaled_copy,0.1,3,0.1266666666666667,4,0.1266666666666667,4,0.1266666666666667,32,0.19999999999999996
rescaled_copy,0.1,7,0.09999999999999998,4,0.09999999999999998,4,0.09999999999999998,4,0.09999999999999998
rescaled_copy,0.1,19,0.15333333333333332,4,0.15333333333333332,4,0.15333333333333332,4,0.15333333333333332
rescaled_copy,0.25,3,0.053333333333333344,4,0.06666666666666665,4,0.06666666666666665,4,0.06666666666666665
rescaled_copy,0.25,7,0.026666666666666616,4,0.033333333333333326,4,0.033333333333333326,4,0.033333333333333326
rescaled_copy,0.25,19,0.046666666666666634,4,0.053333333333333344,4,0.053333333333333344,4,0.053333333333333344
rescaled_copy,1.0,3,0.00666666666666671,4,0.00666666666666671,4,0.00666666666666671,4,0.00666666666666671
rescaled_copy,1.0,7,0.0,4,0.0,4,0.0,4,0.0
rescaled_copy,1.0,19,0.0,4,0.0,4,0.0,4,0.0
saturation,0.1,3,0.14,4,0.14,4,0.14,12,0.18000000000000005
saturation,0.1,7,0.1266666666666667,4,0.1333333333333333,4,0.1333333333333333,8,0.1266666666666667
saturation,0.1,19,0.16666666666666663,4,0.17333333333333334,4,0.17333333333333334,4,0.17333333333333334
saturation,0.25,3,0.040000000000000036,4,0.053333333333333344,4,0.053333333333333344,4,0.053333333333333344
saturation,0.25,7,0.026666666666666616,4,0.033333333333333326,4,0.033333333333333326,4,0.033333333333333326
saturation,0.25,19,0.040000000000000036,4,0.046666666666666634,4,0.046666666666666634,4,0.046666666666666634
saturation,1.0,3,0.0,4,0.0,4,0.0,4,0.0
saturation,1.0,7,0.0,4,0.0,4,0.0,4,0.0
saturation,1.0,19,0.0,4,0.0,4,0.0,4,0.0
three_way,0.1,3,0.14,4,0.17333333333333334,4,0.17333333333333334,4,0.17333333333333334
three_way,0.1,7,0.11333333333333329,4,0.12,4,0.12,4,0.12
three_way,0.1,19,0.1333333333333333,4,0.1333333333333333,4,0.1333333333333333,4,0.1333333333333333
three_way,0.25,3,0.06000000000000005,4,0.06666666666666665,4,0.06666666666666665,4,0.06666666666666665
three_way,0.25,7,0.046666666666666634,4,0.053333333333333344,4,0.053333333333333344,4,0.053333333333333344
three_way,0.25,19,0.040000000000000036,4,0.053333333333333344,4,0.053333333333333344,4,0.053333333333333344
three_way,1.0,3,0.00666666666666671,4,0.013333333333333308,4,0.013333333333333308,4,0.013333333333333308
three_way,1.0,7,0.013333333333333308,4,0.013333333333333308,4,0.013333333333333308,4,0.013333333333333308
three_way,1.0,19,0.00666666666666671,4,0.00666666666666671,4,0.00666666666666671,4,0.00666666666666671
