pair,noise,rho,seed,arm,matched_error
polynomial,gaussian,0.1,11,oracle_squared,0.14
polynomial,gaussian,0.1,11,oracle_lrt,0.14
polynomial,gaussian,0.1,11,mechanism_kmeans,0.1266666666666667
polynomial,gaussian,0.1,11,hard_huber,0.1333333333333333
polynomial,gaussian,0.1,11,hard_squared,0.1266666666666667
polynomial,gaussian,0.1,11,hard_cauchy,0.1333333333333333
polynomial,gaussian,0.1,11,hard_tukey,0.1333333333333333
polynomial,gaussian,0.1,11,hard_student_t,0.14
polynomial,gaussian,0.1,11,hard_learned,0.1266666666666667
polynomial,gaussian,0.1,11,soft_gaussian,0.1266666666666667
polynomial,gaussian,0.1,11,soft_student_t,0.1266666666666667
polynomial,gaussian,0.1,23,oracle_squared,0.08666666666666667
polynomial,gaussian,0.1,23,oracle_lrt,0.08666666666666667
polynomial,gaussian,0.1,23,mechanism_kmeans,0.09333333333333338
polynomial,gaussian,0.1,23,hard_huber,0.07999999999999996
polynomial,gaussian,0.1,23,hard_squared,0.08666666666666667
polynomial,gaussian,0.1,23,hard_cauchy,0.09333333333333338
polynomial,gaussian,0.1,23,hard_tukey,0.07999999999999996
polynomial,gaussian,0.1,23,hard_student_t,0.09333333333333338
polynomial,gaussian,0.1,23,hard_learned,0.07333333333333336
polynomial,gaussian,0.1,23,soft_gaussian,0.08666666666666667
polynomial,gaussian,0.1,23,soft_student_t,0.09333333333333338
polynomial,gaussian,0.1,42,oracle_squared,0.12
polynomial,gaussian,0.1,42,oracle_lrt,0.12
polynomial,gaussian,0.1,42,mechanism_kmeans,0.1266666666666667
polynomial,gaussian,0.1,42,hard_huber,0.1266666666666667
polynomial,gaussian,0.1,42,hard_squared,0.1266666666666667
polynomial,gaussian,0.1,42,hard_cauchy,0.12
polynomial,gaussian,0.1,42,hard_tukey,0.1266666666666667
polynomial,gaussian,0.1,42,hard_student_t,0.14
polynomial,gaussian,0.1,42,hard_learned,0.1266666666666667
polynomial,gaussian,0.1,42,soft_gaussian,0.1466666666666666
polynomial,gaussian,0.1,42,soft_student_t,0.14
polynomial,gaussian,0.25,11,oracle_squared,0.033333333333333326
polynomial,gaussian,0.25,11,oracle_lrt,0.033333333333333326
polynomial,gaussian,0.25,11,mechanism_kmeans,0.033333333333333326
polynomial,gaussian,0.25,11,hard_huber,0.040000000000000036
polynomial,gaussian,0.25,11,hard_squared,0.033333333333333326
polynomial,gaussian,0.25,11,hard_cauchy,0.040000000000000036
polynomial,gaussian,0.25,11,hard_tukey,0.040000000000000036
polynomial,gaussian,0.25,11,hard_student_t,0.046666666666666634
polynomial,gaussian,0.25,11,hard_learned,0.033333333333333326
polynomial,gaussian,0.25,11,soft_gaussian,0.033333333333333326
polynomial,gaussian,0.25,11,soft_student_t,0.033333333333333326
polynomial,gaussian,0.25,23,oracle_squared,0.026666666666666616
polynomial,gaussian,0.25,23,oracle_lrt,0.026666666666666616
polynomial,gaussian,0.25,23,mechanism_kmeans,0.020000000000000018
polynomial,gaussian,0.25,23,hard_huber,0.020000000000000018
polynomial,gaussian,0.25,23,hard_squared,0.020000000000000018
polynomial,gaussian,0.25,23,hard_cauchy,0.020000000000000018
polynomial,gaussian,0.25,23,hard_tukey,0.020000000000000018
polynomial,gaussian,0.25,23,hard_student_t,0.020000000000000018
polynomial,gaussian,0.25,23,hard_learned,0.020000000000000018
polynomial,gaussian,0.25,23,soft_gaussian,0.026666666666666616
polynomial,gaussian,0.25,23,soft_student_t,0.026666666666666616
polynomial,gaussian,0.25,42,oracle_squared,0.020000000000000018
polynomial,gaussian,0.25,42,oracle_lrt,0.020000000000000018
polynomial,gaussian,0.25,42,mechanism_kmeans,0.026666666666666616
polynomial,gaussian,0.25,42,hard_huber,0.026666666666666616
polynomial,gaussian,0.25,42,hard_squared,0.020000000000000018
polynomial,gaussian,0.25,42,hard_cauchy,0.033333333333333326
polynomial,gaussian,0.25,42,hard_tukey,0.033333333333333326
polynomial,gaussian,0.25,42,hard_student_t,0.033333333333333326
polynomial,gaussian,0.25,42,hard_learned,0.020000000000000018
polynomial,gaussian,0.25,42,soft_gaussian,0.033333333333333326
polynomial,gaussian,0.25,42,soft_student_t,0.033333333333333326
polynomial,laplace,0.1,11,oracle_squared,0.07999999999999996
polynomial,laplace,0.1,11,oracle_lrt,0.033333333333333326
polynomial,laplace,0.1,11,mechanism_kmeans,0.08666666666666667
polynomial,laplace,0.1,11,hard_huber,0.053333333333333344
polynomial,laplace,0.1,11,hard_squared,0.09999999999999998
polynomial,laplace,0.1,11,hard_cauchy,0.053333333333333344
polynomial,laplace,0.1,11,hard_tukey,0.06000000000000005
polynomial,laplace,0.1,11,hard_student_t,0.046666666666666634
polynomial,laplace,0.1,11,hard_learned,0.033333333333333326
polynomial,laplace,0.1,11,soft_gaussian,0.09333333333333338
polynomial,laplace,0.1,11,soft_student_t,0.046666666666666634
polynomial,laplace,0.1,23,oracle_squared,0.1466666666666666
polynomial,laplace,0.1,23,oracle_lrt,0.046666666666666634
polynomial,laplace,0.1,23,mechanism_kmeans,0.15333333333333332
polynomial,laplace,0.1,23,hard_huber,0.10666666666666669
polynomial,laplace,0.1,23,hard_squared,0.16000000000000003
polynomial,laplace,0.1,23,hard_cauchy,0.09333333333333338
polynomial,laplace,0.1,23,hard_tukey,0.08666666666666667
polynomial,laplace,0.1,23,hard_student_t,0.08666666666666667
polynomial,laplace,0.1,23,hard_learned,0.06000000000000005
polynomial,laplace,0.1,23,soft_gaussian,0.14
polynomial,laplace,0.1,23,soft_student_t,0.08666666666666667
polynomial,laplace,0.1,42,oracle_squared,0.07333333333333336
polynomial,laplace,0.1,42,oracle_lrt,0.040000000000000036
polynomial,laplace,0.1,42,mechanism_kmeans,0.09333333333333338
polynomial,laplace,0.1,42,hard_huber,0.046666666666666634
polynomial,laplace,0.1,42,hard_squared,0.07999999999999996
polynomial,laplace,0.1,42,hard_cauchy,0.046666666666666634
polynomial,laplace,0.1,42,hard_tukey,0.040000000000000036
polynomial,laplace,0.1,42,hard_student_t,0.046666666666666634
polynomial,laplace,0.1,42,hard_learned,0.06000000000000005
polynomial,laplace,0.1,42,soft_gaussian,0.11333333333333329
polynomial,laplace,0.1,42,soft_student_t,0.040000000000000036
polynomial,laplace,0.25,11,oracle_squared,0.00666666666666671
polynomial,laplace,0.25,11,oracle_lrt,0.00666666666666671
polynomial,laplace,0.25,11,mechanism_kmeans,0.026666666666666616
polynomial,laplace,0.25,11,hard_huber,0.00666666666666671
polynomial,laplace,0.25,11,hard_squared,0.013333333333333308
polynomial,laplace,0.25,11,hard_cauchy,0.00666666666666671
polynomial,laplace,0.25,11,hard_tukey,0.00666666666666671
polynomial,laplace,0.25,11,hard_student_t,0.00666666666666671
polynomial,laplace,0.25,11,hard_learned,0.00666666666666671
polynomial,laplace,0.25,11,soft_gaussian,0.026666666666666616
polynomial,laplace,0.25,11,soft_student_t,0.00666666666666671
polynomial,laplace,0.25,23,oracle_squared,0.06666666666666665
polynomial,laplace,0.25,23,oracle_lrt,0.013333333333333308
polynomial,laplace,0.25,23,mechanism_kmeans,0.06000000000000005
polynomial,laplace,0.25,23,hard_huber,0.020000000000000018
polynomial,laplace,0.25,23,hard_squared,0.053333333333333344
polynomial,laplace,0.25,23,hard_cauchy,0.020000000000000018
polynomial,laplace,0.25,23,hard_tukey,0.026666666666666616
polynomial,laplace,0.25,23,hard_student_t,0.013333333333333308
polynomial,laplace,0.25,23,hard_learned,0.013333333333333308
polynomial,laplace,0.25,23,soft_gaussian,0.053333333333333344
polynomial,laplace,0.25,23,soft_student_t,0.013333333333333308
polynomial,laplace,0.25,42,oracle_squared,0.013333333333333308
polynomial,laplace,0.25,42,oracle_lrt,0.0
polynomial,laplace,0.25,42,mechanism_kmeans,0.00666666666666671
polynomial,laplace,0.25,42,hard_huber,0.0
polynomial,laplace,0.25,42,hard_squared,0.00666666666666671
polynomial,laplace,0.25,42,hard_cauchy,0.0
polynomial,laplace,0.25,42,hard_tukey,0.0
polynomial,laplace,0.25,42,hard_student_t,0.0
polynomial,laplace,0.25,42,hard_learned,0.0
polynomial,laplace,0.25,42,soft_gaussian,0.013333333333333308
polynomial,laplace,0.25,42,soft_student_t,0.0
polynomial,student_t3,0.1,11,oracle_squared,0.09999999999999998
polynomial,student_t3,0.1,11,oracle_lrt,0.033333333333333326
polynomial,student_t3,0.1,11,mechanism_kmeans,0.11333333333333329
polynomial,student_t3,0.1,11,hard_huber,0.053333333333333344
polynomial,student_t3,0.1,11,hard_squared,0.10666666666666669
polynomial,student_t3,0.1,11,hard_cauchy,0.053333333333333344
polynomial,student_t3,0.1,11,hard_tukey,0.06000000000000005
polynomial,student_t3,0.1,11,hard_student_t,0.053333333333333344
polynomial,student_t3,0.1,11,hard_learned,0.053333333333333344
polynomial,student_t3,0.1,11,soft_gaussian,0.45333333333333337
polynomial,student_t3,0.1,11,soft_student_t,0.040000000000000036
polynomial,student_t3,0.1,23,oracle_squared,0.06000000000000005
polynomial,student_t3,0.1,23,oracle_lrt,0.033333333333333326
polynomial,student_t3,0.1,23,mechanism_kmeans,0.07999999999999996
polynomial,student_t3,0.1,23,hard_huber,0.046666666666666634
polynomial,student_t3,0.1,23,hard_squared,0.053333333333333344
polynomial,student_t3,0.1,23,hard_cauchy,0.046666666666666634
polynomial,student_t3,0.1,23,hard_tukey,0.040000000000000036
polynomial,student_t3,0.1,23,hard_student_t,0.046666666666666634
polynomial,student_t3,0.1,23,hard_learned,0.046666666666666634
polynomial,student_t3,0.1,23,soft_gaussian,0.5
polynomial,student_t3,0.1,23,soft_student_t,0.040000000000000036
polynomial,student_t3,0.1,42,oracle_squared,0.09999999999999998
polynomial,student_t3,0.1,42,oracle_lrt,0.033333333333333326
polynomial,student_t3,0.1,42,mechanism_kmeans,0.10666666666666669
polynomial,student_t3,0.1,42,hard_huber,0.026666666666666616
polynomial,student_t3,0.1,42,hard_squared,0.11333333333333329
polynomial,student_t3,0.1,42,hard_cauchy,0.026666666666666616
polynomial,student_t3,0.1,42,hard_tukey,0.053333333333333344
polynomial,student_t3,0.1,42,hard_student_t,0.033333333333333326
polynomial,student_t3,0.1,42,hard_learned,0.033333333333333326
polynomial,student_t3,0.1,42,soft_gaussian,0.43333333333333335
polynomial,student_t3,0.1,42,soft_student_t,0.026666666666666616
polynomial,student_t3,0.25,11,oracle_squared,0.020000000000000018
polynomial,student_t3,0.25,11,oracle_lrt,0.0
polynomial,student_t3,0.25,11,mechanism_kmeans,0.013333333333333308
polynomial,student_t3,0.25,11,hard_huber,0.00666666666666671
polynomial,student_t3,0.25,11,hard_squared,0.013333333333333308
polynomial,student_t3,0.25,11,hard_cauchy,0.00666666666666671
polynomial,student_t3,0.25,11,hard_tukey,0.0
polynomial,student_t3,0.25,11,hard_student_t,0.0
polynomial,student_t3,0.25,11,hard_learned,0.0
polynomial,student_t3,0.25,11,soft_gaussian,0.09999999999999998
polynomial,student_t3,0.25,11,soft_student_t,0.0
polynomial,student_t3,0.25,23,oracle_squared,0.026666666666666616
polynomial,student_t3,0.25,23,oracle_lrt,0.0
polynomial,student_t3,0.25,23,mechanism_kmeans,0.026666666666666616
polynomial,student_t3,0.25,23,hard_huber,0.00666666666666671
polynomial,student_t3,0.25,23,hard_squared,0.020000000000000018
polynomial,student_t3,0.25,23,hard_cauchy,0.0
polynomial,student_t3,0.25,23,hard_tukey,0.0
polynomial,student_t3,0.25,23,hard_student_t,0.0
polynomial,student_t3,0.25,23,hard_learned,0.0
polynomial,student_t3,0.25,23,soft_gaussian,0.4933333333333333
polynomial,student_t3,0.25,23,soft_student_t,0.0
polynomial,student_t3,0.25,42,oracle_squared,0.033333333333333326
polynomial,student_t3,0.25,42,oracle_lrt,0.00666666666666671
polynomial,student_t3,0.25,42,mechanism_kmeans,0.026666666666666616
polynomial,student_t3,0.25,42,hard_huber,0.00666666666666671
polynomial,student_t3,0.25,42,hard_squared,0.033333333333333326
polynomial,student_t3,0.25,42,hard_cauchy,0.00666666666666671
polynomial,student_t3,0.25,42,hard_tukey,0.0
polynomial,student_t3,0.25,42,hard_student_t,0.0
polynomial,student_t3,0.25,42,hard_learned,0.0
polynomial,student_t3,0.25,42,soft_gaussian,0.1466666666666666
polynomial,student_t3,0.25,42,soft_student_t,0.00666666666666671
polynomial,contaminated_10,0.1,11,oracle_squared,0.12
polynomial,contaminated_10,0.1,11,oracle_lrt,0.0
polynomial,contaminated_10,0.1,11,mechanism_kmeans,0.11333333333333329
polynomial,contaminated_10,0.1,11,hard_huber,0.0
polynomial,contaminated_10,0.1,11,hard_squared,0.11333333333333329
polynomial,contaminated_10,0.1,11,hard_cauchy,0.0
polynomial,contaminated_10,0.1,11,hard_tukey,0.0
polynomial,contaminated_10,0.1,11,hard_student_t,0.0
polynomial,contaminated_10,0.1,11,hard_learned,0.0
polynomial,contaminated_10,0.1,11,soft_gaussian,0.4866666666666667
polynomial,contaminated_10,0.1,11,soft_student_t,0.00666666666666671
polynomial,contaminated_10,0.1,23,oracle_squared,0.09999999999999998
polynomial,contaminated_10,0.1,23,oracle_lrt,0.0
polynomial,contaminated_10,0.1,23,mechanism_kmeans,0.10666666666666669
polynomial,contaminated_10,0.1,23,hard_huber,0.0
polynomial,contaminated_10,0.1,23,hard_squared,0.09999999999999998
polynomial,contaminated_10,0.1,23,hard_cauchy,0.0
polynomial,contaminated_10,0.1,23,hard_tukey,0.0
polynomial,contaminated_10,0.1,23,hard_student_t,0.0
polynomial,contaminated_10,0.1,23,hard_learned,0.0
polynomial,contaminated_10,0.1,23,soft_gaussian,0.45999999999999996
polynomial,contaminated_10,0.1,23,soft_student_t,0.0
polynomial,contaminated_10,0.1,42,oracle_squared,0.09333333333333338
polynomial,contaminated_10,0.1,42,oracle_lrt,0.0
polynomial,contaminated_10,0.1,42,mechanism_kmeans,0.10666666666666669
polynomial,contaminated_10,0.1,42,hard_huber,0.0
polynomial,contaminated_10,0.1,42,hard_squared,0.09999999999999998
polynomial,contaminated_10,0.1,42,hard_cauchy,0.0
polynomial,contaminated_10,0.1,42,hard_tukey,0.0
polynomial,contaminated_10,0.1,42,hard_student_t,0.0
polynomial,contaminated_10,0.1,42,hard_learned,0.0
polynomial,contaminated_10,0.1,42,soft_gaussian,0.42666666666666664
polynomial,contaminated_10,0.1,42,soft_student_t,0.0
polynomial,contaminated_10,0.25,11,oracle_squared,0.026666666666666616
polynomial,contaminated_10,0.25,11,oracle_lrt,0.0
polynomial,contaminated_10,0.25,11,mechanism_kmeans,0.020000000000000018
polynomial,contaminated_10,0.25,11,hard_huber,0.0
polynomial,contaminated_10,0.25,11,hard_squared,0.026666666666666616
polynomial,contaminated_10,0.25,11,hard_cauchy,0.0
polynomial,contaminated_10,0.25,11,hard_tukey,0.0
polynomial,contaminated_10,0.25,11,hard_student_t,0.0
polynomial,contaminated_10,0.25,11,hard_learned,0.0
polynomial,contaminated_10,0.25,11,soft_gaussian,0.48
polynomial,contaminated_10,0.25,11,soft_student_t,0.0
polynomial,contaminated_10,0.25,23,oracle_squared,0.026666666666666616
polynomial,contaminated_10,0.25,23,oracle_lrt,0.0
polynomial,contaminated_10,0.25,23,mechanism_kmeans,0.040000000000000036
polynomial,contaminated_10,0.25,23,hard_huber,0.0
polynomial,contaminated_10,0.25,23,hard_squared,0.040000000000000036
polynomial,contaminated_10,0.25,23,hard_cauchy,0.0
polynomial,contaminated_10,0.25,23,hard_tukey,0.0
polynomial,contaminated_10,0.25,23,hard_student_t,0.0
polynomial,contaminated_10,0.25,23,hard_learned,0.0
polynomial,contaminated_10,0.25,23,soft_gaussian,0.45333333333333337
polynomial,contaminated_10,0.25,23,soft_student_t,0.0
polynomial,contaminated_10,0.25,42,oracle_squared,0.00666666666666671
polynomial,contaminated_10,0.25,42,oracle_lrt,0.0
polynomial,contaminated_10,0.25,42,mechanism_kmeans,0.020000000000000018
polynomial,contaminated_10,0.25,42,hard_huber,0.0
polynomial,contaminated_10,0.25,42,hard_squared,0.020000000000000018
polynomial,contaminated_10,0.25,42,hard_cauchy,0.0
polynomial,contaminated_10,0.25,42,hard_tukey,0.0
polynomial,contaminated_10,0.25,42,hard_student_t,0.0
polynomial,contaminated_10,0.25,42,hard_learned,0.0
polynomial,contaminated_10,0.25,42,soft_gaussian,0.4066666666666666
polynomial,contaminated_10,0.25,42,soft_student_t,0.0
oscillatory,gaussian,0.1,11,oracle_squared,0.09999999999999998
oscillatory,gaussian,0.1,11,oracle_lrt,0.09999999999999998
oscillatory,gaussian,0.1,11,mechanism_kmeans,0.09999999999999998
oscillatory,gaussian,0.1,11,hard_huber,0.1333333333333333
oscillatory,gaussian,0.1,11,hard_squared,0.09333333333333338
oscillatory,gaussian,0.1,11,hard_cauchy,0.1266666666666667
oscillatory,gaussian,0.1,11,hard_tukey,0.1266666666666667
oscillatory,gaussian,0.1,11,hard_student_t,0.1333333333333333
oscillatory,gaussian,0.1,11,hard_learned,0.09333333333333338
oscillatory,gaussian,0.1,11,soft_gaussian,0.09999999999999998
oscillatory,gaussian,0.1,11,soft_student_t,0.09999999999999998
oscillatory,gaussian,0.1,23,oracle_squared,0.08666666666666667
oscillatory,gaussian,0.1,23,oracle_lrt,0.08666666666666667
oscillatory,gaussian,0.1,23,mechanism_kmeans,0.07999999999999996
oscillatory,gaussian,0.1,23,hard_huber,0.12
oscillatory,gaussian,0.1,23,hard_squared,0.10666666666666669
oscillatory,gaussian,0.1,23,hard_cauchy,0.12
oscillatory,gaussian,0.1,23,hard_tukey,0.12
oscillatory,gaussian,0.1,23,hard_student_t,0.12
oscillatory,gaussian,0.1,23,hard_learned,0.10666666666666669
oscillatory,gaussian,0.1,23,soft_gaussian,0.09999999999999998
oscillatory,gaussian,0.1,23,soft_student_t,0.09999999999999998
oscillatory,gaussian,0.1,42,oracle_squared,0.12
oscillatory,gaussian,0.1,42,oracle_lrt,0.12
oscillatory,gaussian,0.1,42,mechanism_kmeans,0.11333333333333329
oscillatory,gaussian,0.1,42,hard_huber,0.12
oscillatory,gaussian,0.1,42,hard_squared,0.10666666666666669
oscillatory,gaussian,0.1,42,hard_cauchy,0.14
oscillatory,gaussian,0.1,42,hard_tukey,0.14
oscillatory,gaussian,0.1,42,hard_student_t,0.1333333333333333
oscillatory,gaussian,0.1,42,hard_learned,0.10666666666666669
oscillatory,gaussian,0.1,42,soft_gaussian,0.1333333333333333
oscillatory,gaussian,0.1,42,soft_student_t,0.1333333333333333
oscillatory,gaussian,0.25,11,oracle_squared,0.046666666666666634
oscillatory,gaussian,0.25,11,oracle_lrt,0.046666666666666634
oscillatory,gaussian,0.25,11,mechanism_kmeans,0.046666666666666634
oscillatory,gaussian,0.25,11,hard_huber,0.033333333333333326
oscillatory,gaussian,0.25,11,hard_squared,0.046666666666666634
oscillatory,gaussian,0.25,11,hard_cauchy,0.040000000000000036
oscillatory,gaussian,0.25,11,hard_tukey,0.033333333333333326
oscillatory,gaussian,0.25,11,hard_student_t,0.033333333333333326
oscillatory,gaussian,0.25,11,hard_learned,0.046666666666666634
oscillatory,gaussian,0.25,11,soft_gaussian,0.046666666666666634
oscillatory,gaussian,0.25,11,soft_student_t,0.046666666666666634
oscillatory,gaussian,0.25,23,oracle_squared,0.013333333333333308
oscillatory,gaussian,0.25,23,oracle_lrt,0.013333333333333308
oscillatory,gaussian,0.25,23,mechanism_kmeans,0.013333333333333308
oscillatory,gaussian,0.25,23,hard_huber,0.020000000000000018
oscillatory,gaussian,0.25,23,hard_squared,0.013333333333333308
oscillatory,gaussian,0.25,23,hard_cauchy,0.020000000000000018
oscillatory,gaussian,0.25,23,hard_tukey,0.020000000000000018
oscillatory,gaussian,0.25,23,hard_student_t,0.020000000000000018
oscillatory,gaussian,0.25,23,hard_learned,0.013333333333333308
oscillatory,gaussian,0.25,23,soft_gaussian,0.013333333333333308
oscillatory,gaussian,0.25,23,soft_student_t,0.013333333333333308
oscillatory,gaussian,0.25,42,oracle_squared,0.026666666666666616
oscillatory,gaussian,0.25,42,oracle_lrt,0.026666666666666616
oscillatory,gaussian,0.25,42,mechanism_kmeans,0.026666666666666616
oscillatory,gaussian,0.25,42,hard_huber,0.06000000000000005
oscillatory,gaussian,0.25,42,hard_squared,0.026666666666666616
oscillatory,gaussian,0.25,42,hard_cauchy,0.046666666666666634
oscillatory,gaussian,0.25,42,hard_tukey,0.06666666666666665
oscillatory,gaussian,0.25,42,hard_student_t,0.053333333333333344
oscillatory,gaussian,0.25,42,hard_learned,0.026666666666666616
oscillatory,gaussian,0.25,42,soft_gaussian,0.020000000000000018
oscillatory,gaussian,0.25,42,soft_student_t,0.020000000000000018
oscillatory,laplace,0.1,11,oracle_squared,0.06000000000000005
oscillatory,laplace,0.1,11,oracle_lrt,0.020000000000000018
oscillatory,laplace,0.1,11,mechanism_kmeans,0.06000000000000005
oscillatory,laplace,0.1,11,hard_huber,0.046666666666666634
oscillatory,laplace,0.1,11,hard_squared,0.053333333333333344
oscillatory,laplace,0.1,11,hard_cauchy,0.046666666666666634
oscillatory,laplace,0.1,11,hard_tukey,0.07333333333333336
oscillatory,laplace,0.1,11,hard_student_t,0.046666666666666634
oscillatory,laplace,0.1,11,hard_learned,0.026666666666666616
oscillatory,laplace,0.1,11,soft_gaussian,0.07999999999999996
oscillatory,laplace,0.1,11,soft_student_t,0.046666666666666634
oscillatory,laplace,0.1,23,oracle_squared,0.1466666666666666
oscillatory,laplace,0.1,23,oracle_lrt,0.07333333333333336
oscillatory,laplace,0.1,23,mechanism_kmeans,0.15333333333333332
oscillatory,laplace,0.1,23,hard_huber,0.11333333333333329
oscillatory,laplace,0.1,23,hard_squared,0.16666666666666663
oscillatory,laplace,0.1,23,hard_cauchy,0.10666666666666669
oscillatory,laplace,0.1,23,hard_tukey,0.10666666666666669
oscillatory,laplace,0.1,23,hard_student_t,0.11333333333333329
oscillatory,laplace,0.1,23,hard_learned,0.09333333333333338
oscillatory,laplace,0.1,23,soft_gaussian,0.1333333333333333
oscillatory,laplace,0.1,23,soft_student_t,0.10666666666666669
oscillatory,laplace,0.1,42,oracle_squared,0.10666666666666669
oscillatory,laplace,0.1,42,oracle_lrt,0.06666666666666665
oscillatory,laplace,0.1,42,mechanism_kmeans,0.11333333333333329
oscillatory,laplace,0.1,42,hard_huber,0.08666666666666667
oscillatory,laplace,0.1,42,hard_squared,0.10666666666666669
oscillatory,laplace,0.1,42,hard_cauchy,0.07999999999999996
oscillatory,laplace,0.1,42,hard_tukey,0.06666666666666665
oscillatory,laplace,0.1,42,hard_student_t,0.06666666666666665
oscillatory,laplace,0.1,42,hard_learned,0.046666666666666634
oscillatory,laplace,0.1,42,soft_gaussian,0.14
oscillatory,laplace,0.1,42,soft_student_t,0.08666666666666667
oscillatory,laplace,0.25,11,oracle_squared,0.00666666666666671
oscillatory,laplace,0.25,11,oracle_lrt,0.00666666666666671
oscillatory,laplace,0.25,11,mechanism_kmeans,0.00666666666666671
oscillatory,laplace,0.25,11,hard_huber,0.00666666666666671
oscillatory,laplace,0.25,11,hard_squared,0.013333333333333308
oscillatory,laplace,0.25,11,hard_cauchy,0.00666666666666671
oscillatory,laplace,0.25,11,hard_tukey,0.00666666666666671
oscillatory,laplace,0.25,11,hard_student_t,0.00666666666666671
oscillatory,laplace,0.25,11,hard_learned,0.00666666666666671
oscillatory,laplace,0.25,11,soft_gaussian,0.00666666666666671
oscillatory,laplace,0.25,11,soft_student_t,0.00666666666666671
oscillatory,laplace,0.25,23,oracle_squared,0.053333333333333344
oscillatory,laplace,0.25,23,oracle_lrt,0.013333333333333308
oscillatory,laplace,0.25,23,mechanism_kmeans,0.046666666666666634
oscillatory,laplace,0.25,23,hard_huber,0.026666666666666616
oscillatory,laplace,0.25,23,hard_squared,0.053333333333333344
oscillatory,laplace,0.25,23,hard_cauchy,0.020000000000000018
oscillatory,laplace,0.25,23,hard_tukey,0.020000000000000018
oscillatory,laplace,0.25,23,hard_student_t,0.020000000000000018
oscillatory,laplace,0.25,23,hard_learned,0.00666666666666671
oscillatory,laplace,0.25,23,soft_gaussian,0.046666666666666634
oscillatory,laplace,0.25,23,soft_student_t,0.020000000000000018
oscillatory,laplace,0.25,42,oracle_squared,0.033333333333333326
oscillatory,laplace,0.25,42,oracle_lrt,0.00666666666666671
oscillatory,laplace,0.25,42,mechanism_kmeans,0.033333333333333326
oscillatory,laplace,0.25,42,hard_huber,0.00666666666666671
oscillatory,laplace,0.25,42,hard_squared,0.033333333333333326
oscillatory,laplace,0.25,42,hard_cauchy,0.00666666666666671
oscillatory,laplace,0.25,42,hard_tukey,0.00666666666666671
oscillatory,laplace,0.25,42,hard_student_t,0.00666666666666671
oscillatory,laplace,0.25,42,hard_learned,0.00666666666666671
oscillatory,laplace,0.25,42,soft_gaussian,0.033333333333333326
oscillatory,laplace,0.25,42,soft_student_t,0.013333333333333308
oscillatory,student_t3,0.1,11,oracle_squared,0.09999999999999998
oscillatory,student_t3,0.1,11,oracle_lrt,0.033333333333333326
oscillatory,student_t3,0.1,11,mechanism_kmeans,0.11333333333333329
oscillatory,student_t3,0.1,11,hard_huber,0.040000000000000036
oscillatory,student_t3,0.1,11,hard_squared,0.12
oscillatory,student_t3,0.1,11,hard_cauchy,0.040000000000000036
oscillatory,student_t3,0.1,11,hard_tukey,0.040000000000000036
oscillatory,student_t3,0.1,11,hard_student_t,0.046666666666666634
oscillatory,student_t3,0.1,11,hard_learned,0.026666666666666616
oscillatory,student_t3,0.1,11,soft_gaussian,0.42666666666666664
oscillatory,student_t3,0.1,11,soft_student_t,0.026666666666666616
oscillatory,student_t3,0.1,23,oracle_squared,0.08666666666666667
oscillatory,student_t3,0.1,23,oracle_lrt,0.033333333333333326
oscillatory,student_t3,0.1,23,mechanism_kmeans,0.10666666666666669
oscillatory,student_t3,0.1,23,hard_huber,0.053333333333333344
oscillatory,student_t3,0.1,23,hard_squared,0.09999999999999998
oscillatory,student_t3,0.1,23,hard_cauchy,0.046666666666666634
oscillatory,student_t3,0.1,23,hard_tukey,0.053333333333333344
oscillatory,student_t3,0.1,23,hard_student_t,0.053333333333333344
oscillatory,student_t3,0.1,23,hard_learned,0.053333333333333344
oscillatory,student_t3,0.1,23,soft_gaussian,0.5
oscillatory,student_t3,0.1,23,soft_student_t,0.026666666666666616
oscillatory,student_t3,0.1,42,oracle_squared,0.08666666666666667
oscillatory,student_t3,0.1,42,oracle_lrt,0.020000000000000018
oscillatory,student_t3,0.1,42,mechanism_kmeans,0.06666666666666665
oscillatory,student_t3,0.1,42,hard_huber,0.020000000000000018
oscillatory,student_t3,0.1,42,hard_squared,0.07999999999999996
oscillatory,student_t3,0.1,42,hard_cauchy,0.020000000000000018
oscillatory,student_t3,0.1,42,hard_tukey,0.020000000000000018
oscillatory,student_t3,0.1,42,hard_student_t,0.020000000000000018
oscillatory,student_t3,0.1,42,hard_learned,0.020000000000000018
oscillatory,student_t3,0.1,42,soft_gaussian,0.4066666666666666
oscillatory,student_t3,0.1,42,soft_student_t,0.026666666666666616
oscillatory,student_t3,0.25,11,oracle_squared,0.026666666666666616
oscillatory,student_t3,0.25,11,oracle_lrt,0.0
oscillatory,student_t3,0.25,11,mechanism_kmeans,0.026666666666666616
oscillatory,student_t3,0.25,11,hard_huber,0.00666666666666671
oscillatory,student_t3,0.25,11,hard_squared,0.033333333333333326
oscillatory,student_t3,0.25,11,hard_cauchy,0.00666666666666671
oscillatory,student_t3,0.25,11,hard_tukey,0.0
oscillatory,student_t3,0.25,11,hard_student_t,0.00666666666666671
oscillatory,student_t3,0.25,11,hard_learned,0.0
oscillatory,student_t3,0.25,11,soft_gaussian,0.43333333333333335
oscillatory,student_t3,0.25,11,soft_student_t,0.00666666666666671
oscillatory,student_t3,0.25,23,oracle_squared,0.020000000000000018
oscillatory,student_t3,0.25,23,oracle_lrt,0.0
oscillatory,student_t3,0.25,23,mechanism_kmeans,0.020000000000000018
oscillatory,student_t3,0.25,23,hard_huber,0.00666666666666671
oscillatory,student_t3,0.25,23,hard_squared,0.013333333333333308
oscillatory,student_t3,0.25,23,hard_cauchy,0.00666666666666671
oscillatory,student_t3,0.25,23,hard_tukey,0.00666666666666671
oscillatory,student_t3,0.25,23,hard_student_t,0.00666666666666671
oscillatory,student_t3,0.25,23,hard_learned,0.0
oscillatory,student_t3,0.25,23,soft_gaussian,0.5
oscillatory,student_t3,0.25,23,soft_student_t,0.0
oscillatory,student_t3,0.25,42,oracle_squared,0.020000000000000018
oscillatory,student_t3,0.25,42,oracle_lrt,0.0
oscillatory,student_t3,0.25,42,mechanism_kmeans,0.013333333333333308
oscillatory,student_t3,0.25,42,hard_huber,0.00666666666666671
oscillatory,student_t3,0.25,42,hard_squared,0.020000000000000018
oscillatory,student_t3,0.25,42,hard_cauchy,0.0
oscillatory,student_t3,0.25,42,hard_tukey,0.00666666666666671
oscillatory,student_t3,0.25,42,hard_student_t,0.0
oscillatory,student_t3,0.25,42,hard_learned,0.0
oscillatory,student_t3,0.25,42,soft_gaussian,0.11333333333333329
oscillatory,student_t3,0.25,42,soft_student_t,0.0
oscillatory,contaminated_10,0.1,11,oracle_squared,0.09999999999999998
oscillatory,contaminated_10,0.1,11,oracle_lrt,0.0
oscillatory,contaminated_10,0.1,11,mechanism_kmeans,0.08666666666666667
oscillatory,contaminated_10,0.1,11,hard_huber,0.0
oscillatory,contaminated_10,0.1,11,hard_squared,0.08666666666666667
oscillatory,contaminated_10,0.1,11,hard_cauchy,0.0
oscillatory,contaminated_10,0.1,11,hard_tukey,0.0
oscillatory,contaminated_10,0.1,11,hard_student_t,0.0
oscillatory,contaminated_10,0.1,11,hard_learned,0.0
oscillatory,contaminated_10,0.1,11,soft_gaussian,0.4933333333333333
oscillatory,contaminated_10,0.1,11,soft_student_t,0.0
oscillatory,contaminated_10,0.1,23,oracle_squared,0.11333333333333329
oscillatory,contaminated_10,0.1,23,oracle_lrt,0.0
oscillatory,contaminated_10,0.1,23,mechanism_kmeans,0.11333333333333329
oscillatory,contaminated_10,0.1,23,hard_huber,0.0
oscillatory,contaminated_10,0.1,23,hard_squared,0.10666666666666669
oscillatory,contaminated_10,0.1,23,hard_cauchy,0.0
oscillatory,contaminated_10,0.1,23,hard_tukey,0.0
oscillatory,contaminated_10,0.1,23,hard_student_t,0.0
oscillatory,contaminated_10,0.1,23,hard_learned,0.0
oscillatory,contaminated_10,0.1,23,soft_gaussian,0.48
oscillatory,contaminated_10,0.1,23,soft_student_t,0.0
oscillatory,contaminated_10,0.1,42,oracle_squared,0.09999999999999998
oscillatory,contaminated_10,0.1,42,oracle_lrt,0.0
oscillatory,contaminated_10,0.1,42,mechanism_kmeans,0.12
oscillatory,contaminated_10,0.1,42,hard_huber,0.0
oscillatory,contaminated_10,0.1,42,hard_squared,0.11333333333333329
oscillatory,contaminated_10,0.1,42,hard_cauchy,0.0
oscillatory,contaminated_10,0.1,42,hard_tukey,0.0
oscillatory,contaminated_10,0.1,42,hard_student_t,0.0
oscillatory,contaminated_10,0.1,42,hard_learned,0.0
oscillatory,contaminated_10,0.1,42,soft_gaussian,0.4066666666666666
oscillatory,contaminated_10,0.1,42,soft_student_t,0.0
oscillatory,contaminated_10,0.25,11,oracle_squared,0.026666666666666616
oscillatory,contaminated_10,0.25,11,oracle_lrt,0.0
oscillatory,contaminated_10,0.25,11,mechanism_kmeans,0.026666666666666616
oscillatory,contaminated_10,0.25,11,hard_huber,0.0
oscillatory,contaminated_10,0.25,11,hard_squared,0.026666666666666616
oscillatory,contaminated_10,0.25,11,hard_cauchy,0.0
oscillatory,contaminated_10,0.25,11,hard_tukey,0.0
oscillatory,contaminated_10,0.25,11,hard_student_t,0.0
oscillatory,contaminated_10,0.25,11,hard_learned,0.0
oscillatory,contaminated_10,0.25,11,soft_gaussian,0.4866666666666667
oscillatory,contaminated_10,0.25,11,soft_student_t,0.0
oscillatory,contaminated_10,0.25,23,oracle_squared,0.026666666666666616
oscillatory,contaminated_10,0.25,23,oracle_lrt,0.0
oscillatory,contaminated_10,0.25,23,mechanism_kmeans,0.033333333333333326
oscillatory,contaminated_10,0.25,23,hard_huber,0.0
oscillatory,contaminated_10,0.25,23,hard_squared,0.033333333333333326
oscillatory,contaminated_10,0.25,23,hard_cauchy,0.0
oscillatory,contaminated_10,0.25,23,hard_tukey,0.0
oscillatory,contaminated_10,0.25,23,hard_student_t,0.0
oscillatory,contaminated_10,0.25,23,hard_learned,0.0
oscillatory,contaminated_10,0.25,23,soft_gaussian,0.4866666666666667
oscillatory,contaminated_10,0.25,23,soft_student_t,0.0
oscillatory,contaminated_10,0.25,42,oracle_squared,0.026666666666666616
oscillatory,contaminated_10,0.25,42,oracle_lrt,0.0
oscillatory,contaminated_10,0.25,42,mechanism_kmeans,0.026666666666666616
oscillatory,contaminated_10,0.25,42,hard_huber,0.0
oscillatory,contaminated_10,0.25,42,hard_squared,0.026666666666666616
oscillatory,contaminated_10,0.25,42,hard_cauchy,0.0
oscillatory,contaminated_10,0.25,42,hard_tukey,0.0
oscillatory,contaminated_10,0.25,42,hard_student_t,0.0
oscillatory,contaminated_10,0.25,42,hard_learned,0.0
oscillatory,contaminated_10,0.25,42,soft_gaussian,0.3733333333333333
oscillatory,contaminated_10,0.25,42,soft_student_t,0.0
saturation,gaussian,0.1,11,oracle_squared,0.09999999999999998
saturation,gaussian,0.1,11,oracle_lrt,0.09999999999999998
saturation,gaussian,0.1,11,mechanism_kmeans,0.11333333333333329
saturation,gaussian,0.1,11,hard_huber,0.11333333333333329
saturation,gaussian,0.1,11,hard_squared,0.10666666666666669
saturation,gaussian,0.1,11,hard_cauchy,0.1266666666666667
saturation,gaussian,0.1,11,hard_tukey,0.1266666666666667
saturation,gaussian,0.1,11,hard_student_t,0.1333333333333333
saturation,gaussian,0.1,11,hard_learned,0.10666666666666669
saturation,gaussian,0.1,11,soft_gaussian,0.09333333333333338
saturation,gaussian,0.1,11,soft_student_t,0.09333333333333338
saturation,gaussian,0.1,23,oracle_squared,0.08666666666666667
saturation,gaussian,0.1,23,oracle_lrt,0.08666666666666667
saturation,gaussian,0.1,23,mechanism_kmeans,0.07333333333333336
saturation,gaussian,0.1,23,hard_huber,0.09333333333333338
saturation,gaussian,0.1,23,hard_squared,0.07999999999999996
saturation,gaussian,0.1,23,hard_cauchy,0.09999999999999998
saturation,gaussian,0.1,23,hard_tukey,0.09333333333333338
saturation,gaussian,0.1,23,hard_student_t,0.09999999999999998
saturation,gaussian,0.1,23,hard_learned,0.07999999999999996
saturation,gaussian,0.1,23,soft_gaussian,0.09999999999999998
saturation,gaussian,0.1,23,soft_student_t,0.07999999999999996
saturation,gaussian,0.1,42,oracle_squared,0.08666666666666667
saturation,gaussian,0.1,42,oracle_lrt,0.08666666666666667
saturation,gaussian,0.1,42,mechanism_kmeans,0.11333333333333329
saturation,gaussian,0.1,42,hard_huber,0.12
saturation,gaussian,0.1,42,hard_squared,0.11333333333333329
saturation,gaussian,0.1,42,hard_cauchy,0.10666666666666669
saturation,gaussian,0.1,42,hard_tukey,0.1266666666666667
saturation,gaussian,0.1,42,hard_student_t,0.10666666666666669
saturation,gaussian,0.1,42,hard_learned,0.11333333333333329
saturation,gaussian,0.1,42,soft_gaussian,0.11333333333333329
saturation,gaussian,0.1,42,soft_student_t,0.11333333333333329
saturation,gaussian,0.25,11,oracle_squared,0.020000000000000018
saturation,gaussian,0.25,11,oracle_lrt,0.020000000000000018
saturation,gaussian,0.25,11,mechanism_kmeans,0.020000000000000018
saturation,gaussian,0.25,11,hard_huber,0.033333333333333326
saturation,gaussian,0.25,11,hard_squared,0.020000000000000018
saturation,gaussian,0.25,11,hard_cauchy,0.040000000000000036
saturation,gaussian,0.25,11,hard_tukey,0.040000000000000036
saturation,gaussian,0.25,11,hard_student_t,0.033333333333333326
saturation,gaussian,0.25,11,hard_learned,0.020000000000000018
saturation,gaussian,0.25,11,soft_gaussian,0.026666666666666616
saturation,gaussian,0.25,11,soft_student_t,0.026666666666666616
saturation,gaussian,0.25,23,oracle_squared,0.026666666666666616
saturation,gaussian,0.25,23,oracle_lrt,0.026666666666666616
saturation,gaussian,0.25,23,mechanism_kmeans,0.026666666666666616
saturation,gaussian,0.25,23,hard_huber,0.033333333333333326
saturation,gaussian,0.25,23,hard_squared,0.026666666666666616
saturation,gaussian,0.25,23,hard_cauchy,0.033333333333333326
saturation,gaussian,0.25,23,hard_tukey,0.033333333333333326
saturation,gaussian,0.25,23,hard_student_t,0.033333333333333326
saturation,gaussian,0.25,23,hard_learned,0.026666666666666616
saturation,gaussian,0.25,23,soft_gaussian,0.026666666666666616
saturation,gaussian,0.25,23,soft_student_t,0.026666666666666616
saturation,gaussian,0.25,42,oracle_squared,0.020000000000000018
saturation,gaussian,0.25,42,oracle_lrt,0.020000000000000018
saturation,gaussian,0.25,42,mechanism_kmeans,0.026666666666666616
saturation,gaussian,0.25,42,hard_huber,0.040000000000000036
saturation,gaussian,0.25,42,hard_squared,0.020000000000000018
saturation,gaussian,0.25,42,hard_cauchy,0.026666666666666616
saturation,gaussian,0.25,42,hard_tukey,0.040000000000000036
saturation,gaussian,0.25,42,hard_student_t,0.033333333333333326
saturation,gaussian,0.25,42,hard_learned,0.020000000000000018
saturation,gaussian,0.25,42,soft_gaussian,0.013333333333333308
saturation,gaussian,0.25,42,soft_student_t,0.013333333333333308
saturation,laplace,0.1,11,oracle_squared,0.09999999999999998
saturation,laplace,0.1,11,oracle_lrt,0.026666666666666616
saturation,laplace,0.1,11,mechanism_kmeans,0.11333333333333329
saturation,laplace,0.1,11,hard_huber,0.046666666666666634
saturation,laplace,0.1,11,hard_squared,0.10666666666666669
saturation,laplace,0.1,11,hard_cauchy,0.040000000000000036
saturation,laplace,0.1,11,hard_tukey,0.046666666666666634
saturation,laplace,0.1,11,hard_student_t,0.040000000000000036
saturation,laplace,0.1,11,hard_learned,0.026666666666666616
saturation,laplace,0.1,11,soft_gaussian,0.14
saturation,laplace,0.1,11,soft_student_t,0.033333333333333326
saturation,laplace,0.1,23,oracle_squared,0.07999999999999996
saturation,laplace,0.1,23,oracle_lrt,0.053333333333333344
saturation,laplace,0.1,23,mechanism_kmeans,0.09999999999999998
saturation,laplace,0.1,23,hard_huber,0.07333333333333336
saturation,laplace,0.1,23,hard_squared,0.07999999999999996
saturation,laplace,0.1,23,hard_cauchy,0.06666666666666665
saturation,laplace,0.1,23,hard_tukey,0.06000000000000005
saturation,laplace,0.1,23,hard_student_t,0.06666666666666665
saturation,laplace,0.1,23,hard_learned,0.06000000000000005
saturation,laplace,0.1,23,soft_gaussian,0.15333333333333332
saturation,laplace,0.1,23,soft_student_t,0.06000000000000005
saturation,laplace,0.1,42,oracle_squared,0.16000000000000003
saturation,laplace,0.1,42,oracle_lrt,0.020000000000000018
saturation,laplace,0.1,42,mechanism_kmeans,0.17333333333333334
saturation,laplace,0.1,42,hard_huber,0.11333333333333329
saturation,laplace,0.1,42,hard_squared,0.18000000000000005
saturation,laplace,0.1,42,hard_cauchy,0.08666666666666667
saturation,laplace,0.1,42,hard_tukey,0.07999999999999996
saturation,laplace,0.1,42,hard_student_t,0.07999999999999996
saturation,laplace,0.1,42,hard_learned,0.020000000000000018
saturation,laplace,0.1,42,soft_gaussian,0.3866666666666667
saturation,laplace,0.1,42,soft_student_t,0.06000000000000005
saturation,laplace,0.25,11,oracle_squared,0.020000000000000018
saturation,laplace,0.25,11,oracle_lrt,0.00666666666666671
saturation,laplace,0.25,11,mechanism_kmeans,0.020000000000000018
saturation,laplace,0.25,11,hard_huber,0.00666666666666671
saturation,laplace,0.25,11,hard_squared,0.026666666666666616
saturation,laplace,0.25,11,hard_cauchy,0.00666666666666671
saturation,laplace,0.25,11,hard_tukey,0.00666666666666671
saturation,laplace,0.25,11,hard_student_t,0.00666666666666671
saturation,laplace,0.25,11,hard_learned,0.00666666666666671
saturation,laplace,0.25,11,soft_gaussian,0.020000000000000018
saturation,laplace,0.25,11,soft_student_t,0.00666666666666671
saturation,laplace,0.25,23,oracle_squared,0.020000000000000018
saturation,laplace,0.25,23,oracle_lrt,0.0
saturation,laplace,0.25,23,mechanism_kmeans,0.013333333333333308
saturation,laplace,0.25,23,hard_huber,0.00666666666666671
saturation,laplace,0.25,23,hard_squared,0.013333333333333308
saturation,laplace,0.25,23,hard_cauchy,0.00666666666666671
saturation,laplace,0.25,23,hard_tukey,0.00666666666666671
saturation,laplace,0.25,23,hard_student_t,0.00666666666666671
saturation,laplace,0.25,23,hard_learned,0.0
saturation,laplace,0.25,23,soft_gaussian,0.013333333333333308
saturation,laplace,0.25,23,soft_student_t,0.00666666666666671
saturation,laplace,0.25,42,oracle_squared,0.020000000000000018
saturation,laplace,0.25,42,oracle_lrt,0.0
saturation,laplace,0.25,42,mechanism_kmeans,0.046666666666666634
saturation,laplace,0.25,42,hard_huber,0.0
saturation,laplace,0.25,42,hard_squared,0.040000000000000036
saturation,laplace,0.25,42,hard_cauchy,0.0
saturation,laplace,0.25,42,hard_tukey,0.013333333333333308
saturation,laplace,0.25,42,hard_student_t,0.00666666666666671
saturation,laplace,0.25,42,hard_learned,0.0
saturation,laplace,0.25,42,soft_gaussian,0.040000000000000036
saturation,laplace,0.25,42,soft_student_t,0.0
saturation,student_t3,0.1,11,oracle_squared,0.09333333333333338
saturation,student_t3,0.1,11,oracle_lrt,0.040000000000000036
saturation,student_t3,0.1,11,mechanism_kmeans,0.08666666666666667
saturation,student_t3,0.1,11,hard_huber,0.033333333333333326
saturation,student_t3,0.1,11,hard_squared,0.09333333333333338
saturation,student_t3,0.1,11,hard_cauchy,0.033333333333333326
saturation,student_t3,0.1,11,hard_tukey,0.026666666666666616
saturation,student_t3,0.1,11,hard_student_t,0.033333333333333326
saturation,student_t3,0.1,11,hard_learned,0.033333333333333326
saturation,student_t3,0.1,11,soft_gaussian,0.45333333333333337
saturation,student_t3,0.1,11,soft_student_t,0.040000000000000036
saturation,student_t3,0.1,23,oracle_squared,0.07333333333333336
saturation,student_t3,0.1,23,oracle_lrt,0.040000000000000036
saturation,student_t3,0.1,23,mechanism_kmeans,0.07999999999999996
saturation,student_t3,0.1,23,hard_huber,0.046666666666666634
saturation,student_t3,0.1,23,hard_squared,0.07333333333333336
saturation,student_t3,0.1,23,hard_cauchy,0.046666666666666634
saturation,student_t3,0.1,23,hard_tukey,0.040000000000000036
saturation,student_t3,0.1,23,hard_student_t,0.046666666666666634
saturation,student_t3,0.1,23,hard_learned,0.040000000000000036
saturation,student_t3,0.1,23,soft_gaussian,0.5
saturation,student_t3,0.1,23,soft_student_t,0.046666666666666634
saturation,student_t3,0.1,42,oracle_squared,0.10666666666666669
saturation,student_t3,0.1,42,oracle_lrt,0.046666666666666634
saturation,student_t3,0.1,42,mechanism_kmeans,0.10666666666666669
saturation,student_t3,0.1,42,hard_huber,0.033333333333333326
saturation,student_t3,0.1,42,hard_squared,0.10666666666666669
saturation,student_t3,0.1,42,hard_cauchy,0.040000000000000036
saturation,student_t3,0.1,42,hard_tukey,0.053333333333333344
saturation,student_t3,0.1,42,hard_student_t,0.040000000000000036
saturation,student_t3,0.1,42,hard_learned,0.040000000000000036
saturation,student_t3,0.1,42,soft_gaussian,0.4066666666666666
saturation,student_t3,0.1,42,soft_student_t,0.040000000000000036
saturation,student_t3,0.25,11,oracle_squared,0.026666666666666616
saturation,student_t3,0.25,11,oracle_lrt,0.0
saturation,student_t3,0.25,11,mechanism_kmeans,0.033333333333333326
saturation,student_t3,0.25,11,hard_huber,0.0
saturation,student_t3,0.25,11,hard_squared,0.040000000000000036
saturation,student_t3,0.25,11,hard_cauchy,0.0
saturation,student_t3,0.25,11,hard_tukey,0.0
saturation,student_t3,0.25,11,hard_student_t,0.0
saturation,student_t3,0.25,11,hard_learned,0.0
saturation,student_t3,0.25,11,soft_gaussian,0.07999999999999996
saturation,student_t3,0.25,11,soft_student_t,0.0
saturation,student_t3,0.25,23,oracle_squared,0.020000000000000018
saturation,student_t3,0.25,23,oracle_lrt,0.0
saturation,student_t3,0.25,23,mechanism_kmeans,0.020000000000000018
saturation,student_t3,0.25,23,hard_huber,0.0
saturation,student_t3,0.25,23,hard_squared,0.026666666666666616
saturation,student_t3,0.25,23,hard_cauchy,0.0
saturation,student_t3,0.25,23,hard_tukey,0.0
saturation,student_t3,0.25,23,hard_student_t,0.0
saturation,student_t3,0.25,23,hard_learned,0.0
saturation,student_t3,0.25,23,soft_gaussian,0.5
saturation,student_t3,0.25,23,soft_student_t,0.0
saturation,student_t3,0.25,42,oracle_squared,0.026666666666666616
saturation,student_t3,0.25,42,oracle_lrt,0.0
saturation,student_t3,0.25,42,mechanism_kmeans,0.020000000000000018
saturation,student_t3,0.25,42,hard_huber,0.0
saturation,student_t3,0.25,42,hard_squared,0.020000000000000018
saturation,student_t3,0.25,42,hard_cauchy,0.0
saturation,student_t3,0.25,42,hard_tukey,0.0
saturation,student_t3,0.25,42,hard_student_t,0.0
saturation,student_t3,0.25,42,hard_learned,0.0
saturation,student_t3,0.25,42,soft_gaussian,0.06666666666666665
saturation,student_t3,0.25,42,soft_student_t,0.0
saturation,contaminated_10,0.1,11,oracle_squared,0.09999999999999998
saturation,contaminated_10,0.1,11,oracle_lrt,0.0
saturation,contaminated_10,0.1,11,mechanism_kmeans,0.09333333333333338
saturation,contaminated_10,0.1,11,hard_huber,0.0
saturation,contaminated_10,0.1,11,hard_squared,0.09999999999999998
saturation,contaminated_10,0.1,11,hard_cauchy,0.0
saturation,contaminated_10,0.1,11,hard_tukey,0.0
saturation,contaminated_10,0.1,11,hard_student_t,0.0
saturation,contaminated_10,0.1,11,hard_learned,0.0
saturation,contaminated_10,0.1,11,soft_gaussian,0.5
saturation,contaminated_10,0.1,11,soft_student_t,0.0
saturation,contaminated_10,0.1,23,oracle_squared,0.12
saturation,contaminated_10,0.1,23,oracle_lrt,0.0
saturation,contaminated_10,0.1,23,mechanism_kmeans,0.1333333333333333
saturation,contaminated_10,0.1,23,hard_huber,0.0
saturation,contaminated_10,0.1,23,hard_squared,0.1333333333333333
saturation,contaminated_10,0.1,23,hard_cauchy,0.0
saturation,contaminated_10,0.1,23,hard_tukey,0.0
saturation,contaminated_10,0.1,23,hard_student_t,0.0
saturation,contaminated_10,0.1,23,hard_learned,0.0
saturation,contaminated_10,0.1,23,soft_gaussian,0.4866666666666667
saturation,contaminated_10,0.1,23,soft_student_t,0.0
saturation,contaminated_10,0.1,42,oracle_squared,0.08666666666666667
saturation,contaminated_10,0.1,42,oracle_lrt,0.0
saturation,contaminated_10,0.1,42,mechanism_kmeans,0.1266666666666667
saturation,contaminated_10,0.1,42,hard_huber,0.0
saturation,contaminated_10,0.1,42,hard_squared,0.12
saturation,contaminated_10,0.1,42,hard_cauchy,0.0
saturation,contaminated_10,0.1,42,hard_tukey,0.0
saturation,contaminated_10,0.1,42,hard_student_t,0.0
saturation,contaminated_10,0.1,42,hard_learned,0.0
saturation,contaminated_10,0.1,42,soft_gaussian,0.42666666666666664
saturation,contaminated_10,0.1,42,soft_student_t,0.0
saturation,contaminated_10,0.25,11,oracle_squared,0.013333333333333308
saturation,contaminated_10,0.25,11,oracle_lrt,0.0
saturation,contaminated_10,0.25,11,mechanism_kmeans,0.026666666666666616
saturation,contaminated_10,0.25,11,hard_huber,0.0
saturation,contaminated_10,0.25,11,hard_squared,0.026666666666666616
saturation,contaminated_10,0.25,11,hard_cauchy,0.0
saturation,contaminated_10,0.25,11,hard_tukey,0.0
saturation,contaminated_10,0.25,11,hard_student_t,0.0
saturation,contaminated_10,0.25,11,hard_learned,0.0
saturation,contaminated_10,0.25,11,soft_gaussian,0.5
saturation,contaminated_10,0.25,11,soft_student_t,0.0
saturation,contaminated_10,0.25,23,oracle_squared,0.040000000000000036
saturation,contaminated_10,0.25,23,oracle_lrt,0.0
saturation,contaminated_10,0.25,23,mechanism_kmeans,0.040000000000000036
saturation,contaminated_10,0.25,23,hard_huber,0.0
saturation,contaminated_10,0.25,23,hard_squared,0.040000000000000036
saturation,contaminated_10,0.25,23,hard_cauchy,0.0
saturation,contaminated_10,0.25,23,hard_tukey,0.0
saturation,contaminated_10,0.25,23,hard_student_t,0.0
saturation,contaminated_10,0.25,23,hard_learned,0.0
saturation,contaminated_10,0.25,23,soft_gaussian,0.4933333333333333
saturation,contaminated_10,0.25,23,soft_student_t,0.0
saturation,contaminated_10,0.25,42,oracle_squared,0.013333333333333308
saturation,contaminated_10,0.25,42,oracle_lrt,0.0
saturation,contaminated_10,0.25,42,mechanism_kmeans,0.013333333333333308
saturation,contaminated_10,0.25,42,hard_huber,0.0
saturation,contaminated_10,0.25,42,hard_squared,0.013333333333333308
saturation,contaminated_10,0.25,42,hard_cauchy,0.0
saturation,contaminated_10,0.25,42,hard_tukey,0.0
saturation,contaminated_10,0.25,42,hard_student_t,0.0
saturation,contaminated_10,0.25,42,hard_learned,0.0
saturation,contaminated_10,0.25,42,soft_gaussian,0.3866666666666667
saturation,contaminated_10,0.25,42,soft_student_t,0.0
