noise,delta,matched_error,oracle_lrt,excess_over_lrt,eta,rank_in_noise
contaminated_10,1.0,0.0007407407407407455,0.0,0.0007407407407407455,7.599328862066583,1.0
contaminated_10,1.345,0.0007407407407407455,0.0,0.0007407407407407455,7.52450144531728,1.0
contaminated_10,1.5,0.0007407407407407455,0.0,0.0007407407407407455,7.393393068131306,1.0
contaminated_10,2.0,0.0007407407407407455,0.0,0.0007407407407407455,6.715434848136441,1.0
contaminated_10,3.0,0.0011111111111111122,0.0,0.0011111111111111122,5.11907257201084,5.0
contaminated_10,100.0,0.0574074074074074,0.0,0.0574074074074074,1.0,6.0
gaussian,1.0,0.05925925925925926,0.05037037037037037,0.00888888888888889,0.9031241548189554,6.0
gaussian,1.345,0.04888888888888888,0.05037037037037037,-0.0014814814814814933,0.9500002597028673,2.0
gaussian,1.5,0.04925925925925926,0.05037037037037037,-0.0011111111111111113,0.9642357653162608,4.0
gaussian,2.0,0.04740740740740741,0.05037037037037037,-0.002962962962962959,0.9897155897273135,1.0
gaussian,3.0,0.05037037037037037,0.05037037037037037,0.0,0.9995984137292142,5.0
gaussian,100.0,0.04925925925925925,0.05037037037037037,-0.0011111111111111183,1.0,3.0
laplace,1.0,0.03370370370370371,0.025185185185185185,0.008518518518518522,1.5027037969053822,1.0
laplace,1.345,0.0437037037037037,0.025185185185185185,0.018518518518518517,1.3954049402621596,3.0
laplace,1.5,0.04296296296296297,0.025185185185185185,0.01777777777777778,1.354709370200211,2.0
laplace,2.0,0.04925925925925926,0.025185185185185185,0.024074074074074074,1.248919900619295,4.0
laplace,3.0,0.0562962962962963,0.025185185185185185,0.031111111111111117,1.119997307461178,5.0
laplace,100.0,0.06740740740740742,0.025185185185185185,0.04222222222222223,1.0,6.0
student_t3,1.0,0.020740740740740744,0.01851851851851852,0.0022222222222222227,1.9606759172096178,3.0
student_t3,1.345,0.018518518518518528,0.01851851851851852,6.938893903907228e-18,1.8903084391528426,1.0
student_t3,1.5,0.018888888888888893,0.01851851851851852,0.0003703703703703716,1.8500887861595408,2.0
student_t3,2.0,0.021111111111111122,0.01851851851851852,0.002592592592592601,1.7176289525184565,4.0
student_t3,3.0,0.02814814814814817,0.01851851851851852,0.009629629629629648,1.5122614416940476,5.0
student_t3,100.0,0.05444444444444444,0.01851851851851852,0.03592592592592592,1.0,6.0
