loss,gap_bin,cells,within,median_abs_rel_gap,worst_abs_rel_gap,share_within
absolute,"(0.0, 0.1]",3,3,0.009123548004976289,0.013273470986524885,1.0
absolute,"(0.1, 0.25]",11,3,0.02688179008133893,0.04984981518333097,0.2727272727272727
absolute,"(0.25, 0.5]",14,0,0.08842929057350783,0.2174568042510125,0.0
absolute,"(0.5, inf]",32,4,0.3235739707927582,6.004400296484563,0.125
cauchy,"(0.0, 0.1]",3,3,0.00695280895489495,0.009276375352690434,1.0
cauchy,"(0.1, 0.25]",11,11,0.0020469329580363833,0.011198113715044724,1.0
cauchy,"(0.25, 0.5]",14,13,0.007941302358684916,0.07856399331392008,0.9285714285714286
cauchy,"(0.5, inf]",30,11,0.1617634630577782,4.3723825666054035,0.36666666666666664
huber,"(0.0, 0.1]",3,3,0.006532664962556505,0.008992850499725409,1.0
huber,"(0.1, 0.25]",11,11,0.002507184726261746,0.012068959955600018,1.0
huber,"(0.25, 0.5]",14,13,0.009859886052730651,0.05497870781711453,0.9285714285714286
huber,"(0.5, inf]",31,12,0.1531153972285669,6.896581016968969,0.3870967741935484
lrt,"(0.0, 0.1]",3,3,0.009711532489319564,0.013273470986524885,1.0
lrt,"(0.1, 0.25]",11,10,0.0041161328006705505,0.03744705033828078,0.9090909090909091
lrt,"(0.25, 0.5]",14,11,0.008917935790070223,0.17344732071171926,0.7857142857142857
lrt,"(0.5, inf]",29,9,0.2616960640670543,6.004400296484563,0.3103448275862069
squared,"(0.0, 0.1]",3,2,0.004981655631484682,0.02720676290558155,0.6666666666666666
squared,"(0.1, 0.25]",11,8,0.004094160716984967,0.05552572160164227,0.7272727272727273
squared,"(0.25, 0.5]",14,7,0.01733360242441966,0.12899014089465285,0.5
squared,"(0.5, inf]",42,10,0.1069974658869467,0.9422987803072733,0.23809523809523808
student_t,"(0.0, 0.1]",3,3,0.008404763975386115,0.009010251637941025,1.0
student_t,"(0.1, 0.25]",11,11,0.00328277252151979,0.011846998197782047,1.0
student_t,"(0.25, 0.5]",14,13,0.007951807121135128,0.0711268245837352,0.9285714285714286
student_t,"(0.5, inf]",30,11,0.17018758149123275,4.353816408991779,0.36666666666666664
tukey,"(0.0, 0.1]",3,3,0.008860481482875064,0.009472739893413636,1.0
tukey,"(0.1, 0.25]",11,11,0.0017640659398904949,0.013184619344643453,1.0
tukey,"(0.25, 0.5]",14,13,0.010441498084229185,0.06107600720556838,0.9285714285714286
tukey,"(0.5, inf]",30,13,0.1319216582312514,3.903201197029006,0.43333333333333335
