turbine,born_at,month,regime,ws_mean,ws_percentile,temp,streamed,final_regimes,buffered_share
1,2016-07-20 06:00:00,7,2,6.876346468925476,0.6692191986872692,25.122675524817573,,,
1,2016-11-25 12:00:00,11,3,8.885169982910156,0.8908792561192397,8.7538194126553,,,
1,2016-12-25 12:00:00,12,4,11.576996829774645,0.9854368932038835,12.994272708892822,,,
1,2017-05-24 00:00:00,5,5,6.488504333628549,0.6084370299466703,16.175208542082046,,,
1,,-1,-1,,,,2143.0,6.0,0.24731684554363043
2,2016-11-25 00:00:00,11,2,8.32144950495826,0.8446601941747572,5.901250044504802,,,
2,2016-12-24 12:00:00,12,3,11.726839807298449,0.9875564063995624,9.409791734483507,,,
2,2017-07-04 18:00:00,7,4,5.322619517644246,0.4057842198824012,19.02145830790202,,,
2,2017-11-29 06:00:00,11,5,9.22225350803799,0.913168330370573,3.064126445187463,,,
2,,-1,-1,,,,2139.0,6.0,0.08508648901355774
3,2016-07-21 18:00:00,7,2,5.437107261684206,0.42547518118419253,18.533541679382324,,,
3,,-1,-1,,,,2142.0,3.0,0.27170868347338933
4,2016-11-28 12:00:00,11,2,5.67316100332472,0.46998495829345,7.366944432258606,,,
4,2016-12-25 12:00:00,12,3,11.451909012264675,0.9843429509093395,12.870062218772041,,,
4,2017-06-21 18:00:00,6,4,6.352114001909892,0.5850540134007931,26.830485979715984,,,
4,2017-08-28 18:00:00,8,5,7.085328022638957,0.7013537535894981,21.870515452490913,,,
4,,-1,-1,,,,2146.0,6.0,0.24743709226467847
5,2016-12-26 00:00:00,12,2,8.44418199857076,0.8577191303158759,6.891805529594421,,,
5,2017-02-14 06:00:00,2,3,6.409992968334871,0.5957199507725968,2.565598789383383,,,
5,2017-05-25 18:00:00,5,4,6.080834653642443,0.5403391221113086,19.318263954586453,,,
5,2017-07-18 00:00:00,7,5,4.786951714091831,0.3125940106659374,17.211196157667374,,,
5,,-1,-1,,,,2136.0,6.0,0.20318352059925093
6,2016-08-11 06:00:00,8,2,6.165115965737237,0.5548338575140161,15.7394700050354,,,
6,2016-09-09 12:00:00,9,3,9.794512377844917,0.9420894297825789,20.59312497244941,,,
6,2016-12-15 12:00:00,12,4,6.182058493296306,0.5579105702174211,9.684444427490234,,,
6,2016-12-24 12:00:00,12,5,10.6501415570577,0.970531929440722,10.047847270965576,,,
6,2017-03-21 12:00:00,3,6,7.895122435357836,0.8007657596061808,8.744192295604282,,,
6,2017-04-05 18:00:00,4,7,6.1100700630082025,0.5453302338301654,9.251228941811455,,,
6,,-1,-1,,,,2120.0,8.0,0.040566037735849055
