design,kappa,rho,n0_star,n_star_measured,excess_fraction,predicted_excess,exact_at_n0,population_at_n0,jensen_holds,jensen_slack
linear,0.8,0.1,108.2217381638166,108.96535028729261,0.006871189985420464,0.006848057547340975,0.05075851046905238,0.05017412323114535,True,0.0005843872379070331
linear,0.8,0.25,43.28869526552664,44.04246745349824,0.017412679761957907,0.017120143868352436,0.0520681356647345,0.05056919189448526,True,0.001498943770249235
linear,0.8,0.5,21.64434763276332,22.40603420686109,0.03519101554924182,0.03424028773670487,0.05157869278583521,0.04862721421950163,True,0.0029514785663335846
linear,0.8,1.0,10.82217381638166,11.6027905131592,0.07213122890300558,0.06848057547340974,0.05472343708913968,0.04862721421950163,True,0.006096222869638054
linear,0.8,2.0,5.41108690819083,6.224914673710149,0.15040005443036178,0.1369611509468195,0.0712462882863314,0.056923149003329024,True,0.01432313928300237
sign,0.0,0.1,108.2217381638166,108.22186251212365,1.149014136749967e-06,0.0,0.050174123231145375,0.05017412323114535,True,2.7755575615628914e-17
sign,0.0,0.25,43.28869526552664,43.28906439168346,8.527079750385415e-06,0.0,0.050569191894485256,0.05056919189448526,True,-6.938893903907228e-18
sign,0.0,0.5,21.64434763276332,21.645180690342993,3.8488458687092027e-05,0.0,0.04862721421950159,0.04862721421950163,True,-3.469446951953614e-17
sign,0.0,1.0,10.82217381638166,10.823261252645652,0.00010048223974614391,0.0,0.048627214219501634,0.04862721421950163,True,6.938893903907228e-18
sign,0.0,2.0,5.41108690819083,5.414539594220529,0.0006380762475784088,0.0,0.05692314900332904,0.056923149003329024,True,1.3877787807814457e-17
quadratic,1.7777777777777777,0.1,108.2217381638166,109.86442071979725,0.015178859477327068,0.01521790566075772,0.05146396192496106,0.05017412323114535,True,0.0012898386938157147
quadratic,1.7777777777777777,0.25,43.28869526552664,44.96241539496035,0.03866413896670602,0.0380447641518943,0.053905920165150584,0.05056919189448526,True,0.0033367282706653206
quadratic,1.7777777777777777,0.5,21.64434763276332,23.3471057815274,0.07866987620299505,0.0760895283037886,0.055297189014449945,0.04862721421950163,True,0.006669974794948318
quadratic,1.7777777777777777,1.0,10.82217381638166,12.582519266966662,0.16266098479404797,0.1521790566075772,0.06269326627018444,0.04862721421950163,True,0.014066052050682815
quadratic,1.7777777777777777,2.0,5.41108690819083,7.264439077443744,0.3425101464268614,0.3043581132151544,0.09071129109380575,0.056923149003329024,True,0.03378814209047673
