rho,laws,h,accuracy,true_switches,alarms,missed,mean_delay,median_delay,predicted_delay_first_order
0.25,learned_laws,3.0,0.8285999999999999,107.33333333333333,259.0,10.333333333333334,14.92808162252912,11.666666666666666,24.0
0.25,learned_laws,5.0,0.8360500000000001,107.33333333333333,109.66666666666667,14.333333333333334,26.660040583338073,22.0,40.0
0.25,learned_laws,8.0,0.7821166666666667,107.33333333333333,63.333333333333336,23.333333333333332,41.21783382036191,38.0,64.0
0.25,true_laws,3.0,0.8587333333333333,107.33333333333333,205.66666666666666,9.0,16.12014294688056,12.333333333333334,24.0
0.25,true_laws,5.0,0.8569,107.33333333333333,89.0,15.666666666666666,26.03556137593854,22.333333333333332,40.0
0.25,true_laws,8.0,0.7879666666666667,107.33333333333333,64.0,22.333333333333332,41.797383802596016,41.333333333333336,64.0
1.0,learned_laws,3.0,0.92815,100.33333333333333,354.0,2.3333333333333335,5.885470085470086,5.0,6.0
1.0,learned_laws,5.0,0.9473833333333334,100.33333333333333,127.33333333333333,3.0,9.539476417053736,8.333333333333334,10.0
1.0,learned_laws,8.0,0.93145,100.33333333333333,90.66666666666667,5.666666666666667,14.57813371583393,13.333333333333334,16.0
1.0,true_laws,3.0,0.9326333333333333,100.33333333333333,326.0,2.0,6.009197002458458,5.333333333333333,6.0
1.0,true_laws,5.0,0.9469166666666666,100.33333333333333,120.66666666666667,3.0,10.00524904648616,8.666666666666666,10.0
1.0,true_laws,8.0,0.9294833333333333,100.33333333333333,88.0,7.0,14.836206896551724,13.666666666666666,16.0
