window_len,n_regimes,median_us,p95_us,windows_per_s,estimator
16,2,411.20851528830826,547.6419493788854,2431.856254968056,OnlineLRDSR.partial_fit
16,4,465.6454984797165,562.9288323689253,2147.5564635863434,OnlineLRDSR.partial_fit
16,8,618.7084945850074,889.8711341316814,1616.2700346804518,OnlineLRDSR.partial_fit
32,2,341.9999993639067,451.55385596444836,2923.976613625503,OnlineLRDSR.partial_fit
32,4,444.645993411541,857.1476035285743,2248.9801208541476,OnlineLRDSR.partial_fit
32,8,608.5415079724044,652.9443373437971,1643.27328029257,OnlineLRDSR.partial_fit
64,2,345.18749453127384,362.88749834056944,2896.976326902829,OnlineLRDSR.partial_fit
64,4,431.9584841141477,446.75624812953174,2315.0372935741293,OnlineLRDSR.partial_fit
64,8,615.3124995762482,650.4756485810503,1625.1904531253263,OnlineLRDSR.partial_fit
128,2,357.0419939933345,368.5461575514637,2800.790990481273,OnlineLRDSR.partial_fit
128,4,448.0205097934231,460.0934131303802,2232.040672560031,OnlineLRDSR.partial_fit
128,8,645.5414986703545,919.6788698318414,1549.0870874447835,OnlineLRDSR.partial_fit
1,2,6.86972080002306,,145566.32345184148,CusumSegmenter (per sample)
