stream,amplitude,novelty_alpha,novelty_patience,rho_newcomer,mean_births,mean_false_births,frac_born,frac_born_is_newcomer,predicted_power,predicted_delay_newcomer_windows,mean_birth_delay_newcomer_windows,mean_birth_delay_windows,mean_error,mean_error_after_birth,mean_unassigned
control,,0.0001,3,,0.0,0.0,,,,,,,0.0011111111111110998,,0.0
control,,0.0001,6,,0.0,0.0,,,,,,,0.0011111111111110998,,0.0
control,,0.001,3,,0.0,0.0,,,,,,,0.0022222222222221997,,0.3333333333333333
control,,0.001,6,,0.0,0.0,,,,,,,0.0022222222222221997,,0.3333333333333333
control,,0.01,3,,0.0,0.0,,,,,,,0.015555555555555581,,4.333333333333333
control,,0.01,6,,0.0,0.0,,,,,,,0.015555555555555581,,4.333333333333333
newcomer,1.0,0.0001,3,0.24507255526291555,0.0,0.0,0.0,0.0,0.003839896252933816,781.2711079649338,,,0.22111111111111112,,0.0
newcomer,1.0,0.0001,6,0.24507255526291555,0.0,0.0,0.0,0.0,0.003839896252933816,1562.5422159298676,,,0.22111111111111112,,0.0
newcomer,1.0,0.001,3,0.24507255526291555,0.0,0.0,0.0,0.0,0.019300203737470913,155.4387736423511,,,0.2222222222222222,,0.3333333333333333
newcomer,1.0,0.001,6,0.24507255526291555,0.0,0.0,0.0,0.0,0.019300203737470913,310.8775472847022,,,0.2222222222222222,,0.3333333333333333
newcomer,1.0,0.01,3,0.24507255526291555,0.6666666666666666,0.0,0.6666666666666666,0.6666666666666666,0.08953630446720748,33.505961831368026,29.5,92.0,0.22555555555555554,0.32879570747217807,3.3333333333333335
newcomer,1.0,0.01,6,0.24507255526291555,0.0,0.0,0.0,0.0,0.08953630446720748,67.01192366273605,,,0.23,,4.333333333333333
newcomer,2.0,0.0001,3,0.4042444128818122,0.0,0.0,0.0,0.0,0.016774937538773484,178.83822178567397,,,0.2222222222222222,,0.0
newcomer,2.0,0.0001,6,0.4042444128818122,0.0,0.0,0.0,0.0,0.016774937538773484,357.67644357134793,,,0.2222222222222222,,0.0
newcomer,2.0,0.001,3,0.4042444128818122,0.3333333333333333,0.0,0.3333333333333333,0.3333333333333333,0.0620569728872052,48.34267384348254,21.0,53.0,0.19000000000000003,0.07857142857142863,1.6666666666666667
newcomer,2.0,0.001,6,0.4042444128818122,0.0,0.0,0.0,0.0,0.0620569728872052,96.68534768696507,,,0.22444444444444445,,2.3333333333333335
newcomer,2.0,0.01,3,0.4042444128818122,0.6666666666666666,0.0,0.6666666666666666,0.6666666666666666,0.20454372241161844,14.66679086812979,24.5,68.5,0.17888888888888888,0.12895139952652834,6.333333333333333
newcomer,2.0,0.01,6,0.4042444128818122,0.6666666666666666,0.0,0.6666666666666666,0.6666666666666666,0.20454372241161844,29.33358173625958,39.5,119.0,0.1988888888888889,0.13700838168923274,7.0
newcomer,4.0,0.0001,3,1.2149493571750083,1.0,0.0,1.0,1.0,0.4838938556599412,6.199706743348824,3.6666666666666665,9.333333333333334,0.010000000000000009,0.0017094017094017033,2.0
newcomer,4.0,0.0001,6,1.2149493571750083,1.0,0.0,1.0,1.0,0.4838938556599412,12.399413486697648,9.0,28.333333333333332,0.027777777777777752,0.0017361111111111234,5.0
newcomer,4.0,0.001,3,1.2149493571750083,1.0,0.0,1.0,1.0,0.7000754415704861,4.285252448321956,3.3333333333333335,9.0,0.00888888888888891,0.0017094017094017033,2.0
newcomer,4.0,0.001,6,1.2149493571750083,1.0,0.0,1.0,1.0,0.7000754415704861,8.570504896643913,7.0,20.0,0.02111111111111112,0.0017361111111111234,5.0
newcomer,4.0,0.01,3,1.2149493571750083,1.0,0.0,1.0,1.0,0.8862847145384393,3.3849167776320557,3.0,2.6666666666666665,0.015555555555555545,0.013675303586938322,4.333333333333333
newcomer,4.0,0.01,6,1.2149493571750083,1.0,0.0,1.0,1.0,0.8862847145384393,6.769833555264111,6.333333333333333,15.0,0.026666666666666655,0.01416624536568926,7.333333333333333
newcomer,6.0,0.0001,3,2.682135940208742,1.0,0.0,1.0,1.0,0.9956323561443404,3.0131604115576565,3.0,5.333333333333333,0.00777777777777781,0.001700680272108827,2.0
newcomer,6.0,0.0001,6,2.682135940208742,1.0,0.0,1.0,1.0,0.9956323561443404,6.026320823115313,6.0,10.666666666666666,0.01777777777777782,0.0017636684303351153,5.0
newcomer,6.0,0.001,3,2.682135940208742,1.0,0.0,1.0,1.0,0.9992432330578136,3.002272020216351,3.0,5.333333333333333,0.010000000000000045,0.003401360544217691,2.6666666666666665
newcomer,6.0,0.001,6,2.682135940208742,1.0,0.0,1.0,1.0,0.9992432330578136,6.004544040432702,5.666666666666667,10.0,0.018888888888888917,0.003490401396160562,5.333333333333333
newcomer,6.0,0.01,3,2.682135940208742,1.0,0.0,1.0,1.0,0.9999370612481038,3.000188828140296,3.0,5.333333333333333,0.028888888888888926,0.020860548238886834,8.333333333333334
newcomer,6.0,0.01,6,2.682135940208742,1.0,0.0,1.0,1.0,0.9999370612481038,6.000377656280592,5.333333333333333,9.0,0.033333333333333326,0.01600264514749683,9.666666666666666
