seed,arm,forgetting,updates,error,error_second_half,error_f0_second_half,tracking_rmse,tracking_rmse_second_half
11,frozen,1.0,False,0.27749999999999997,0.44499999999999995,1.0,3.0003200873349325,4.494594808821592
11,lambda=1,1.0,True,0.16249999999999998,0.30000000000000004,0.6741573033707865,1.9500943512822198,2.955271803477345
11,lambda=0.98,0.98,True,0.0050000000000000044,0.0050000000000000044,0.011235955056179803,1.0880187245082975,1.4301327775450863
11,lambda=0.95,0.95,True,0.0,0.0,0.0,0.5760453291011204,0.6470712264351418
23,frozen,1.0,False,0.2825,0.46499999999999997,0.9893617021276596,2.9745853792742754,4.466067862879353
23,lambda=1,1.0,True,0.15249999999999997,0.28500000000000003,0.6063829787234043,1.934955532352243,2.909044796483737
23,lambda=0.98,0.98,True,0.0,0.0,0.0,1.0561335783810717,1.3764950801781897
23,lambda=0.95,0.95,True,0.0,0.0,0.0,0.5682854818310399,0.6530250046548189
42,frozen,1.0,False,0.29500000000000004,0.49,1.0,3.066333269201796,4.562079979473854
42,lambda=1,1.0,True,0.0625,0.10499999999999998,0.2142857142857143,1.7828076592600592,2.5791758356616286
42,lambda=0.98,0.98,True,0.0,0.0,0.0,1.0160966549327997,1.253892183075623
42,lambda=0.95,0.95,True,0.0,0.0,0.0,0.5471926807284426,0.5560756805118168
