seed,rho,laws,h,accuracy,true_switches,alarms,missed,mean_delay,median_delay,predicted_delay_first_order
11,0.25,true_laws,3.0,0.85055,105,203,8,18.762886597938145,14.0,24.0
11,0.25,true_laws,5.0,0.84705,105,91,13,29.42391304347826,26.0,40.0
11,0.25,true_laws,8.0,0.7701,105,67,20,45.411764705882355,45.0,64.0
11,0.25,learned_laws,3.0,0.8391,105,290,6,14.868686868686869,11.0,24.0
11,0.25,learned_laws,5.0,0.85485,105,112,12,25.236559139784948,21.0,40.0
11,0.25,learned_laws,8.0,0.80005,105,74,16,39.21348314606742,33.0,64.0
11,1.0,true_laws,3.0,0.93495,91,322,0,5.758241758241758,5.0,6.0
11,1.0,true_laws,5.0,0.94725,91,128,0,10.010989010989011,9.0,10.0
11,1.0,true_laws,8.0,0.9337,91,84,4,15.425287356321839,14.0,16.0
11,1.0,learned_laws,3.0,0.92765,91,390,0,5.4945054945054945,4.0,6.0
11,1.0,learned_laws,5.0,0.9496,91,140,0,9.021978021978022,8.0,10.0
11,1.0,learned_laws,8.0,0.93795,91,88,2,14.606741573033707,13.0,16.0
23,0.25,true_laws,3.0,0.8699,116,198,11,13.619047619047619,10.0,24.0
23,0.25,true_laws,5.0,0.8501,116,98,16,25.49,19.0,40.0
23,0.25,true_laws,8.0,0.7765,116,67,25,41.879120879120876,40.0,64.0
23,0.25,learned_laws,3.0,0.8331,116,292,9,11.962616822429906,9.0,24.0
23,0.25,learned_laws,5.0,0.8432,116,124,11,24.99047619047619,19.0,40.0
23,0.25,learned_laws,8.0,0.78305,116,67,25,39.64835164835165,39.0,64.0
23,1.0,true_laws,3.0,0.9304,109,327,3,6.5754716981132075,6.0,6.0
23,1.0,true_laws,5.0,0.94285,109,121,5,10.076923076923077,9.0,10.0
23,1.0,true_laws,8.0,0.92365,109,93,9,14.75,14.0,16.0
23,1.0,learned_laws,3.0,0.9281,109,311,4,6.733333333333333,6.0,6.0
23,1.0,learned_laws,5.0,0.94195,109,123,5,10.163461538461538,9.0,10.0
23,1.0,learned_laws,8.0,0.92325,109,95,8,15.0,14.0,16.0
42,0.25,true_laws,3.0,0.85575,101,216,8,15.978494623655914,13.0,24.0
42,0.25,true_laws,5.0,0.87355,101,78,18,23.19277108433735,22.0,40.0
42,0.25,true_laws,8.0,0.8173,101,58,22,38.10126582278481,39.0,64.0
42,0.25,learned_laws,3.0,0.8136,101,195,16,17.95294117647059,15.0,24.0
42,0.25,learned_laws,5.0,0.8101,101,93,20,29.753086419753085,26.0,40.0
42,0.25,learned_laws,8.0,0.76325,101,49,29,44.791666666666664,42.0,64.0
42,1.0,true_laws,3.0,0.93255,101,329,3,5.6938775510204085,5.0,6.0
42,1.0,true_laws,5.0,0.95065,101,113,4,9.927835051546392,8.0,10.0
42,1.0,true_laws,8.0,0.9311,101,87,8,14.333333333333334,13.0,16.0
42,1.0,learned_laws,3.0,0.9287,101,361,3,5.428571428571429,5.0,6.0
42,1.0,learned_laws,5.0,0.9506,101,119,4,9.43298969072165,8.0,10.0
42,1.0,learned_laws,8.0,0.93315,101,89,7,14.127659574468085,13.0,16.0
